prolific_participant_id,bonus,bonus_no_cap
5ed377271691ea000c548cb0,1.2,1.2
5f4ad685a1429a13599bfb44,0.0,0.0
60fcc12288836b0bb8b0c26a,0.8,0.8
60933b9fff3844187b5a91c8,1.55,1.55
5e53f169e6ef3b3f14d0c0f9,1.65,1.65
5b37f1837bc6be00010c9657,0.0,-0.1
5f13b237c08bc13e4ef2e760,0.0,-0.15
610777877c957a4e38c46b97,0.55,0.55
5ef4db1a45dfc00e117b2a54,0.2,0.2
5f2016b023978b04f9679bec,0.85,0.85
5dedf0483711364928753ecd,0.8,0.8
5f413867991f880a34f5b28d,0.7,0.7
613aa658cf120c357fba7dd6,0.0,-0.7
5a219133b4665b00011fd87a,0.25,0.25
5e72411d49bb4816bd49d0fc,0.0,-0.1
60fdc7da8ad717ec047b2b47,0.45,0.45
61119add8a41b7a570c9b3dc,0.75,0.75
5ddd675deb3973cbee9e415c,0.3,0.3
5fa47206439f3f0f2be27a1a,0.4,0.4
60fd09b54618c420588b2e8e,0.6,0.6
5d7fdfd7d8e176001983ffa2,0.4,0.4
60f1cac9f1a5ce9bbd69b2c9,1.65,1.65
6042d4d08ec254253f0865b8,0.35,0.35
611127b05041268a0df21f5a,2.25,2.25
60719a0a6d49b6b7788b66e6,0.0,-0.65
5be9fd84271bf10001525264,0.0,-0.75
61077d9bca467a00ea31fc27,0.0,-0.0
5f24891abbc6190706421642,0.6,0.6
6107509f971230ba937572de,0.0,-0.05
61095a40919bbd3c8637052e,0.65,0.65
5e1d0bdfdc1a170a132a6980,0.55,0.55
599b15bcd0bcd10001dd92d8,1.4,1.4
5dbd7193e8add82b72d795f2,0.15,0.15
5d41aa9ec61bc300012c73f6,1.7,1.7
5f877e0715f8781a0c7c3ab8,0.15,0.15
600f4361d8ad4b1021236a24,1.25,1.25
5f945caeb7b9c1278583562a,0.0,-0.4
60abdecc1f72cc730afbac0c,1.05,1.05
5ca25f7048f78e0018fdac10,0.0,-0.55
61468ff7596b0a22cd81ce36,0.0,-0.65
5ef90b249bafa50a311593ae,0.2,0.2
5dcc27974b54778b69e62ec5,0.45,0.45
5fefffa584b3a9399f70bb92,0.0,-0.55
55ea70c37480920010aa9982,0.6,0.6
5f06828a437e3d1db0526cae,1.6,1.6
61128556aa03f1b85033bb0d,0.75,0.75
55a43278fdf99b02ff6caf89,1.0,1.0
60fd977ed7a1fb5b4087448d,0.55,0.55
5cab4ce7fc216d0016162830,0.4,0.4
5a33d736bf4d770001e6097a,0.85,0.85
60b7b8126c0c4524e913236e,0.1,0.1
59949236c825cf0001d7dcdc,0.0,-0.45
60fdea4987e386fb2738b8b5,1.45,1.45
60fd8e4407065c93f23a5f84,0.5,0.5
5f4c4dd50a92c286c1972f06,1.0,1.0
5bcbeeee32e46700016f1a2f,0.0,-0.65
6171defc07bf6a59a4b3c3c9,0.25,0.25
6109bfaab0d18558786ad1b1,0.0,-0.65
6108b317855b3eb7cd588352,0.4,0.4
603571cbdf8d0bf965e4ee81,2.25,2.25
60d2b326161a622cd363268a,0.25,0.25
60fedf190a70c073469169b6,1.35,1.35
614e95675520cef57c277957,1.45,1.45
5f179fae1cdb37020de33e93,1.4,1.4
5f3173336c83f90125620a7d,0.55,0.55
5bb09ecf6322c50001584d36,0.0,-0.3
5ea85186f0ff072868214252,0.55,0.55
60fcd151a24a2b0184325008,0.0,-0.25
60bfa4efac82fd3beade07ad,0.1,0.1
60fd25440798968879706a0a,0.35,0.35
5e89d0a17ec160000888ee98,0.5,0.5
616b17b1354b58fbf4908d4c,0.45,0.45
55eb04337480920010aa9e0d,0.6,0.6
5c4783b51d1ad90001228d05,1.25,1.25
5cab6f4962c2a80001ca3efd,0.6,0.6
5efb85865214c00f3f582de1,0.05,0.05
61084518355f1647cf787f55,0.25,0.25
5bbfeaeb785edb0001fac427,0.65,0.65
60ded53d38608c2fa0d1ac4f,0.0,-0.25
606ecffc8d2069e8e68bda5d,0.65,0.65
607cd757e69cccc984870c7e,0.7,0.7
60c80c19de11452191e78dd5,0.0,-0.05
61704083d4bedcf448b1acb0,0.6,0.6
5ac50d5ea3ba7a0001b4a4be,0.85,0.85
5ab9d6b0e734400001d9b76a,0.3,0.3
6101fb36eedcf889ab8d41a7,0.95,0.95
61003e2e868b9f0159c3bd92,1.05,1.05
5f485110eae1181f66370df8,0.5,0.5
5c89b77c65b4d70001b40ac3,0.0,-0.25
5f5586b98c148616976b715a,1.1,1.1
5bf85ab2f2210900011995fc,0.65,0.65
56d1083921cd29000a97382d,1.7,1.7
614a6f7ffd2215aa0300996e,0.75,0.75
612eca61a5472418399ef588,1.45,1.45
5ef937f1ca998b000ca8c947,0.0,0.0
5c2789fc1694480001e4c4e3,0.0,-0.25
5f2ddeae9dfd7a132a7f4ae8,0.85,0.85
58b59f8ab3ae2f0001d349c8,0.05,0.05
610814cc054d91bab7257c80,0.1,0.1
