P(y|x),P(y|x'),P(y|do(x)),P(y|do(x')),benefit,lowerbound,upperbound,p_alwaystaker,p_complier,p_defier,p_nevertaker
1.0,0.0,0.5,0.4,0.5,0.49999999999999983,0.49999999999999983,0.4,0.1,0.0,0.5
0.0,1.0,0.5,0.5,-0.5,-0.5,-0.5,0.5,0.0,0.0,0.5
1.0,0.0,0.5,0.5,-0.5,-0.5,-0.5,0.5,0.0,0.0,0.5
1.0,1.0,0.5,0.5,-5.5,-5.5,-5.5,0.0,0.5,0.5,0.0
0.0,0.0,0.5,0.4,-3.5,-3.500000000000001,-3.500000000000001,0.0,0.5,0.4,0.09999999999999998
0.0,0.0,0.5,0.5,-5.5,-5.5,-5.5,0.0,0.5,0.5,0.0
0.2,0.0,0.6,0.5,-3.5,-3.5,-3.5,0.09999999999999998,0.5,0.4,0.0
0.2,1.0,0.6,0.5,0.5,0.5,0.5,0.5,0.1,0.0,0.4
1.0,0.0,0.6,0.5,0.5,0.5,0.5,0.5,0.1,0.0,0.4
1.0,1.0,0.6,0.5,-3.5,-3.5,-3.5,0.09999999999999998,0.5,0.4,0.0
0.2,0.0,0.6,0.4,-2.0,-2.5,-1.5000000000000009,0.04999999999999993,0.55,0.35,0.04999999999999993
1.0,0.0,0.6,0.4,1.5,1.4999999999999998,1.4999999999999998,0.39999999999999997,0.2,0.0,0.39999999999999997
0.4,0.0,0.7,0.5,-1.5,-1.5,-1.5,0.19999999999999996,0.5,0.3,0.0
0.4,1.0,0.7,0.5,1.5,1.5,1.5,0.49999999999999994,0.2,0.0,0.3
1.0,0.0,0.7,0.5,1.5,1.5,1.5,0.49999999999999994,0.2,0.0,0.3
1.0,1.0,0.7,0.5,-1.5,-1.5,-1.5,0.19999999999999996,0.5,0.3,0.0
0.0,0.0,0.5,0.3,-1.5,-1.4999999999999996,-1.4999999999999996,0.0,0.5,0.3,0.19999999999999996
1.0,0.0,0.5,0.3,1.5,1.5,1.5,0.3,0.2,0.0,0.49999999999999994
0.0,0.0,0.5,0.2,0.5,0.49999999999999944,0.49999999999999944,0.0,0.5,0.2,0.30000000000000004
1.0,0.0,0.5,0.2,2.5,2.5,2.5,0.2,0.3,0.0,0.5
1.0,0.0,0.7,0.3,3.5,3.5,3.5,0.29999999999999993,0.4,0.0,0.29999999999999993
1.0,0.6,0.7,0.3,1.5,0.5000000000000009,2.5,0.09999999999999998,0.6,0.2,0.09999999999999998
