workerid,proliferate.condition,always,compliers,defiers,flyer,never,rt,time_elapsed,trial,trial_index,error
1488,experimental_left,35,45,10,1,10,72429.79999995232,525591,1,8,
1488,experimental_left,25,0,50,0,25,54193.69999998808,597335,2,12,
1488,experimental_left,45,35,0,1,20,44281,649906,21,15,
1488,experimental_left,20,10,0,0,70,38765.5,692081,5,17,
1488,experimental_left,70,0,0,0,30,25703.10000002384,721892,4,19,
1488,experimental_left,70,10,0,0,20,103940.90000003576,829189,10,21,
1488,experimental_left,30,60,0,1,10,29649,861451,20,23,
1488,experimental_left,20,20,0,1,60,39226.30000001192,905152,11,25,
1488,experimental_left,50,20,0,0,30,48535.19999998808,956520,9,27,
1488,experimental_left,40,30,0,1,30,30284.5,988753,12,29,
1488,experimental_left,50,20,0,1,30,43041.80000001192,1034486,3,31,
1488,experimental_left,20,10,0,0,70,34129.19999998808,1070733,17,33,
1488,experimental_left,10,15,0,0,75,34977,1107658,19,35,
1488,experimental_left,40,30,0,1,30,76760.79999995232,1187188,18,37,
1488,experimental_left,30,10,30,0,30,48868.59999996424,1237246,8,39,
1488,experimental_left,30,30,0,1,40,19861.099999964237,1258463,13,41,
1488,experimental_left,40,20,0,0,40,29391.89999997616,1289202,7,43,
1488,experimental_left,50,0,0,0,50,15280.899999976158,1306253,6,45,
1488,experimental_left,30,20,20,0,30,27190.10000002384,1335926,14,47,
1488,experimental_left,70,10,0,0,20,25675.099999964237,1362798,16,49,
1488,experimental_left,40,30,0,1,30,17693,1382653,15,51,
1488,experimental_left,50,20,0,1,30,25673.5,1410412,22,53,
1472,experimental_left,50,50,0,1,0,81861.70000004768,1306862,1,8,
1472,experimental_left,25,25,25,0,25,77419.30000007153,1450377,2,12,
1472,experimental_left,20,70,5,1,5,79154.39999997616,1544617,14,15,
1472,experimental_left,0,50,50,0,0,46980.70000004768,1603048,4,17,
1472,experimental_left,5,40,50,1,5,62043.39999997616,1684451,8,19,
1472,experimental_left,15,70,15,1,0,76680.10000002384,1775482,21,21,
1472,experimental_left,50,0,0,0,50,100639.20000004768,1892294,6,23,
1472,experimental_left,25,25,50,1,0,57418.39999997616,1960234,3,25,
1472,experimental_left,50,0,50,0,0,59414.70000004768,2026605,10,27,
1472,experimental_left,20,60,10,1,10,55932.89999997616,2089473,13,29,
1472,experimental_left,40,20,0,0,40,93726.59999990465,2189221,5,31,
1472,experimental_left,0,10,40,0,50,73462.5,2269722,9,33,
1472,experimental_left,20,60,0,1,20,87360.70000004768,2360373,7,35,
1472,experimental_left,20,60,0,1,20,66590.60000002384,2430302,11,37,
1472,experimental_left,20,30,30,0,20,60323.10000002384,2493142,20,39,
1472,experimental_left,15,50,20,1,15,89602.79999995232,2587866,16,41,
1472,experimental_left,15,70,15,0,0,84796.10000002384,2678097,15,43,
1472,experimental_left,10,30,50,0,10,48669.800000071526,2731920,18,45,
1472,experimental_left,40,30,15,0,15,49715.70000004768,2787585,22,47,
1472,experimental_left,20,20,40,0,20,57091.20000004768,2847881,12,49,
1472,experimental_left,30,20,20,1,30,70953.80000007153,2921611,19,51,
1472,experimental_left,25,50,0,1,25,60277.79999995232,2991483,17,53,
1433,experimental_left,15,60,0,1,25,576745.9000000358,1332265,1,8,
1433,experimental_left,25,50,5,0,20,70929.59999996424,1428992,2,12,
1433,experimental_left,5,10,5,0,80,245906.5,1678545,6,15,
1433,experimental_left,20,60,10,1,10,69926.89999997616,1756991,22,17,
1433,experimental_left,20,75,0,1,5,39589.5,1798307,16,19,
1433,experimental_left,30,50,10,1,10,96894.19999998808,1898164,14,21,
1433,experimental_left,35,45,5,0,15,110931.10000002384,2010453,18,23,
1433,experimental_left,25,45,5,0,25,48817.30000001192,2060424,12,25,
1433,experimental_left,20,10,5,0,65,58065.69999998808,2119705,7,27,
1433,experimental_left,10,15,15,0,60,28035.60000002384,2150299,17,29,
1433,experimental_left,15,55,10,1,20,34047.69999998808,2185970,8,31,
1433,experimental_left,15,25,15,0,45,44030.69999998808,2231091,13,33,
1433,experimental_left,70,10,10,1,10,38074.60000002384,2270531,4,35,
1433,experimental_left,20,50,10,1,20,179612.90000003576,2455773,9,37,
1433,experimental_left,20,50,10,1,20,25222,2482182,21,39,
1433,experimental_left,30,60,5,1,5,106018.69999998808,2589323,10,41,
1433,experimental_left,15,15,35,0,35,109642.40000003576,2701434,5,43,
1433,experimental_left,20,20,20,1,40,127763.89999997616,2830471,11,45,
1433,experimental_left,15,50,20,0,15,21419.69999998808,2853020,3,47,
1433,experimental_left,15,30,30,0,25,55418.5,2912739,20,49,
1433,experimental_left,20,45,20,1,15,26668.5,2940735,15,51,
1433,experimental_left,5,10,45,0,40,38912.10000002384,2980737,19,53,
1450,experimental_left,15,75,5,1,5,141103.5,772329,1,8,
1450,experimental_left,60,10,20,0,10,67438.5,895047,2,12,
1450,experimental_left,50,0,0,0,50,84502.10000002384,991352,6,15,
1450,experimental_left,20,10,0,0,70,80478.69999998808,1077329,17,17,
1450,experimental_left,10,50,0,1,40,73968,1159485,20,19,
1450,experimental_left,50,10,20,0,20,73954.19999998808,1239674,8,21,
1450,experimental_left,30,30,0,1,40,67759.30000001192,1313033,13,23,
1450,experimental_left,20,60,0,1,20,53780.69999998808,1372437,12,25,
1450,experimental_left,20,10,10,0,60,65555.30000001192,1443309,7,27,
1450,experimental_left,10,50,10,1,30,71391.09999996424,1521022,18,29,
1450,experimental_left,10,60,0,1,30,44056.80000001192,1573242,21,31,
1450,experimental_left,80,10,0,0,10,77587.80000001192,1656389,10,33,
1450,experimental_left,10,70,0,1,20,68720.80000001192,1730367,15,35,
1450,experimental_left,15,70,0,1,15,54639.89999997616,1790006,3,37,
1450,experimental_left,88,2,0,0,10,195346.30000001192,1991755,4,39,
1450,experimental_left,15,10,0,0,75,46962.5,2043673,19,41,
1450,experimental_left,75,15,0,0,10,45293.30000001192,2094501,16,43,
1450,experimental_left,15,15,5,0,65,66146.69999998808,2166383,11,45,
1450,experimental_left,10,5,0,0,85,184476.5,2357091,5,47,
1450,experimental_left,20,30,0,1,50,50704.5,2413506,9,49,
1450,experimental_left,20,60,5,1,15,66949.80000001192,2485615,22,51,
1450,experimental_left,40,25,10,0,25,58104.30000001192,2549166,14,53,
1454,experimental_left,10,50,10,1,30,19582.99999999994,396195,1,8,
1454,experimental_left,15,15,55,0,15,32664.99999999994,448263,2,12,
1454,experimental_left,15,55,10,1,20,26303,481609,22,15,
1454,experimental_left,30,10,50,1,10,29590.99999999994,513627,6,17,
1454,experimental_left,20,60,10,1,10,11697,530261,10,19,
1454,experimental_left,40,25,25,0,10,25318,557556,14,21,
1454,experimental_left,20,30,10,0,40,20789.999999999884,579650,20,23,
1454,experimental_left,30,20,20,1,30,21688,602555,8,25,
1454,experimental_left,20,20,20,1,40,18381.000000000116,622089,17,27,
1454,experimental_left,40,10,10,0,40,12047,634806,5,29,
1454,experimental_left,15,40,10,1,35,32716,668248,12,31,
1454,experimental_left,30,50,10,1,10,16732,685990,4,33,
1454,experimental_left,45,15,20,0,20,14340,701007,13,35,
1454,experimental_left,20,50,15,1,15,17543.999999999884,719194,16,37,
1454,experimental_left,45,10,30,0,15,13193,733285,11,39,
1454,experimental_left,50,20,20,0,10,12567,746602,3,41,
1454,experimental_left,45,25,15,0,15,12399,759618,9,43,
1454,experimental_left,15,25,20,1,40,15623.000000000116,776257,18,45,
1454,experimental_left,20,30,5,1,45,21581,798463,19,47,
1454,experimental_left,20,40,25,1,15,16835.999999999884,816009,7,49,
1454,experimental_left,40,20,10,0,30,14944.999999999884,831597,15,51,
1454,experimental_left,20,40,15,1,25,15746,847932,21,53,
1448,experimental_left,40,60,0,1,0,91611.5,635489,1,8,
1448,experimental_left,50,0,50,0,0,34526.60000014305,703115,2,12,
1448,experimental_left,0,0,0,1,100,139931.09999990463,849491,18,15,
1448,experimental_left,50,50,0,1,0,30727,883502,9,17,
1448,experimental_left,50,20,10,1,20,47227.10000014305,933995,13,19,
1448,experimental_left,50,20,10,1,20,13632.299999952316,950862,22,21,
1448,experimental_left,20,50,0,1,30,16576.699999809265,968823,7,23,
1448,experimental_left,10,30,40,0,20,12722.200000047684,987885,5,25,
1448,experimental_left,10,50,30,0,10,24761.5,1015548,3,27,
1448,experimental_left,20,20,30,1,30,9971.799999952316,1028479,16,29,
1448,experimental_left,20,50,20,0,10,12587.299999952316,1042181,10,31,
1448,experimental_left,20,30,20,1,30,9196.700000047684,1053447,15,33,
1448,experimental_left,20,50,10,1,20,21339.099999904633,1076023,17,35,
1448,experimental_left,30,20,30,0,20,7701.400000095367,1084660,6,37,
1448,experimental_left,20,10,40,1,30,9051.799999952316,1094411,21,39,
1448,experimental_left,0,50,40,1,10,7850.800000190735,1102992,20,41,
1448,experimental_left,30,0,50,1,20,9924,1113771,14,43,
1448,experimental_left,20,20,20,0,40,12465.5,1126902,4,45,
1448,experimental_left,50,0,0,1,50,6944.799999952316,1134540,11,47,
1448,experimental_left,20,20,30,0,30,8442.599999904633,1143923,8,49,
1448,experimental_left,0,50,50,1,0,5138.800000190735,1149805,19,51,
1448,experimental_left,0,50,0,0,50,5492.400000095367,1155889,12,53,
1427,experimental_left,25,38,12,0,25,132081.89999985695,701129,1,8,
1427,experimental_left,25,25,50,1,0,42719.59999990463,783558,2,12,
1427,experimental_left,50,30,10,1,10,112106.39999985696,901814,16,15,
1427,experimental_left,20,50,25,0,5,25590.700000047684,929567,15,17,
1427,experimental_left,30,35,15,1,20,45060.5,976919,13,19,
1427,experimental_left,20,50,10,0,20,17595.799999952316,996972,9,21,
1427,experimental_left,20,40,10,1,30,22660.89999985695,1020783,20,23,
1427,experimental_left,10,20,20,0,50,34456.10000014305,1057748,8,25,
1427,experimental_left,25,25,25,0,25,17091.099999904633,1076062,6,27,
1427,experimental_left,20,40,20,1,20,28952.299999952316,1106974,11,29,
1427,experimental_left,50,40,5,0,5,19984.099999904633,1128452,10,31,
1427,experimental_left,20,60,10,1,10,16008.799999952316,1146185,22,33,
1427,experimental_left,25,50,10,1,15,30624.900000095367,1178675,3,35,
1427,experimental_left,20,45,15,1,20,18150.799999952316,1198549,21,37,
1427,experimental_left,25,50,10,0,15,23033.900000095367,1223396,4,39,
1427,experimental_left,45,35,10,0,10,39720.5,1264526,14,41,
1427,experimental_left,5,40,5,0,50,36171.10000014305,1302380,19,43,
1427,experimental_left,30,50,10,1,10,15245.300000190737,1318641,12,45,
1427,experimental_left,40,45,5,1,10,16965.900000095367,1339435,7,47,
1427,experimental_left,30,50,5,1,15,16449.700000047684,1357510,17,49,
1427,experimental_left,25,25,25,1,25,19573.099999904633,1378505,5,51,
1427,experimental_left,15,50,10,1,25,17482.300000190735,1397524,18,53,
1444,experimental_left,25,40,10,1,25,76102.80000001192,453418,1,8,
1444,experimental_left,45,10,25,0,20,60807.19999998808,518099,2,12,
1444,experimental_left,50,20,15,0,15,66669.90000000596,591643,4,15,
1444,experimental_left,50,15,15,1,20,68822.09999999404,663972,8,17,
1444,experimental_left,10,40,10,1,40,38070.5,703084,7,19,
1444,experimental_left,40,25,15,1,20,53310.80000001192,757269,14,21,
1444,experimental_left,20,35,25,0,20,37822.5,795966,9,23,
1444,experimental_left,10,20,20,0,50,27790.5,824501,13,25,
1444,experimental_left,0,50,50,0,0,48582.39999997616,873821,6,27,
1444,experimental_left,25,50,10,1,15,60790.5,935651,3,29,
1444,experimental_left,10,15,35,0,40,40790.09999999404,977303,5,31,
1444,experimental_left,30,40,15,1,15,37253.5,1015384,12,33,
1444,experimental_left,35,40,5,1,20,39534.69999998808,1055632,20,35,
1444,experimental_left,30,40,10,1,20,28238.79999998212,1084577,15,37,
1444,experimental_left,30,25,15,1,30,16318.70000001788,1101649,16,39,
1444,experimental_left,25,35,15,0,25,31670.5,1134016,18,41,
1444,experimental_left,50,25,10,0,15,75910.40000000596,1210634,10,43,
1444,experimental_left,10,20,20,0,50,24310.39999997616,1235978,17,45,
1444,experimental_left,5,25,10,0,60,29214.59999999404,1265955,11,47,
1444,experimental_left,0,5,35,0,60,20214.60000002384,1286875,19,49,
1444,experimental_left,20,50,10,0,20,21286.5,1308867,21,51,
1444,experimental_left,55,25,15,0,5,19333.80000001192,1328923,22,53,
1239,experimental_left,15,50,20,0,15,74977.90000000596,802874,1,18,
1239,experimental_left,25,25,25,0,25,77071.90000000596,885012,2,22,
1239,experimental_left,25,25,25,0,25,68107.20000000298,957235,12,25,
1239,experimental_left,30,30,20,0,20,18066.10000000894,976174,20,27,
1239,experimental_left,25,25,5,0,45,13747.29999999702,991000,9,29,
1239,experimental_left,50,50,0,0,0,17006.09999999404,1009030,17,31,
1239,experimental_left,50,50,0,1,0,16190.10000000894,1026035,4,33,
1239,experimental_left,50,50,0,0,0,13929.90000000596,1040721,10,35,
1239,experimental_left,25,50,15,1,10,16243.29999999702,1059709,21,37,
1239,experimental_left,15,50,20,1,15,14864.59999999404,1080568,15,39,
1239,experimental_left,15,15,30,0,40,14963.29999999702,1097290,6,41,
1239,experimental_left,50,50,0,0,0,23919.79999999702,1125071,8,43,
1239,experimental_left,25,50,0,1,25,16109.79999999702,1142175,13,45,
1239,experimental_left,75,0,0,1,25,21530.20000000298,1165230,14,47,
1239,experimental_left,0,0,25,0,75,20722.80000001192,1187204,19,49,
1239,experimental_left,15,0,10,0,75,19081.20000000298,1207049,7,51,
1239,experimental_left,50,12,38,0,0,29908.20000000298,1238790,11,53,
1239,experimental_left,0,100,0,1,0,16754,1256490,3,55,
1239,experimental_left,50,50,0,1,0,14997,1272726,16,57,
1239,experimental_left,0,50,50,1,0,10907,1284372,18,59,
1239,experimental_left,45,50,0,1,5,11743.5,1297155,22,61,
1239,experimental_left,0,0,50,0,50,12571.20000000298,1310674,5,63,
1431,experimental_left,50,10,0,1,40,33260.799999952316,366923,1,8,
1431,experimental_left,20,0,50,0,30,13750.599999904633,401751,2,12,
1431,experimental_left,50,20,0,1,30,21819.300000190735,428304,15,15,
1431,experimental_left,30,0,50,0,20,22605.599999904633,452369,6,17,
1431,experimental_left,50,10,0,1,40,18855.299999952316,472416,10,19,
1431,experimental_left,50,10,0,0,40,20516,496851,17,21,
1431,experimental_left,20,10,10,0,60,42898.5,540957,19,23,
1431,experimental_left,30,40,0,1,30,26994.300000190735,569192,21,25,
1431,experimental_left,50,0,0,0,50,37009.90000009537,607835,4,27,
1431,experimental_left,30,20,20,0,30,30966.300000190735,640587,7,29,
1431,experimental_left,20,30,20,1,30,16213,658027,13,31,
1431,experimental_left,20,20,0,0,60,32030.300000190735,691257,11,33,
1431,experimental_left,40,10,10,0,40,21292.300000190735,713638,3,35,
1431,experimental_left,40,10,0,0,50,18462.099999904633,733058,5,37,
1431,experimental_left,30,30,0,1,40,50802.300000190735,784856,22,39,
1431,experimental_left,40,20,10,0,30,30555.10000014305,816682,9,41,
1431,experimental_left,40,10,10,0,40,106556.90000009535,924345,14,43,
1431,experimental_left,40,60,0,1,0,50742.800000190735,975984,12,45,
1431,experimental_left,50,20,0,0,30,60186.70000004768,1037776,16,47,
1431,experimental_left,30,20,0,0,50,28283.200000047684,1066971,18,49,
1431,experimental_left,30,0,30,0,40,48600.29999995232,1116416,8,51,
1431,experimental_left,20,50,0,1,30,16762.89999985695,1134312,20,53,
1468,experimental_left,10,90,0,1,0,76467.30000001192,713336,1,8,
1468,experimental_left,50,0,50,0,0,28437.30000001192,757468,2,12,
1468,experimental_left,60,40,0,1,0,15917.40000000596,780005,22,15,
1468,experimental_left,25,75,0,1,0,20056.59999999404,801604,3,17,
1468,experimental_left,0,75,0,1,25,29103.20000001788,839517,13,19,
1468,experimental_left,70,20,0,0,10,22561.30000001192,863963,19,21,
1468,experimental_left,20,80,0,1,0,18309.20000001788,942296,18,23,
1468,experimental_left,30,0,10,0,60,17581.79999998212,961885,17,25,
1468,experimental_left,60,40,0,1,0,12836,1028385,15,27,
1468,experimental_left,50,20,0,1,30,110620.19999998808,1140356,7,29,
1468,experimental_left,50,0,0,0,50,15633.69999998808,1157534,6,31,
1468,experimental_left,100,0,0,1,0,14565.30000001192,1174444,8,33,
1468,experimental_left,60,40,0,1,0,90841.79999998212,1266527,16,35,
1468,experimental_left,30,70,0,1,0,17807.09999999404,1363583,21,37,
1468,experimental_left,50,50,0,1,0,10146.40000000596,1375271,4,39,
1468,experimental_left,50,50,0,1,0,8189.200000017881,1385183,10,41,
1468,experimental_left,30,60,5,0,5,13260.59999999404,1400089,11,43,
1468,experimental_left,40,40,0,1,20,9604.5,1411136,12,45,
1468,experimental_left,40,50,10,0,0,65652.5,1478142,14,47,
1468,experimental_left,10,80,0,1,10,35111.69999998808,1514503,20,49,
1468,experimental_left,20,20,10,0,50,20563.40000000596,1536744,5,51,
1468,experimental_left,30,60,0,1,10,14769.59999999404,1552718,9,53,
1494,experimental_left,20,40,10,1,30,64300.300000071526,347802,1,8,
1494,experimental_left,37,13,37,0,13,56561.300000071526,414713,2,12,
1494,experimental_left,13,13,37,0,37,24648.10000002384,446223,5,15,
1494,experimental_left,38,43,7,0,12,52892.29999995232,500581,16,17,
1494,experimental_left,10,20,30,0,40,27331.700000047684,530135,11,19,
1494,experimental_left,5,13,37,0,45,22418.799999952316,553720,19,21,
1494,experimental_left,37,37,13,0,13,36309.20000004768,593136,4,23,
1494,experimental_left,13,43,7,1,37,26869.10000002384,621150,15,25,
1494,experimental_left,37,20,30,0,13,30552.89999997616,653531,8,27,
1494,experimental_left,7,37,13,1,43,16008.199999928474,671197,18,29,
1494,experimental_left,23,43,7,1,27,25640.200000047684,698401,22,31,
1494,experimental_left,7,13,37,0,43,15763.899999976158,715315,17,33,
1494,experimental_left,37,40,10,1,13,27779.5,744275,10,35,
1494,experimental_left,7,43,7,1,43,17299.200000047684,762960,21,37,
1494,experimental_left,13,37,13,1,37,14034.799999952316,778366,3,39,
1494,experimental_left,13,20,30,1,37,20687.60000002384,800847,7,41,
1494,experimental_left,10,40,10,1,40,19575,821552,12,43,
1494,experimental_left,5,37,13,1,45,13127.199999928474,835915,20,45,
1494,experimental_left,37,28,22,0,13,24644.299999952316,861683,14,47,
1494,experimental_left,13,40,10,1,37,16462.600000023842,880480,9,49,
1494,experimental_left,13,13,37,0,37,10642.199999928474,892381,6,51,
1494,experimental_left,13,28,22,0,37,19209.89999997616,913199,13,53,
1470,experimental_left,4,80,6,1,10,104251.39999985696,944140,1,8,
1470,experimental_left,5,25,30,0,40,85735.20000004768,1118384,2,12,
1470,experimental_left,10,25,15,0,50,108930.29999995232,1242899,19,15,
1470,experimental_left,25,25,25,1,25,44338.09999990463,1294904,15,17,
1470,experimental_left,25,25,25,0,25,47607.70000004768,1345561,5,19,
1470,experimental_left,40,50,5,1,5,74489,1426300,10,21,
1470,experimental_left,25,25,25,1,25,26803.099999904633,1456808,11,23,
1470,experimental_left,25,25,25,0,25,17849.700000047684,1476155,3,25,
1470,experimental_left,25,25,25,1,25,95813,1574894,13,27,
1470,experimental_left,25,25,25,0,25,20275.799999952316,1596708,8,29,
1470,experimental_left,25,25,25,0,25,19032.89999985695,1617109,7,31,
1470,experimental_left,25,25,25,1,25,23260.700000047684,1641917,20,33,
1470,experimental_left,25,25,25,0,25,13973.900000095367,1658565,17,35,
1470,experimental_left,20,50,15,0,15,44044.40000009537,1704184,9,37,
1470,experimental_left,25,25,25,1,25,14141.400000095367,1719524,18,39,
1470,experimental_left,25,25,25,0,25,20584.400000095367,1741759,14,41,
1470,experimental_left,25,25,25,1,25,15962.799999952316,1758961,21,43,
1470,experimental_left,25,50,10,1,15,44016.59999990463,1804582,4,45,
1470,experimental_left,25,25,25,0,25,17180.5,1822874,16,47,
1470,experimental_left,25,25,25,0,25,12851.900000095367,1837042,6,49,
1470,experimental_left,25,25,25,1,25,17255.200000047684,1855714,12,51,
1470,experimental_left,25,25,25,0,25,18457.5,1876918,22,53,
1432,experimental_left,5,85,0,1,10,70695.30000019073,417102,1,8,
1432,experimental_left,12,25,50,0,13,73379,509511,2,12,
1432,experimental_left,65,15,10,1,10,43884.39999961853,563657,16,15,
1432,experimental_left,75,0,0,0,25,37304.599999427795,608333,4,17,
1432,experimental_left,0,12,8,0,80,59189.39999961853,671579,17,19,
1432,experimental_left,10,2,8,0,80,25726.300000190735,700879,5,21,
1432,experimental_left,5,13,12,0,70,76377.69999980927,780663,11,23,
1432,experimental_left,25,45,10,1,20,48987.900000572205,833249,22,25,
1432,experimental_left,30,30,10,1,30,140988.60000038147,981136,12,27,
1432,experimental_left,30,30,15,1,25,40412.900000572205,1025488,15,29,
1432,experimental_left,20,35,35,0,10,62122.10000038147,1091008,7,31,
1432,experimental_left,25,15,5,0,55,67549.0999994278,1162206,19,33,
1432,experimental_left,25,25,25,0,25,14933.20000076294,1182880,6,35,
1432,experimental_left,15,35,10,1,40,26317.60000038147,1211739,13,37,
1432,experimental_left,5,65,15,1,15,41988.20000076294,1257729,21,39,
1432,experimental_left,5,70,15,1,10,119907.10000038148,1380250,9,41,
1432,experimental_left,75,6,4,0,15,41104.89999961853,1423848,10,43,
1432,experimental_left,5,55,15,1,25,45495.599999427795,1472056,3,45,
1432,experimental_left,40,10,25,0,25,35626,1510754,14,47,
1432,experimental_left,55,15,20,0,10,34914.199999809265,1549296,8,49,
1432,experimental_left,15,35,25,1,25,23443.60000038147,1576810,18,51,
1432,experimental_left,15,50,10,1,25,30767.5,1610305,20,53,
1489,experimental_left,20,50,10,1,20,61708.29999995232,704206,1,8,
1489,experimental_left,60,5,5,0,30,39344,762301,2,12,
1489,experimental_left,15,25,30,1,30,210422.70000004768,976282,9,15,
1489,experimental_left,0,50,0,0,50,31566.700000047684,1009223,6,17,
1489,experimental_left,10,45,15,1,30,29212.400000095367,1040707,3,19,
1489,experimental_left,20,40,20,1,20,39095.699999809265,1081526,21,21,
1489,experimental_left,10,40,10,0,40,25985.900000095367,1108759,5,23,
1489,experimental_left,50,10,30,0,10,115588.29999995232,1225690,8,25,
1489,experimental_left,60,0,0,0,40,40550.39999985695,1267602,11,27,
1489,experimental_left,20,30,0,0,50,36341,1305137,17,29,
1489,experimental_left,60,10,0,1,30,43834.20000004768,1350020,10,31,
1489,experimental_left,30,20,0,1,50,49193,1402342,15,33,
1489,experimental_left,40,20,0,1,40,45623.29999995232,1449002,18,35,
1489,experimental_left,40,30,0,1,30,39643.59999990463,1490009,19,37,
1489,experimental_left,50,0,0,0,50,16291.799999952316,1507494,4,39,
1489,experimental_left,30,40,0,1,30,28731.799999952316,1537165,22,41,
1489,experimental_left,70,10,0,1,20,34873,1572765,12,43,
1489,experimental_left,50,10,0,0,40,31203.89999985695,1605128,7,45,
1489,experimental_left,50,30,0,0,20,28198,1634342,20,47,
1489,experimental_left,40,20,10,0,30,24030.60000014305,1659430,13,49,
1489,experimental_left,60,0,30,0,10,21769.700000047684,1683245,14,51,
1489,experimental_left,50,20,0,0,30,17155.89999985695,1702149,16,53,
1497,experimental_left,10,25,15,1,50,58791,433461,1,8,
1497,experimental_left,50,25,0,0,25,32860.00000000006,488582,2,12,
1497,experimental_left,20,30,25,0,25,32285,527522,19,15,
1497,experimental_left,20,60,10,1,10,27429,557903,9,17,
1497,experimental_left,20,50,10,1,20,39795,599794,7,19,
1497,experimental_left,30,40,10,1,20,20260,623645,3,21,
1497,experimental_left,15,60,5,1,20,22720,648548,18,23,
1497,experimental_left,20,70,0,1,10,17650,669039,10,25,
1497,experimental_left,20,60,10,1,10,31651,702993,22,27,
1497,experimental_left,15,55,15,0,15,15784,720457,21,29,
1497,experimental_left,20,60,10,0,10,21378,743549,4,31,
1497,experimental_left,25,45,15,1,15,21109.999999999884,766873,15,33,
1497,experimental_left,20,50,10,1,20,26134,794580,13,35,
1497,experimental_left,10,60,15,1,15,12709,808608,5,37,
1497,experimental_left,10,60,15,1,15,33529.99999999988,843510,17,39,
1497,experimental_left,15,50,15,1,20,25723.000000000116,872162,20,41,
1497,experimental_left,10,80,5,1,5,67260,940434,6,43,
1497,experimental_left,10,60,15,1,15,33251.99999999988,976000,11,45,
1497,experimental_left,30,40,15,1,15,62896.00000000012,1039946,14,47,
1497,experimental_left,20,50,20,1,10,34007.99999999988,1075203,12,49,
1497,experimental_left,35,15,20,0,30,28103.000000000233,1104270,8,51,
1497,experimental_left,20,50,15,0,15,145241,1250466,16,53,
1460,experimental_left,25,60,5,1,10,47285.800000000745,527670,1,8,
1460,experimental_left,60,20,10,0,10,55918.5,613342,2,12,
1460,experimental_left,25,60,5,0,10,43807.60000000149,666542,18,15,
1460,experimental_left,30,50,10,1,10,30006.099999997765,699078,3,17,
1460,experimental_left,25,50,10,1,15,43414.900000002235,744366,12,19,
1460,experimental_left,60,25,10,0,5,176271.30000000077,923511,14,21,
1460,experimental_left,70,10,0,0,20,41022.10000000149,965623,5,23,
1460,experimental_left,25,70,0,1,5,707272.3000000007,1673977,15,25,
1460,experimental_left,40,30,15,1,15,31206,1706559,13,27,
1460,experimental_left,60,20,10,0,10,41942.599999997765,1749623,17,29,
1460,experimental_left,40,30,15,0,15,29487.60000000149,1780159,7,31,
1460,experimental_left,20,70,5,1,5,14575.60000000149,1796079,21,33,
1460,experimental_left,50,50,0,1,0,10486.39999999851,1807664,10,35,
1460,experimental_left,30,60,5,1,5,18223.199999999255,1826960,9,37,
1460,experimental_left,70,10,10,0,10,11007.599999997765,1839168,8,39,
1460,experimental_left,80,10,0,0,10,12551.60000000149,1852680,19,41,
1460,experimental_left,20,50,10,1,20,13790.5,1867423,11,43,
1460,experimental_left,20,60,10,1,10,12166.89999999851,1880448,20,45,
1460,experimental_left,30,70,0,0,0,10878.5,1892248,4,47,
1460,experimental_left,50,50,0,1,0,13983.20000000298,1907120,16,49,
1460,experimental_left,50,50,0,1,0,14503.800000000743,1922600,22,51,
1460,experimental_left,30,20,30,0,20,16431,1939832,6,53,
1496,experimental_left,10,30,50,0,10,64887.39999999106,1083190,1,8,
1496,experimental_left,50,30,10,1,10,28903.70000000298,1167827,2,12,
1496,experimental_left,30,50,10,1,10,59502.79999999702,1233787,4,15,
1496,experimental_left,10,10,30,0,50,35917,1274735,20,17,
1496,experimental_left,10,10,30,1,50,23437.70000000298,1301400,19,19,
1496,experimental_left,10,70,10,1,10,52810.40000000596,1355826,10,21,
1496,experimental_left,10,10,30,0,50,34209.20000000298,1391569,12,23,
1496,experimental_left,10,70,10,1,10,19967.09999999404,1412588,14,25,
1496,experimental_left,10,30,50,0,10,42276.10000000894,1455881,3,27,
1496,experimental_left,10,10,30,0,50,35676,1493528,17,29,
1496,experimental_left,10,10,10,1,70,32408.70000000298,1527276,5,31,
1496,experimental_left,50,10,30,0,10,23186.40000000596,1551770,8,33,
1496,experimental_left,30,50,10,1,10,14114.70000000298,1566899,18,35,
1496,experimental_left,10,10,70,0,10,16040.5,1584781,6,37,
1496,experimental_left,10,70,10,1,10,19957.70000000298,1605760,16,39,
1496,experimental_left,10,10,30,1,50,18397.20000000298,1625269,7,41,
1496,experimental_left,10,50,30,0,10,16454.39999999106,1642735,22,43,
1496,experimental_left,10,30,10,1,50,21868,1666317,13,45,
1496,experimental_left,30,10,10,0,50,20108.80000001192,1688161,21,47,
1496,experimental_left,10,50,10,1,30,13096,1702424,9,49,
1496,experimental_left,10,50,30,0,10,40061.59999999404,1747094,11,51,
1496,experimental_left,30,50,10,1,10,9958.60000000894,1758060,15,53,
1237,experimental_left,10,75,5,1,10,125097.69999998808,1021924,1,8,
1237,experimental_left,5,20,60,0,15,200940.40000003576,1253082,2,12,
1237,experimental_left,15,70,5,0,10,246012.20000004768,1513762,16,15,
1237,experimental_left,20,35,20,1,25,489828.5,2008328,13,17,
1237,experimental_left,50,35,15,0,0,107682.59999996424,2120476,21,19,
1237,experimental_left,0,50,50,0,0,36870.39999997616,2169319,6,21,
1237,experimental_left,20,30,30,1,20,52052.80000001192,2223978,10,23,
1237,experimental_left,50,30,20,1,0,82945.09999996424,2318350,9,25,
1237,experimental_left,25,35,15,1,25,48659.80000001192,2370286,22,27,
1237,experimental_left,0,70,30,0,0,47626,2421046,17,29,
1237,experimental_left,50,15,20,0,15,124142.89999997616,2547461,3,31,
1237,experimental_left,40,10,10,0,40,41306,2591274,4,33,
1237,experimental_left,20,30,40,1,10,93785,2687266,11,35,
1237,experimental_left,20,30,20,1,30,48169.29999995232,2737487,7,37,
1237,experimental_left,20,30,25,0,25,25125.30000001192,2763982,14,39,
1237,experimental_left,50,25,10,0,15,31098.80000001192,2797270,20,41,
1237,experimental_left,10,20,20,1,50,35252.19999998808,2833798,12,43,
1237,experimental_left,40,15,5,1,40,34836,2870730,19,45,
1237,experimental_left,40,25,30,1,5,54020.79999995232,2926322,18,47,
1237,experimental_left,30,20,20,1,30,29749.80000001192,2958370,5,49,
1237,experimental_left,10,40,40,1,10,39180.39999997616,3005760,15,51,
1237,experimental_left,10,30,30,0,30,26974.30000001192,3033834,8,53,
1474,experimental_left,10,38,24,1,28,174563.29999995232,1310204,1,8,
1474,experimental_left,38,12,25,0,25,112718.5,1471130,2,12,
1474,experimental_left,5,12,38,0,45,146773.79999995232,1630757,19,15,
1474,experimental_left,10,40,10,1,40,117759.70000004768,1752277,12,17,
1474,experimental_left,10,13,37,1,40,83134.79999995232,1838714,5,19,
1474,experimental_left,13,20,30,0,37,89950.29999995232,1932600,7,21,
1474,experimental_left,38,38,12,1,12,52903.29999995232,1990163,4,23,
1474,experimental_left,38,28,22,0,12,76451.70000004768,2075178,14,25,
1474,experimental_left,38,43,7,1,12,75170.5,2153847,16,27,
1474,experimental_left,8,13,37,1,42,74700.10000014305,2232929,17,29,
1474,experimental_left,5,38,12,1,45,74835.5,2309816,20,31,
1474,experimental_left,10,20,30,1,40,58696.09999990463,2371871,11,33,
1474,experimental_left,13,28,22,1,37,144223.10000014305,2518339,13,35,
1474,experimental_left,23,43,7,1,27,70434.69999980927,2592914,22,37,
1474,experimental_left,38,40,10,1,12,70756.89999985695,2666094,10,39,
1474,experimental_left,8,38,12,1,42,153358.09999990463,2821598,18,41,
1474,experimental_left,38,20,30,1,12,77506.29999995232,2901370,8,43,
1474,experimental_left,8,43,7,1,42,73894.70000004768,2977393,21,45,
1474,experimental_left,13,43,7,1,37,51759.10000014305,3031702,15,47,
1474,experimental_left,12,38,12,1,38,44355.5,3078759,3,49,
1474,experimental_left,13,40,10,1,37,33667,3114610,9,51,
1474,experimental_left,13,13,37,0,37,33791.39999985695,3151983,6,53,
1452,experimental_left,30,40,0,1,30,22834.60000002384,1848497,1,8,
1452,experimental_left,15,15,40,0,30,29718.200000047684,2000752,2,12,
1452,experimental_left,20,50,10,1,20,46198.39999997616,2081384,18,15,
1452,experimental_left,45,45,0,1,10,105926.90000003576,2188862,22,17,
1452,experimental_left,30,30,20,0,20,38696.59999996424,2228838,3,19,
1452,experimental_left,10,25,25,0,40,17908.5,2248578,11,21,
1452,experimental_left,30,10,30,0,30,104318.70000004768,2354386,19,23,
1452,experimental_left,45,45,0,1,10,15058.600000023842,2371206,4,25,
1452,experimental_left,10,20,40,1,30,41818.40000003576,2414311,17,27,
1452,experimental_left,25,25,25,1,25,168778.89999997616,2584344,7,29,
1452,experimental_left,35,35,15,1,15,13764.099999964235,2599401,14,31,
1452,experimental_left,30,30,20,0,20,69697.59999996424,2670736,21,33,
1452,experimental_left,30,30,20,1,20,8107.300000011921,2679864,12,35,
1452,experimental_left,40,40,10,0,10,11462.599999964235,2692652,10,37,
1452,experimental_left,10,10,40,0,40,16460.799999952316,2710766,5,39,
1452,experimental_left,50,20,10,1,20,23130.69999998808,2735588,20,41,
1452,experimental_left,30,30,10,1,30,14617.100000023842,2751444,15,43,
1452,experimental_left,20,20,30,0,30,11048.100000023842,2763365,8,45,
1452,experimental_left,35,35,15,1,15,13339.600000023842,2777666,9,47,
1452,experimental_left,40,40,10,0,10,8432.699999988079,2787454,16,49,
1452,experimental_left,25,25,25,0,25,7194.300000011921,2795497,13,51,
1452,experimental_left,10,10,40,1,40,15758.599999964235,2812574,6,53,
1466,experimental_left,70,10,10,0,10,66844.7000002861,414160,1,8,
1466,experimental_left,40,20,20,0,20,30533.400000095367,462217,2,12,
1466,experimental_left,70,20,5,1,5,31996.400000095367,501751,12,15,
1466,experimental_left,60,20,10,0,10,43010.40000009537,547232,20,17,
1466,experimental_left,30,50,10,1,10,53597.5,609468,15,19,
1466,experimental_left,50,50,0,1,0,15816.300000190737,628952,6,21,
1466,experimental_left,30,30,20,0,20,30032.300000190735,662441,14,23,
1466,experimental_left,40,40,10,1,10,24030.5,688252,7,25,
1466,experimental_left,30,50,10,0,10,18941.300000190735,709112,8,27,
1466,experimental_left,40,50,5,0,5,18615.5,729131,11,29,
1466,experimental_left,40,40,10,1,10,18537.300000190735,749306,9,31,
1466,experimental_left,30,60,5,0,5,19273,773028,10,33,
1466,experimental_left,40,40,10,0,10,21914.5,798542,16,35,
1466,experimental_left,40,40,10,0,10,34060.40000009537,834282,4,37,
1466,experimental_left,30,30,10,0,30,23041.200000286102,858687,3,39,
1466,experimental_left,30,40,10,1,20,19749.199999809265,879890,18,41,
1466,experimental_left,20,60,10,1,10,18782.89999961853,900339,5,43,
1466,experimental_left,20,70,5,1,5,40759.199999809265,943178,19,45,
1466,experimental_left,20,60,10,1,10,14989.60000038147,960483,21,47,
1466,experimental_left,20,60,10,1,10,17201.299999713898,980018,13,49,
1466,experimental_left,30,50,10,0,10,17581.5,999028,22,51,
1466,experimental_left,30,40,10,0,20,15720.200000286102,1015811,17,53,
1438,experimental_left,20,75,0,1,5,123886,790675,1,8,
1438,experimental_left,0,25,75,0,0,179783,982097,2,12,
1438,experimental_left,10,70,10,1,10,83365,1071234,22,15,
1438,experimental_left,40,40,10,1,10,49550,1122682,16,17,
1438,experimental_left,25,50,15,0,10,40319,1168818,3,19,
1438,experimental_left,10,25,50,0,15,29818,1199882,20,21,
1438,experimental_left,25,25,20,1,30,44207,1256436,13,23,
1438,experimental_left,20,25,20,1,35,55819,1319370,14,25,
1438,experimental_left,25,25,40,0,10,58183,1379506,8,27,
1438,experimental_left,33,33,1,0,33,33152,1413644,10,29,
1438,experimental_left,10,30,30,1,30,67191,1481730,15,31,
1438,experimental_left,20,50,15,1,15,64790,1547408,19,33,
1438,experimental_left,8,20,2,1,70,91667,1640391,7,35,
1438,experimental_left,5,5,30,0,60,50197,1691559,17,37,
1438,experimental_left,25,50,13,1,12,40710,1733167,4,39,
1438,experimental_left,25,25,25,1,25,16710,1753167,18,41,
1438,experimental_left,10,60,20,1,10,32594,1786583,21,43,
1438,experimental_left,5,10,45,0,40,75142,1862526,5,45,
1438,experimental_left,5,50,15,1,30,30572,1893986,11,47,
1438,experimental_left,35,35,15,0,15,23466,1918252,12,49,
1438,experimental_left,30,45,10,0,15,33844,1953193,9,51,
1438,experimental_left,10,10,40,0,40,33212,1987221,6,53,
1446,experimental_left,20,20,32,0,28,101525.70000004768,816639,1,18,
1446,experimental_left,35,25,5,1,35,57675.199999809265,882152,2,22,
1446,experimental_left,20,15,32,0,33,51802.699999809265,939646,17,25,
1446,experimental_left,22,22,22,0,34,84261.79999995232,1027729,11,27,
1446,experimental_left,30,40,15,1,15,31595.900000095367,1061100,4,29,
1446,experimental_left,25,25,25,0,25,13883.900000095367,1079366,6,31,
1446,experimental_left,22,33,20,1,25,13428.900000095367,1096104,20,33,
1446,experimental_left,20,30,25,1,25,18666.299999952316,1116281,8,35,
1446,experimental_left,30,25,15,0,30,28622.900000095367,1146429,12,37,
1446,experimental_left,34,22,22,0,22,33315.09999990463,1182783,18,39,
1446,experimental_left,17,15,38,0,30,27110.400000095367,1211403,19,41,
1446,experimental_left,25,25,25,0,25,8312.599999904633,1222515,15,43,
1446,experimental_left,20,30,30,0,20,14168.100000143051,1237977,13,45,
1446,experimental_left,20,20,30,1,30,12227.900000095367,1251729,5,47,
1446,experimental_left,30,30,20,1,20,12201.599999904633,1265507,3,49,
1446,experimental_left,25,25,25,1,25,15004.100000143051,1282057,16,51,
1446,experimental_left,24,26,30,0,20,43850.60000014305,1327651,10,53,
1446,experimental_left,25,25,20,1,30,12214,1368601,14,55,
1446,experimental_left,32,20,23,1,25,22318.5,1392584,9,57,
1446,experimental_left,25,25,25,0,25,15411.599999904633,1409560,21,59,
1446,experimental_left,20,30,30,0,20,26819.60000014305,1437643,22,61,
1446,experimental_left,35,20,20,1,25,15731,1455637,7,63,
1458,experimental_left,50,50,0,1,0,14836,256937,1,8,
1458,experimental_left,0,0,50,0,50,20433,314862,2,12,
1458,experimental_left,20,20,20,0,40,63414,382764,7,15,
1458,experimental_left,50,50,0,1,0,36589,420507,10,17,
1458,experimental_left,50,40,0,1,10,120822,543447,9,19,
1458,experimental_left,30,70,0,1,0,26162,571138,18,21,
1458,experimental_left,50,50,0,1,0,22267,594753,15,23,
1458,experimental_left,30,70,0,1,0,24320,620264,22,25,
1458,experimental_left,20,0,0,0,80,32059,653554,19,27,
1458,experimental_left,50,10,10,0,30,44517,699938,13,29,
1458,experimental_left,50,0,50,0,0,65381,767577,8,31,
1458,experimental_left,50,0,50,0,0,38327,807253,6,33,
1458,experimental_left,40,0,0,0,60,36470,844992,5,35,
1458,experimental_left,40,60,0,1,0,23896,870730,12,37,
1458,experimental_left,30,0,30,0,40,27305,899343,17,39,
1458,experimental_left,30,70,0,1,0,23894,924507,21,41,
1458,experimental_left,50,50,0,1,0,22847,948650,4,43,
1458,experimental_left,40,0,60,0,0,40133,990531,14,45,
1458,experimental_left,50,50,0,1,0,24396,1016107,16,47,
1458,experimental_left,20,0,40,0,40,44814,1062156,11,49,
1458,experimental_left,30,70,0,1,0,20041,1083297,20,51,
1458,experimental_left,50,50,0,1,0,16779,1101254,3,53,
1481,observational_left,40,10,0,1,50,34185.19999998808,403922,1,8,
1481,observational_left,50,0,50,0,0,38737.89999997616,455524,2,12,
1481,observational_left,50,0,0,0,50,22518.5,487316,6,15,
1481,observational_left,50,0,0,0,50,30132.70000001788,522738,4,17,
1481,observational_left,40,10,0,1,50,21703.90000000596,547654,5,19,
1481,observational_left,50,10,10,1,30,43658.90000000596,597380,8,21,
1481,observational_left,20,20,20,1,40,26885.80000001192,627096,11,23,
1481,observational_left,50,20,0,1,30,25678.80000001192,656250,15,25,
1481,observational_left,50,0,0,0,50,21243.69999998808,679027,3,27,
1481,observational_left,40,20,20,0,20,47391.80000001192,728780,14,29,
1481,observational_left,50,20,0,1,30,31996.69999998808,765303,16,31,
1481,observational_left,50,10,0,1,40,18722.80000001192,785971,9,33,
1481,observational_left,30,20,0,1,50,29171.59999999404,817100,17,35,
1481,observational_left,40,20,0,1,40,21326.80000001192,840053,12,37,
1481,observational_left,50,10,0,1,40,40178.09999999404,881978,10,39,
1481,observational_left,20,30,0,1,50,90348.5,975113,20,41,
1481,observational_left,20,30,0,1,50,25200.79999998212,1001663,19,43,
1481,observational_left,50,20,0,1,30,23467.79999998212,1027488,13,45,
1481,observational_left,30,30,0,1,40,26376.90000000596,1055847,21,47,
1481,observational_left,10,10,0,0,80,26865.90000000596,1083858,7,49,
1481,observational_left,30,40,0,1,30,22895.69999998808,1109429,22,51,
1481,observational_left,40,40,0,1,20,20309.5,1131016,18,53,
1484,observational_left,15,60,5,1,20,82252.70000000019,983293,1,13,
1484,observational_left,60,20,10,0,10,68780,1068747,2,17,
1484,observational_left,30,40,15,1,15,54207.10000000009,1133883,5,20,
1484,observational_left,40,40,10,1,10,43420.10000000009,1179439,4,22,
1484,observational_left,30,50,10,1,10,51188.89999999991,1232594,12,24,
1484,observational_left,45,45,5,1,5,34955.80000000028,1269174,10,26,
1484,observational_left,15,20,35,0,30,50155.19999999972,1320919,19,28,
1484,observational_left,15,50,15,1,20,49635.80000000028,1372461,18,30,
1484,observational_left,20,20,30,0,30,42614.299999999814,1417830,6,32,
1484,observational_left,50,40,5,1,5,30964.299999999817,1453033,16,34,
1484,observational_left,15,40,20,1,25,27584.80000000028,1482058,15,36,
1484,observational_left,15,50,10,1,25,40920.10000000009,1524968,21,38,
1484,observational_left,10,50,15,1,25,17215.30000000028,1544445,20,40,
1484,observational_left,25,35,15,1,25,37007.700000000186,1583564,7,42,
1484,observational_left,30,50,10,1,10,19740.80000000028,1604724,9,44,
1484,observational_left,15,20,25,0,40,37619.60000000009,1644168,17,46,
1484,observational_left,40,25,20,0,15,52428,1698109,8,48,
1484,observational_left,25,40,5,1,30,32275.5,1731709,13,50,
1484,observational_left,30,50,5,1,15,33878.59999999963,1767022,22,52,
1484,observational_left,40,30,15,0,15,34626.700000000186,1803281,14,54,
1484,observational_left,15,25,20,0,40,21434.200000000183,1826065,11,56,
1484,observational_left,25,50,10,1,15,28637.700000000183,1856090,3,58,
1480,observational_left,24,38,12,1,26,68749.80000001192,1537086,1,8,
1480,observational_left,25,12,38,0,25,34782.5,1590455,2,12,
1480,observational_left,29,20,30,0,21,53102.09999996424,1647918,8,15,
1480,observational_left,11,12,38,0,39,50206.79999995232,1702534,5,17,
1480,observational_left,12,12,38,0,38,42205.80000001192,1746790,6,19,
1480,observational_left,10,12,38,0,40,17662.399999976158,1766518,17,21,
1480,observational_left,28,42,8,1,22,65983.59999996424,1833663,15,23,
1480,observational_left,25,40,10,1,25,33222.69999998808,1870911,12,25,
1480,observational_left,26,40,10,1,24,26991.19999998808,1899278,9,27,
1480,observational_left,40,42,8,1,10,58718.20000004768,1959278,16,29,
1480,observational_left,21,37,13,1,29,32429.69999998808,1994838,20,31,
1480,observational_left,22,37,13,1,28,28190.69999998808,2024630,18,33,
1480,observational_left,25,37,13,1,25,13438.400000035765,2039150,3,35,
1480,observational_left,39,40,10,0,11,25790.39999997616,2066310,10,37,
1480,observational_left,15,20,30,0,35,34830.40000003576,2102462,11,39,
1480,observational_left,37,37,13,0,13,28990.5,2132998,4,41,
1480,observational_left,8,12,38,0,42,57910,2192310,19,43,
1480,observational_left,32,28,22,0,18,85702.69999998808,2280254,14,45,
1480,observational_left,32,42,8,1,18,37190.39999997616,2318854,22,47,
1480,observational_left,16,20,30,0,34,43847,2364285,7,49,
1480,observational_left,20,28,22,0,30,59046.5,2424877,13,51,
1480,observational_left,25,42,8,1,25,21350.60000002384,2447941,21,53,
1424,observational_left,60,30,5,0,5,26818.5,291238,1,8,
1424,observational_left,60,20,10,1,10,20450,319026,2,12,
1424,observational_left,60,20,10,1,10,24957,349091,19,15,
1424,observational_left,60,20,10,0,10,12592.099999904633,364825,4,17,
1424,observational_left,60,20,10,0,10,19410.89999985695,386366,9,19,
1424,observational_left,60,20,10,0,10,12295.700000047684,400389,16,21,
1424,observational_left,60,20,10,1,10,11190.299999952316,415030,5,23,
1424,observational_left,60,20,10,0,10,11709.900000095367,429255,21,25,
1424,observational_left,60,20,10,1,10,11085.799999952316,442686,11,27,
1424,observational_left,60,20,10,1,10,11270.399999856949,456372,15,29,
1424,observational_left,60,20,10,0,10,13354.099999904633,472710,8,31,
1424,observational_left,60,20,10,1,10,13996.700000047684,488929,3,33,
1424,observational_left,60,20,10,1,10,19460.799999952316,612593,17,35,
1424,observational_left,60,20,10,0,10,13081,627953,10,37,
1424,observational_left,60,20,10,0,10,12469.599999904633,642432,18,39,
1424,observational_left,60,20,10,0,10,14534.700000047684,658880,14,41,
1424,observational_left,60,20,10,0,10,8834.700000047684,669721,12,43,
1424,observational_left,60,20,10,0,10,9844.5,681380,22,45,
1424,observational_left,60,20,10,1,10,11944.200000047684,695011,13,47,
1424,observational_left,60,20,10,0,10,12664.200000047684,709592,20,49,
1424,observational_left,60,20,10,0,10,11896.100000143051,723304,6,51,
1424,observational_left,60,20,10,0,10,10427.800000190737,740146,7,53,
1465,observational_left,20,50,15,1,15,226656.70000004768,1273571,1,8,
1465,observational_left,35,25,20,0,20,77346.09999990463,1427592,2,12,
1465,observational_left,25,55,10,1,10,160634.59999990463,1603663,3,15,
1465,observational_left,40,40,10,1,10,87749.39999985695,1694952,10,17,
1465,observational_left,35,40,15,0,10,150366,1847958,15,19,
1465,observational_left,20,50,15,0,15,59589.5,1909526,21,21,
1465,observational_left,15,35,25,1,25,78998.20000004768,1991351,17,23,
1465,observational_left,10,30,40,1,20,79117.09999990463,2072535,19,25,
1465,observational_left,10,35,30,1,25,65494,2141183,5,27,
1465,observational_left,25,50,10,1,15,96594.90000009535,2239289,16,29,
1465,observational_left,15,45,20,0,20,64622,2305583,9,31,
1465,observational_left,30,30,20,1,20,72901.89999985695,2379830,14,33,
1465,observational_left,40,40,10,0,10,41349.5,2422591,6,35,
1465,observational_left,15,35,25,0,25,47433.20000004768,2471111,20,37,
1465,observational_left,25,25,25,0,25,49085.59999990463,2522062,4,39,
1465,observational_left,15,30,25,0,30,96582.09999990465,2619997,7,41,
1465,observational_left,15,40,20,0,25,66466.90000009537,2687853,12,43,
1465,observational_left,10,35,25,1,30,125650.69999980928,2814645,11,45,
1465,observational_left,40,30,10,0,20,80434.89999985695,2896438,8,47,
1465,observational_left,5,40,30,1,25,56283.39999985695,2954253,18,49,
1465,observational_left,15,40,20,1,25,74405.30000019073,3030093,13,51,
1465,observational_left,25,50,10,0,15,54094.09999990463,3085445,22,53,
1445,observational_left,10,70,10,0,10,35331.89999999851,882404,1,8,
1445,observational_left,80,0,0,0,20,27149.80000000447,936992,2,12,
1445,observational_left,90,0,0,0,10,182899.8999999985,1164016,3,15,
1445,observational_left,10,40,20,0,30,291520.6000000015,1457782,13,17,
1445,observational_left,100,0,0,0,0,36445.10000000149,1497607,4,19,
1445,observational_left,100,0,0,0,0,14092.29999999702,1519016,10,21,
1445,observational_left,50,0,0,0,50,21637.90000000596,1542446,6,23,
1445,observational_left,10,60,10,0,20,43908.80000000447,1588791,9,25,
1445,observational_left,100,0,0,0,0,14344.59999999404,1606118,5,27,
1445,observational_left,50,30,10,0,10,43221.29999999702,1661766,20,29,
1445,observational_left,60,20,10,0,10,28500.69999999553,1692431,8,31,
1445,observational_left,0,30,10,0,60,34001.80000000447,1728108,19,33,
1445,observational_left,20,30,30,0,20,20484.20000000298,1750425,11,35,
1445,observational_left,20,50,10,1,20,50643.20000000298,1810767,15,37,
1445,observational_left,80,5,5,0,10,22106.60000000149,1835110,14,39,
1445,observational_left,20,70,5,1,5,38219,1874891,12,41,
1445,observational_left,20,40,20,1,20,16617.10000000149,1893660,22,43,
1445,observational_left,30,30,10,0,30,49189.09999999404,1944480,17,45,
1445,observational_left,100,0,0,0,0,11725.10000000149,1957568,16,47,
1445,observational_left,5,90,0,1,5,13938.39999999851,1972991,18,49,
1445,observational_left,20,50,10,1,20,23862.5,1998586,7,51,
1445,observational_left,20,70,5,1,5,13071.39999999851,2013530,21,53,
1487,observational_left,15,60,5,0,20,71313.20000000298,3108053,1,13,
1487,observational_left,60,20,10,0,10,37314.10000000894,3159461,2,17,
1487,observational_left,60,30,5,0,5,65417.60000000894,3233191,8,20,
1487,observational_left,5,75,10,1,10,52521.79999999702,3287740,20,22,
1487,observational_left,25,60,5,1,10,41317.29999999702,3331580,4,24,
1487,observational_left,10,55,15,1,20,70666.5,3406744,13,26,
1487,observational_left,40,50,5,1,5,46901.59999999404,3458849,16,28,
1487,observational_left,30,45,10,1,15,30542,3492705,12,30,
1487,observational_left,40,50,5,1,5,29126.19999998808,3524656,10,32,
1487,observational_left,20,30,30,0,20,36901.89999999106,3564227,7,34,
1487,observational_left,20,60,5,1,15,33610.29999999702,3602355,22,36,
1487,observational_left,15,50,10,1,25,47053.69999998808,3652906,21,38,
1487,observational_left,25,15,40,0,20,36982.19999998808,3692319,11,40,
1487,observational_left,20,20,20,0,40,65166.40000000596,3759683,6,42,
1487,observational_left,15,60,5,1,20,25758,3787427,15,44,
1487,observational_left,20,60,5,1,15,30150.20000000298,3820235,3,46,
1487,observational_left,20,65,5,1,10,30998.59999999404,3854067,9,48,
1487,observational_left,50,20,10,0,20,35982.10000000894,3891711,14,50,
1487,observational_left,15,20,5,0,60,25669.79999999702,3920086,19,52,
1487,observational_left,20,50,15,1,15,35522.10000000894,3958198,18,54,
1487,observational_left,10,15,15,0,60,25825.60000000894,3986011,17,56,
1487,observational_left,15,20,15,0,50,36806.5,4025403,5,58,
1453,observational_left,25,25,25,1,25,27843.19999999972,135085,1,8,
1453,observational_left,25,25,25,0,25,27724.899999999907,171879,2,12,
1453,observational_left,25,25,25,0,25,22645.799999999817,199746,19,15,
1453,observational_left,25,25,25,1,25,34311.200000000186,237421,6,17,
1453,observational_left,25,25,25,0,25,20793.200000000183,260643,8,19,
1453,observational_left,25,25,25,1,25,34424.89999999991,298982,12,21,
1453,observational_left,25,25,25,0,25,34007.60000000009,337564,5,23,
1453,observational_left,25,25,25,1,25,29068.899999999907,369883,21,25,
1453,observational_left,25,25,25,0,25,27122.399999999907,400565,14,27,
1453,observational_left,25,25,25,1,25,38782,443576,22,29,
1453,observational_left,25,25,25,1,25,51390,499387,11,31,
1453,observational_left,25,25,25,1,25,21137.5,524500,3,33,
1453,observational_left,25,25,35,0,15,53815.10000000009,587300,10,35,
1453,observational_left,25,25,25,1,25,23983.799999999817,615406,9,37,
1453,observational_left,25,25,25,1,25,27311.400000000373,647113,7,39,
1453,observational_left,25,25,25,1,25,23356.600000000093,673443,18,41,
1453,observational_left,25,25,25,1,25,27710,705153,13,43,
1453,observational_left,25,25,25,0,25,28200.600000000093,738589,16,45,
1453,observational_left,25,25,25,1,25,30193.700000000183,778879,15,47,
1453,observational_left,25,25,15,0,35,29072.900000000373,811532,4,49,
1453,observational_left,25,25,24,0,26,24677.399999999907,842985,17,51,
1453,observational_left,15,35,25,1,25,24607.400000000373,873128,20,53,
1439,observational_left,10,70,10,1,10,14310.19999998808,133235,1,8,
1439,observational_left,30,25,15,0,30,59461.90000003576,211355,2,12,
1439,observational_left,20,60,10,1,10,39973.40000003576,258866,3,15,
1439,observational_left,10,70,10,1,10,26845.19999998808,287371,21,17,
1439,observational_left,50,10,30,0,10,166652.69999998808,455546,17,19,
1439,observational_left,10,60,20,1,10,20454,478185,4,21,
1439,observational_left,10,60,20,1,10,29438,509633,20,23,
1439,observational_left,20,50,10,0,20,48901.89999997616,559962,18,25,
1439,observational_left,50,0,25,0,25,37677.19999998808,599513,6,27,
1439,observational_left,20,50,15,1,15,25494.099999964237,626938,12,29,
1439,observational_left,15,70,10,1,5,39213.80000001192,667642,16,31,
1439,observational_left,30,50,10,1,10,14390.100000023842,684290,22,33,
1439,observational_left,15,60,10,1,15,36685.29999995232,722561,15,35,
1439,observational_left,30,45,10,1,15,41982,766081,9,37,
1439,observational_left,50,30,10,0,10,24214.10000002384,791913,13,39,
1439,observational_left,50,15,10,0,25,37878.10000002384,831385,14,41,
1439,observational_left,60,5,15,0,20,32797.90000003576,865609,7,43,
1439,observational_left,85,5,5,0,5,58590.19999998808,925584,19,45,
1439,observational_left,10,80,5,1,5,38494.20000004768,965792,10,47,
1439,observational_left,50,20,25,1,5,64301.80000001192,1031600,11,49,
1439,observational_left,20,30,20,1,30,28357.5,1061408,5,51,
1439,observational_left,5,80,5,1,10,20446.10000002384,1083328,8,53,
1471,observational_left,5,40,5,1,50,152512.40000000002,826099,1,8,
1471,observational_left,40,5,15,1,40,85565.30000000005,1082415,2,12,
1471,observational_left,65,20,5,1,10,125535.09999999986,1216987,10,15,
1471,observational_left,5,55,5,0,35,78117.59999999986,1302136,15,17,
1471,observational_left,50,30,5,1,15,74110.80000000005,1380680,16,19,
1471,observational_left,20,15,5,1,60,72316.90000000014,1455418,13,21,
1471,observational_left,50,15,10,0,25,97443.80000000005,1554674,8,23,
1471,observational_left,5,5,25,0,65,77122.69999999995,1633617,11,25,
1471,observational_left,70,15,5,1,10,91547.69999999995,1726962,14,27,
1471,observational_left,10,40,10,0,40,135419.5,1864329,3,29,
1471,observational_left,40,30,10,1,20,149614.69999999995,2019382,21,31,
1471,observational_left,10,5,10,0,75,67625.6000000001,2088677,17,33,
1471,observational_left,20,10,10,0,60,50393.19999999949,2140555,7,35,
1471,observational_left,65,20,5,1,10,63390,2205603,4,37,
1471,observational_left,20,20,10,0,50,186016.3999999999,2394971,18,39,
1471,observational_left,25,15,5,0,55,136789.8999999999,2534458,20,41,
1471,observational_left,10,5,5,0,80,68616.5,2604890,19,43,
1471,observational_left,15,5,5,0,75,63505.10000000009,2670354,6,45,
1471,observational_left,40,25,5,1,30,183751.09999999963,2855627,12,47,
1471,observational_left,10,5,5,0,80,55880.5,2912982,5,49,
1471,observational_left,60,20,5,1,15,76608,2991106,22,51,
1471,observational_left,30,35,5,1,30,91777.80000000028,3084267,9,53,
1478,observational_left,30,40,10,0,20,76911.29999995232,691832,1,8,
1478,observational_left,50,0,20,1,30,58440.5,776293,2,12,
1478,observational_left,20,40,20,0,20,628524.4000000954,1412983,8,15,
1478,observational_left,10,60,10,1,20,49698.29999995232,1465174,12,17,
1478,observational_left,40,10,10,0,40,48110.60000014305,1516408,6,19,
1478,observational_left,40,10,10,0,40,46170.09999990463,1571227,10,21,
1478,observational_left,10,20,0,1,70,43842.90000009537,1616877,5,23,
1478,observational_left,10,50,30,1,10,45090.79999995232,1663194,11,25,
1478,observational_left,70,0,0,0,30,25959.099999904633,1691655,22,27,
1478,observational_left,10,40,40,1,10,31610.299999952316,1725634,18,29,
1478,observational_left,10,60,20,1,10,22424.400000095367,1750049,21,31,
1478,observational_left,10,60,20,1,10,20291,1771974,15,33,
1478,observational_left,5,30,50,0,15,48404.20000004768,1822675,17,35,
1478,observational_left,40,10,10,0,40,24048.700000047684,1848480,7,37,
1478,observational_left,70,5,5,0,20,31104.099999904633,1881474,4,39,
1478,observational_left,5,70,5,1,20,37590.5,1920556,20,41,
1478,observational_left,30,60,5,1,5,24034.299999952316,1947123,9,43,
1478,observational_left,80,10,5,0,5,32369.60000014305,1981311,16,45,
1478,observational_left,10,50,20,1,20,32608.599999904633,2016309,13,47,
1478,observational_left,20,50,15,1,15,228240.5,2246173,3,49,
1478,observational_left,10,25,5,0,60,41009.59999990463,2288482,19,51,
1478,observational_left,60,25,5,0,10,102024.5,2392509,14,53,
1456,observational_left,40,50,5,0,5,57789.80000001192,703302,1,8,
1456,observational_left,25,50,15,1,10,31820.80000001192,780552,2,12,
1456,observational_left,5,35,50,0,10,67665.90000003576,855762,18,15,
1456,observational_left,10,40,35,1,15,118553.5,976275,22,17,
1456,observational_left,15,5,30,1,50,55712,1033642,17,19,
1456,observational_left,15,25,35,1,25,121195.5,1159122,11,21,
1456,observational_left,5,15,30,0,50,35998.10000002384,1196756,19,23,
1456,observational_left,35,20,20,1,25,88120.19999998808,1287749,8,25,
1456,observational_left,15,35,15,1,35,79942.80000001192,1371778,13,27,
1456,observational_left,10,35,30,0,25,58713,1432123,7,29,
1456,observational_left,50,20,5,0,25,55132.59999996424,1491473,16,31,
1456,observational_left,50,10,10,0,30,49581.59999996424,1545850,10,33,
1456,observational_left,5,40,15,0,40,83789.5,1632315,21,35,
1456,observational_left,25,35,15,0,25,60376.70000004768,1695352,14,37,
1456,observational_left,5,35,5,0,55,56852.70000004768,1754296,20,39,
1456,observational_left,15,35,15,0,35,72056.10000002384,1828919,9,41,
1456,observational_left,10,10,35,1,45,75668,1906322,5,43,
1456,observational_left,30,35,10,0,25,72240.59999996424,1980557,3,45,
1456,observational_left,45,10,35,1,10,28644.30000001192,2010890,6,47,
1456,observational_left,20,35,10,1,35,70865,2083396,12,49,
1456,observational_left,15,35,5,0,45,94258.30000001192,2180047,15,51,
1456,observational_left,45,35,10,1,10,59892.20000004768,2241438,4,53,
1492,observational_left,20,25,25,0,30,137357.40000009537,2013174,1,28,
1492,observational_left,25,25,25,1,25,30408.800000190735,2072994,2,32,
1492,observational_left,15,35,35,1,15,89091.59999990463,2168924,21,35,
1492,observational_left,25,35,15,0,25,21056.400000095367,2193952,14,37,
1492,observational_left,25,30,20,1,25,19615.300000190735,2215711,9,39,
1492,observational_left,25,35,15,1,25,19263.60000038147,2237885,15,41,
1492,observational_left,20,30,20,1,30,44336.39999961853,2285519,12,43,
1492,observational_left,20,25,25,1,30,14433.5,2301956,5,45,
1492,observational_left,25,35,15,1,25,42957.40000009537,2347778,13,47,
1492,observational_left,25,30,20,1,25,20565.200000286102,2370381,8,49,
1492,observational_left,25,35,15,0,25,12903.799999713898,2384879,16,51,
1492,observational_left,15,35,15,1,35,24561.699999809265,2411265,22,53,
1492,observational_left,20,30,20,1,30,14446.900000095367,2427642,11,55,
1492,observational_left,10,25,25,1,40,15296,2444674,19,57,
1492,observational_left,15,25,25,1,35,41700.800000190735,2490121,18,59,
1492,observational_left,25,25,25,0,25,10459.799999713898,2503406,4,61,
1492,observational_left,25,25,25,1,25,8616.300000190735,2513822,3,63,
1492,observational_left,10,25,30,1,35,12700.60000038147,2528202,20,65,
1492,observational_left,25,35,15,1,25,12063.699999809263,2542068,10,67,
1492,observational_left,25,25,25,1,25,10554,2554328,6,69,
1492,observational_left,25,35,15,1,25,11114.099999904633,2567051,7,71,
1492,observational_left,15,25,25,0,35,16112.099999904633,2584671,17,73,
1479,observational_left,50,25,5,1,20,53381,642304,1,8,
1479,observational_left,30,30,30,0,10,25013,691334,2,12,
1479,observational_left,35,25,10,1,30,43885,744688,20,15,
1479,observational_left,35,35,10,0,20,43973,791823,13,17,
1479,observational_left,35,35,5,1,25,26035,825973,11,19,
1479,observational_left,45,45,5,0,5,25086,853672,6,21,
1479,observational_left,35,35,10,1,20,25807,882496,3,23,
1479,observational_left,35,35,5,1,25,44446,928496,22,25,
1479,observational_left,45,35,5,0,15,36094,966711,9,27,
1479,observational_left,40,40,5,1,15,23335,991806,10,29,
1479,observational_left,40,35,5,1,20,32235,1025592,14,31,
1479,observational_left,45,15,5,0,35,59866,1087077,17,33,
1479,observational_left,30,15,15,0,40,34787,1123495,19,35,
1479,observational_left,30,30,10,1,30,40286,1165144,18,37,
1479,observational_left,40,30,10,0,20,34005,1200455,7,39,
1479,observational_left,40,30,10,1,20,28048,1229994,21,41,
1479,observational_left,50,30,5,1,15,42974,1274696,16,43,
1479,observational_left,35,30,5,1,30,65830,1341840,4,45,
1479,observational_left,40,30,5,1,25,26612,1369839,15,47,
1479,observational_left,40,30,5,0,25,42862,1414136,12,49,
1479,observational_left,40,30,5,1,25,41133,1456713,8,51,
1479,observational_left,40,20,10,0,30,30742,1489687,5,53,
1483,observational_left,15,35,15,1,35,39098,293345,1,8,
1483,observational_left,25,20,30,0,25,79385,377496,2,12,
1483,observational_left,30,20,25,1,25,39099,419377,13,15,
1483,observational_left,15,15,20,0,50,32581,453112,6,17,
1483,observational_left,25,35,15,1,25,22315,476577,12,19,
1483,observational_left,25,35,15,1,25,33783,511695,9,21,
1483,observational_left,20,35,20,1,25,18165,530828,21,23,
1483,observational_left,40,20,15,0,25,20648,552510,14,25,
1483,observational_left,15,35,35,1,15,31633,585245,3,27,
1483,observational_left,10,35,30,1,25,29781,616010,15,29,
1483,observational_left,10,15,25,0,50,45649,662726,19,31,
1483,observational_left,25,15,10,1,50,16752,680544,17,33,
1483,observational_left,50,25,10,1,15,20481,702043,10,35,
1483,observational_left,25,25,15,1,35,46065,751943,11,37,
1483,observational_left,45,25,5,1,25,18514,771659,22,39,
1483,observational_left,25,10,40,0,25,30647,803375,8,41,
1483,observational_left,25,10,15,1,50,17965,822293,5,43,
1483,observational_left,15,35,25,1,25,16331,839576,20,45,
1483,observational_left,35,35,15,1,15,17315,857958,16,47,
1483,observational_left,25,15,25,1,35,90700,949542,7,49,
1483,observational_left,25,35,25,1,15,18450,969776,4,51,
1483,observational_left,15,25,25,1,35,24279,995224,18,53,
1227,observational_left,20,45,5,0,30,166947.89999997616,534649,1,8,
1227,observational_left,25,0,50,0,25,45925.39999997616,596925,2,12,
1227,observational_left,25,0,0,0,75,27708.10000002384,629679,6,15,
1227,observational_left,35,5,35,1,25,135101.10000002384,766076,8,17,
1227,observational_left,20,20,0,0,60,85306.5,853690,11,19,
1227,observational_left,20,60,0,1,20,53311.29999995232,908794,12,21,
1227,observational_left,25,30,0,0,45,63595.800000071526,973708,13,23,
1227,observational_left,25,55,0,1,20,67029,1042034,9,25,
1227,observational_left,15,60,0,1,25,47890.5,1091214,18,27,
1227,observational_left,35,10,30,1,25,79340.30000007153,1171877,14,29,
1227,observational_left,25,50,0,0,25,17709.799999952316,1191414,3,31,
1227,observational_left,75,10,0,1,15,24206.69999992847,1217167,16,33,
1227,observational_left,15,10,0,1,75,26959.299999952316,1248766,17,35,
1227,observational_left,25,15,0,1,60,59870.89999997616,1315984,7,37,
1227,observational_left,10,15,0,0,75,32345.200000047684,1352395,19,39,
1227,observational_left,75,5,0,0,20,27549.60000002384,1381647,10,41,
1227,observational_left,25,60,0,1,15,28730.30000007153,1411599,15,43,
1227,observational_left,10,65,0,1,25,20546.10000002384,1433313,20,45,
1227,observational_left,15,70,0,1,15,23514.39999997616,1458117,21,47,
1227,observational_left,75,0,0,0,25,14552.399999976158,1474158,4,49,
1227,observational_left,40,45,0,1,15,94864.30000007153,1570074,22,51,
1227,observational_left,20,5,0,0,75,26794.5,1597951,5,53,
1443,observational_left,20,75,0,1,5,43853.89999997616,644501,1,13,
1443,observational_left,70,20,5,1,5,40250.5,713524,2,17,
1443,observational_left,20,45,0,1,35,49015.30000001192,770358,13,20,
1443,observational_left,40,45,5,1,10,28687.5,803210,22,22,
1443,observational_left,15,40,5,0,40,27900.70000001788,834261,12,24,
1443,observational_left,10,40,10,0,40,27725.69999998808,864559,18,26,
1443,observational_left,40,50,0,1,10,31753,898123,10,28,
1443,observational_left,10,20,10,0,60,25945.59999999404,925753,17,30,
1443,observational_left,10,60,5,1,25,40098.59999999404,967461,21,32,
1443,observational_left,5,50,5,0,40,18710,988262,20,34,
1443,observational_left,40,40,5,1,15,19266.09999999404,1009788,4,36,
1443,observational_left,50,20,10,1,20,24974.59999999404,1036416,8,38,
1443,observational_left,40,40,10,1,10,19567.59999999404,1057734,16,40,
1443,observational_left,15,35,25,0,25,16914.90000000596,1075766,9,42,
1443,observational_left,40,30,5,1,25,19200,1097208,14,44,
1443,observational_left,20,50,10,1,20,25809.59999999404,1124313,3,46,
1443,observational_left,20,15,45,0,20,90565.5,1216211,7,48,
1443,observational_left,15,15,30,0,40,29525.69999998808,1247012,6,50,
1443,observational_left,10,25,5,0,60,48650.09999999404,1296758,11,52,
1443,observational_left,20,50,10,1,20,16894.90000000596,1315048,15,54,
1443,observational_left,5,15,20,0,60,18617.90000000596,1334705,19,56,
1443,observational_left,15,20,35,0,30,35466.29999998212,1371995,5,58,
1477,observational_left,25,40,10,1,25,58435.600000000035,212271,1,8,
1477,observational_left,50,30,10,0,10,30879,256526,2,12,
1477,observational_left,20,40,20,0,20,21522.70000000007,285708,19,15,
1477,observational_left,30,40,20,0,10,13140.199999999952,300329,13,17,
1477,observational_left,10,60,20,1,10,11963.400000000023,315692,21,19,
1477,observational_left,30,30,20,0,20,17352.300000000047,334987,8,21,
1477,observational_left,20,50,10,1,20,13516.900000000023,351966,16,23,
1477,observational_left,20,50,10,1,20,28419.5,382436,9,25,
1477,observational_left,30,30,20,0,20,9744.800000000048,408749,15,27,
1477,observational_left,10,50,20,1,20,13175.70000000007,423805,22,29,
1477,observational_left,30,30,20,0,20,44642.40000000002,480061,3,31,
1477,observational_left,20,10,30,0,40,15835.400000000023,497037,17,33,
1477,observational_left,30,30,20,1,20,7953.300000000047,506208,18,35,
1477,observational_left,30,30,20,0,20,14217,521261,20,37,
1477,observational_left,40,40,10,1,10,19422,541994,14,39,
1477,observational_left,20,60,10,1,10,24607.199999999953,567782,12,41,
1477,observational_left,20,40,20,0,20,19274.90000000014,588416,7,43,
1477,observational_left,30,30,20,1,20,11396.699999999952,601164,10,45,
1477,observational_left,40,30,15,0,15,13817.5,618268,4,47,
1477,observational_left,30,30,20,1,20,8792.699999999953,629327,6,49,
1477,observational_left,20,20,20,0,40,9901.09999999986,640371,11,51,
1477,observational_left,20,20,30,0,30,12045.300000000048,653730,5,53,
1435,observational_left,0,50,25,1,25,35333.799999952316,357195,1,8,
1435,observational_left,0,50,25,1,25,27426.60000014305,398125,2,12,
1435,observational_left,25,25,25,1,25,26654.10000014305,431534,6,15,
1435,observational_left,0,25,75,1,0,40157.10000014305,474989,17,17,
1435,observational_left,10,75,10,0,5,54019.699999809265,531666,3,19,
1435,observational_left,5,50,25,0,20,38319,574584,21,21,
1435,observational_left,20,60,10,1,10,25189.799999952316,601210,13,23,
1435,observational_left,55,25,10,0,10,49235,652858,10,25,
1435,observational_left,10,30,35,0,25,56135.70000004768,713100,12,27,
1435,observational_left,45,45,5,1,5,45392.89999985695,760028,16,29,
1435,observational_left,5,40,50,0,5,36077,798622,20,31,
1435,observational_left,25,10,50,1,15,36144.09999990463,836011,11,33,
1435,observational_left,25,25,25,1,25,30954.700000047684,868084,4,35,
1435,observational_left,10,35,20,0,35,29051,901022,22,37,
1435,observational_left,15,65,5,0,15,23129.39999985695,925159,9,39,
1435,observational_left,10,35,45,1,10,28591.300000190735,954750,15,41,
1435,observational_left,40,15,30,1,15,46288.70000004768,1004380,14,43,
1435,observational_left,10,15,40,0,35,23161.900000095367,1029329,5,45,
1435,observational_left,0,15,10,1,75,22620.10000014305,1053106,7,47,
1435,observational_left,25,55,10,0,10,53753.40000009537,1108391,18,49,
1435,observational_left,20,15,30,0,35,59581,1168818,19,51,
1435,observational_left,20,25,40,0,15,56582.90000009537,1226559,8,53,
1234,observational_left,13,57,0,1,30,254898.30000001192,841332,1,8,
1234,observational_left,0,0,100,0,0,35742.10000000894,996992,2,12,
1234,observational_left,50,50,0,1,0,27862.20000000298,1033950,3,15,
1234,observational_left,0,55,0,1,45,106765.40000000596,1144712,18,17,
1234,observational_left,10,10,45,0,35,86953.40000000596,1236554,14,19,
1234,observational_left,100,0,0,0,0,26341.29999999702,1265081,4,21,
1234,observational_left,100,0,0,0,0,29641.79999999702,1300075,6,23,
1234,observational_left,15,15,0,1,70,84234.70000000298,1387412,13,25,
1234,observational_left,15,40,0,0,45,109596.39999999106,1499485,15,27,
1234,observational_left,10,10,0,0,80,73615.40000000596,1575093,17,29,
1234,observational_left,10,40,0,1,50,50147.90000000596,1626977,21,31,
1234,observational_left,25,20,20,0,35,392267.39999999106,2024454,22,33,
1234,observational_left,15,30,5,0,50,125799.40000000596,2152360,9,35,
1234,observational_left,10,15,0,1,75,273678.60000000894,2430720,19,37,
1234,observational_left,75,5,0,0,20,42615.5,2475364,16,39,
1234,observational_left,20,5,25,0,50,66764.80000001192,2543664,8,41,
1234,observational_left,10,30,50,0,10,177677.20000000298,2723543,12,43,
1234,observational_left,15,15,0,0,70,85033.70000000298,2812483,7,45,
1234,observational_left,10,5,0,0,85,29445.29999999702,2844987,5,47,
1234,observational_left,75,5,0,0,20,282113.1999999881,3128884,10,49,
1234,observational_left,5,35,0,1,60,113501.90000000596,3244691,20,51,
1234,observational_left,15,10,0,0,75,69493.5,3316859,11,53,
1476,observational_left,15,45,10,1,30,136006.09999999986,1319206,1,18,
1476,observational_left,50,0,25,0,25,56156.799999999814,1406482,2,22,
1476,observational_left,25,30,15,0,30,92192.2000000002,1511512,16,25,
1476,observational_left,10,75,10,1,5,59335,1574100,21,27,
1476,observational_left,20,70,2,1,8,102050.2999999998,1681693,12,29,
1476,observational_left,10,10,40,0,40,115846.7000000002,1803648,11,31,
1476,observational_left,20,50,10,1,20,52022.60000000009,1861460,9,33,
1476,observational_left,10,40,10,1,40,90204.7000000002,1954119,20,35,
1476,observational_left,10,0,20,0,70,72056.40000000037,2031849,17,37,
1476,observational_left,15,15,25,0,45,67305.00000000023,2101965,5,39,
1476,observational_left,20,25,25,0,30,175164.2000000002,2279830,13,41,
1476,observational_left,15,15,20,0,50,51432.799999999814,2335071,6,43,
1476,observational_left,40,15,30,0,15,85159.5,2422656,8,45,
1476,observational_left,32,28,20,0,20,118172,2545385,14,47,
1476,observational_left,45,30,10,1,15,64500.5,2614167,15,49,
1476,observational_left,60,20,10,1,10,71818.70000000019,2689153,4,51,
1476,observational_left,10,10,25,0,55,54117.800000000745,2747701,19,53,
1476,observational_left,10,70,10,1,10,35703.200000000186,2787900,3,55,
1476,observational_left,5,45,20,1,30,81383.90000000037,2876837,18,57,
1476,observational_left,40,40,10,1,10,83150.79999999981,2962868,10,59,
1476,observational_left,20,20,20,0,40,97485.69999999924,3063434,7,61,
1476,observational_left,25,45,10,1,20,95885.59999999964,3162417,22,63,
1486,observational_left,25,33,17,1,25,140393.80000001192,1390443,1,8,
1486,observational_left,25,0,50,0,25,71357.5,1565357,2,12,
1486,observational_left,0,50,25,1,25,98988.70000001788,1677021,9,15,
1486,observational_left,25,25,25,1,25,68288.40000000596,1747480,18,17,
1486,observational_left,15,40,15,1,30,211765.09999999404,1962577,11,19,
1486,observational_left,25,25,25,1,25,51866.20000001788,2019997,6,21,
1486,observational_left,25,50,5,1,20,163295.5,2193600,22,23,
1486,observational_left,0,50,50,1,0,29251.30000001192,2224955,19,25,
1486,observational_left,25,25,25,0,25,229397.40000000596,2455799,14,27,
1486,observational_left,25,13,12,0,50,49720.59999999404,2507401,17,29,
1486,observational_left,25,25,25,0,25,27443.30000001192,2537096,5,31,
1486,observational_left,13,50,12,1,25,94737.60000002384,2633912,13,33,
1486,observational_left,35,25,15,0,25,89528.39999997616,2725670,10,35,
1486,observational_left,25,50,0,1,25,58050,2785196,3,37,
1486,observational_left,15,35,35,1,15,95086.59999999404,2881894,12,39,
1486,observational_left,0,25,25,1,50,49343.70000001788,2932802,7,41,
1486,observational_left,15,50,15,1,20,114195.79999998212,3048648,21,43,
1486,observational_left,15,50,15,1,20,78331.79999998212,3128599,20,45,
1486,observational_left,25,25,25,0,25,77767.09999999404,3207714,8,47,
1486,observational_left,50,25,10,0,15,39335.79999998212,3248535,16,49,
1486,observational_left,0,50,25,1,25,38502.59999999404,3288386,15,51,
1486,observational_left,25,25,25,0,25,24635.20000001788,3314490,4,53,
1463,observational_left,20,50,20,1,10,23956,494104,1,8,
1463,observational_left,20,20,30,0,30,18684.99999999994,525964,2,12,
1463,observational_left,20,60,10,1,10,15037,547421,18,15,
1463,observational_left,25,40,20,1,15,28287,578012,13,17,
1463,observational_left,50,25,15,0,10,36768,619343,17,19,
1463,observational_left,25,25,25,0,25,22976,643503,6,21,
1463,observational_left,10,75,5,1,10,15482,660751,12,23,
1463,observational_left,20,70,5,1,5,17320,680043,10,25,
1463,observational_left,20,60,10,1,10,14363,697337,9,27,
1463,observational_left,25,25,15,0,35,19711,718983,19,29,
1463,observational_left,10,80,5,1,5,10765,731097,16,31,
1463,observational_left,10,70,10,0,10,25058.000000000116,757523,21,33,
1463,observational_left,10,80,5,1,5,17289,776010,15,35,
1463,observational_left,25,65,5,1,5,12197,789381,22,37,
1463,observational_left,20,30,30,0,20,16530,807064,5,39,
1463,observational_left,20,40,20,0,20,10628,818810,11,41,
1463,observational_left,15,75,5,1,5,18696,838655,4,43,
1463,observational_left,25,50,10,0,15,14632,854644,7,45,
1463,observational_left,20,60,10,0,10,12830,868611,8,47,
1463,observational_left,20,60,10,0,10,11173,882069,14,49,
1463,observational_left,10,70,10,1,10,8657.999999999884,891925,20,51,
1463,observational_left,20,65,5,0,10,11105,905039,3,53,
1449,observational_left,15,50,15,1,20,51292.699999928474,522438,1,8,
1449,observational_left,50,25,15,0,10,37246.79999995232,615422,2,12,
1449,observational_left,10,25,25,1,40,50730.89999997616,679476,3,15,
1449,observational_left,10,10,30,1,50,42308.79999995232,724125,21,17,
1449,observational_left,20,60,10,0,10,49038.89999997616,775158,8,19,
1449,observational_left,10,5,25,1,60,31695.200000047684,809596,6,21,
1449,observational_left,15,30,25,1,30,68216.90000009537,880254,15,23,
1449,observational_left,10,40,20,1,30,35567,917405,5,25,
1449,observational_left,20,40,15,1,25,30610.700000047684,949620,9,27,
1449,observational_left,20,50,20,1,10,24784.700000047684,975840,7,29,
1449,observational_left,20,50,10,0,20,63000.800000071526,1042628,11,31,
1449,observational_left,10,20,20,0,50,28660.89999997616,1075466,18,33,
1449,observational_left,15,30,35,1,20,42324.300000071526,1119345,22,35,
1449,observational_left,5,10,25,0,60,24140.60000002384,1145038,20,37,
1449,observational_left,20,60,10,1,10,24780.799999952316,1172836,16,39,
1449,observational_left,20,50,15,1,15,36574.39999997616,1213713,4,41,
1449,observational_left,5,30,40,1,25,44002.89999997616,1259913,13,43,
1449,observational_left,15,20,25,1,40,33500,1294840,17,45,
1449,observational_left,20,30,20,0,30,34945.10000002384,1330917,12,47,
1449,observational_left,10,15,15,0,60,28040,1360408,19,49,
1449,observational_left,30,55,5,0,10,36134.60000002384,1398475,14,51,
1449,observational_left,30,50,10,1,10,24853.10000002384,1424833,10,53,
1436,observational_left,40,10,30,0,20,44586.20000000298,712036,1,13,
1436,observational_left,10,10,60,1,20,37690.20000000298,758596,2,17,
1436,observational_left,30,50,10,0,10,24491.09999999404,787300,18,20,
1436,observational_left,0,20,50,1,30,25597.79999999702,815431,5,22,
1436,observational_left,20,50,20,0,10,30383.79999999702,848841,12,24,
1436,observational_left,20,40,30,1,10,22989.70000000298,877469,21,26,
1436,observational_left,20,40,10,0,30,22951,901995,13,28,
1436,observational_left,5,30,15,1,50,29461.40000000596,932849,19,30,
1436,observational_left,50,30,10,0,10,95027.70000000298,1029601,9,32,
1436,observational_left,40,20,20,0,20,30636.79999999702,1062257,20,34,
1436,observational_left,50,30,10,0,10,13714.90000000596,1077231,10,36,
1436,observational_left,0,40,10,0,50,34378.5,1112645,3,38,
1436,observational_left,20,20,10,0,50,21120.09999999404,1135019,15,40,
1436,observational_left,5,30,5,1,60,27176.19999998808,1165136,11,42,
1436,observational_left,0,40,20,0,40,23044.79999999702,1189333,7,44,
1436,observational_left,0,30,10,0,60,22200.40000000596,1212612,17,46,
1436,observational_left,60,40,0,0,0,16333.29999999702,1230139,14,48,
1436,observational_left,60,30,10,0,0,23001.5,1254045,8,50,
1436,observational_left,20,40,20,1,20,29160.5,1283958,22,52,
1436,observational_left,60,20,10,0,10,24665.09999999404,1309631,16,54,
1436,observational_left,60,30,5,0,5,34192,1344873,4,56,
1436,observational_left,0,30,40,1,30,23548,1370261,6,58,
1447,observational_left,20,76,2,1,2,49787.5,1502889,1,18,
1447,observational_left,50,00,50,0,0,48617.70000001788,1579240,2,22,
1447,observational_left,00,85,0,1,15,46586.79999998212,1647027,9,25,
1447,observational_left,50,0,30,0,20,32002.5,1682703,6,27,
1447,observational_left,5,90,0,1,5,19095.09999999404,1709607,20,29,
1447,observational_left,050,50,0,1,0,26290.29999998212,1739280,4,31,
1447,observational_left,15,80,00,1,5,33262.30000001192,1776442,13,33,
1447,observational_left,10,90,0,1,0,19291,1797868,18,35,
1447,observational_left,10,0,0,0,90,23732.40000000596,1824125,14,37,
1447,observational_left,0,100,0,1,00,13246.5,1844619,12,39,
1447,observational_left,0,100,0,1,00,15758,1862778,3,41,
1447,observational_left,25,75,00,0,00,56055.19999998808,1923473,17,43,
1447,observational_left,25,75,0,0,0,18667.80000001192,1949155,19,45,
1447,observational_left,20,80,0,1,00,29259.10000002384,1985798,7,47,
1447,observational_left,0,100,0,1,0,14657.30000001192,2002980,21,49,
1447,observational_left,10,90,0,1,0,64182.59999999404,2069167,16,51,
1447,observational_left,15,85,0,1,0,35669.30000001192,2107085,22,53,
1447,observational_left,0,90,0,0,10,65752.59999999404,2175370,5,55,
1447,observational_left,35,45,5,0,15,84408.29999998212,2264079,10,57,
1447,observational_left,90,0,0,0,10,33665,2302622,8,59,
1447,observational_left,10,90,0,1,0,25741.20000001788,2331635,15,61,
1447,observational_left,25,60,0,0,15,53019.09999999404,2386809,11,63,
1493,observational_left,20,60,10,1,10,64922,1376566,1,18,
1493,observational_left,30,20,35,0,15,43623,1465341,2,22,
1493,observational_left,20,60,10,1,10,32409,1518510,15,25,
1493,observational_left,20,20,30,0,30,28583,1548691,13,27,
1493,observational_left,20,15,50,0,15,117741,1667563,5,29,
1493,observational_left,20,70,5,1,5,20248,1689266,10,31,
1493,observational_left,20,20,40,0,20,29076,1722696,19,33,
1493,observational_left,20,20,30,0,30,16866,1740840,17,35,
1493,observational_left,20,60,10,1,10,83540,1826880,21,37,
1493,observational_left,20,60,10,0,10,25653,1854172,18,39,
1493,observational_left,50,20,5,0,25,23878,1880627,8,41,
1493,observational_left,10,40,10,1,40,26807,1908635,22,43,
1493,observational_left,20,40,20,0,20,22581,1931891,20,45,
1493,observational_left,20,60,10,1,10,24117,1957105,3,47,
1493,observational_left,30,30,20,1,20,85805,2044888,14,49,
1493,observational_left,10,50,20,1,20,25253,2071748,9,51,
1493,observational_left,40,40,10,0,10,29170,2102199,4,53,
1493,observational_left,20,20,30,0,30,13716,2117645,11,55,
1493,observational_left,25,25,25,0,25,19558,2138536,6,57,
1493,observational_left,40,40,5,1,15,23389,2163111,16,59,
1493,observational_left,20,15,25,0,40,16231,2180428,7,61,
1493,observational_left,30,50,10,1,10,43610,2225686,12,63,
1495,observational_left,50,10,30,1,10,57822.59999999404,435603,1,8,
1495,observational_left,0,10,40,0,50,47773.19999998808,505130,2,12,
1495,observational_left,60,10,20,0,10,69489.10000002384,583780,10,15,
1495,observational_left,50,10,30,0,10,36471.20000001788,623650,14,17,
1495,observational_left,10,30,10,1,50,35692.30000001192,662985,9,19,
1495,observational_left,10,70,10,1,10,19896.20000001788,686257,20,21,
1495,observational_left,10,30,10,1,50,39860.5,728441,5,23,
1495,observational_left,10,60,10,1,20,27499.19999998808,759010,15,25,
1495,observational_left,10,10,30,0,50,29417.30000001192,790878,11,27,
1495,observational_left,10,20,50,0,20,31633,824734,17,29,
1495,observational_left,20,40,20,1,20,48766.80000001192,876075,7,31,
1495,observational_left,80,5,10,0,5,62074.59999999404,940476,4,33,
1495,observational_left,10,10,10,1,70,44135.09999999404,987752,6,35,
1495,observational_left,10,60,10,1,20,26644.69999998808,1016908,21,37,
1495,observational_left,10,60,10,1,20,22433.29999998212,1041123,18,39,
1495,observational_left,20,60,10,1,10,31271.5,1074216,22,41,
1495,observational_left,10,20,10,1,60,32759.59999999404,1108976,19,43,
1495,observational_left,40,10,40,0,10,29931.09999999404,1140897,8,45,
1495,observational_left,20,40,10,1,30,39102.5,1182639,13,47,
1495,observational_left,60,20,10,1,10,36169.80000001192,1220550,16,49,
1495,observational_left,30,20,10,0,40,52625.90000000596,1274704,3,51,
1495,observational_left,10,30,10,1,50,37213.5,1313667,12,53,
1422,observational_left,10,70,10,1,10,13952.79999999702,351975,1,8,
1422,observational_left,50,20,10,1,20,32374.60000000149,393129,2,12,
1422,observational_left,10,70,10,1,10,8580.300000000745,405206,9,15,
1422,observational_left,10,30,20,0,40,27361.699999999255,434002,19,17,
1422,observational_left,20,60,10,1,10,13359.5,449255,20,19,
1422,observational_left,20,60,10,1,10,10702.599999997765,461981,3,21,
1422,observational_left,10,60,10,1,20,14229.199999999257,478085,18,23,
1422,observational_left,50,40,5,0,5,17183,497282,8,25,
1422,observational_left,20,40,20,0,20,13195.800000000743,511946,7,27,
1422,observational_left,30,60,5,1,5,20486.300000000745,534375,16,29,
1422,observational_left,10,10,40,0,40,11917.70000000298,548017,5,31,
1422,observational_left,20,50,10,1,20,18867,568732,13,33,
1422,observational_left,10,70,10,1,10,7316.199999999255,577520,21,35,
1422,observational_left,30,60,5,1,5,10403.5,589910,4,37,
1422,observational_left,50,50,0,1,0,8440.39999999851,600448,14,39,
1422,observational_left,30,70,0,1,0,9434.900000002235,611717,10,41,
1422,observational_left,30,70,0,1,0,7300.699999999255,620293,22,43,
1422,observational_left,10,70,10,1,10,8561,630469,15,45,
1422,observational_left,10,50,20,1,20,9400.70000000298,641575,11,47,
1422,observational_left,20,20,30,0,30,16913.60000000149,660211,6,49,
1422,observational_left,10,25,40,0,25,23670.89999999851,685654,17,51,
1422,observational_left,10,70,10,1,10,7686.60000000149,694977,12,53,
