workerid,proliferate.condition,age,ethnicity,feedback,gender,race,time,timestamp,error
1488,experimental_left,28,Non-Hispanic,Seeing a running total of the percentage I have chosen so far would be helpful. I erred on the side of not giving people posters while choosing.,Female,Asian,1474480,2023-01-27 20:47:58,
1472,experimental_left,23,Hispanic,"If I believed that people would be encouraged by giving them a flyer,and that about more than 50% of the time I would give it to them.If I would believe that they would be discouraged,and/or would/would not go despite flyer, in any sort of combination, I wouldn't give them the flyer.. This worked out consistently for a good portion, I got every answer right every time, but then I got every answer wrong every time, I'm not sure what happened.",Non-binary,hispanic,3375209,2023-01-27 21:05:51,
1433,experimental_left,39,Non-Hispanic,,Female,White,2995034,2023-01-26 18:37:44,
1450,experimental_left,55,Non-Hispanic,The information on the charts influenced decisions,Female,White,2606486,2023-01-27 20:52:48,
1454,experimental_left,22,Non-Hispanic,,Female,White,857283,2023-01-27 20:23:33,
1448,experimental_left,24,Non-Hispanic,Looked at the data and made my observation,Male,White,1173620,2023-01-27 20:28:45,
1427,experimental_left,25,Non-Hispanic,I'm truly awful with proportions and percentages and at first I tried to recognize the person's name before I realized that these were different people from the practice.,Female,White,1430295,2023-01-26 17:58:38,
1444,experimental_left,25,Non-Hispanic,How people got the tickets to the movie based on how they were handed or not handed flyers,Male,Asian,1366587,2023-01-27 20:31:49,
1239,experimental_left,23,Hispanic,"i found it very difficult for percentages because I was not able to put my percentages as it would give me an error every time, even though they added up to 100",,White,1371050,2022-12-08 03:58:49,
1431,experimental_left,29,Non-Hispanic,"I considered the no flyer handed out group as the control, all other groups were impacted by the presence of the flyer. Therefore the number of people who didnt have a chance to get a flyer and still saw the movie is the % who will go whether or not they got a flyer.",Female,White,1236177,2023-01-26 18:04:05,
1468,experimental_left,38,Non-Hispanic,I tried to identify if people were more likely to go with a flyer.  I assume that if they were less likely with the flyer that it discouraged them.  ,Female,White,1597111,2023-01-27 20:36:04,
1494,experimental_left,23,,How likely the customer was already going to go to the movie regardless of the flyer,Female,White,939215,2023-01-27 20:44:53,
1470,experimental_left,31,Non-Hispanic,How many would go if they got a flyer,Male,White,1933560,2023-01-27 20:41:45,
1432,experimental_left,21,Non-Hispanic,"If there was an overwhelming majority of tickets sold when flyers were obtainable, but none when they didn't get a flyer: I always put to give a flyer. 

When the tickets sold for flyers handed out was at least 2-3 more than no flyers, I put to give a flyer unless the flyers obtainable sold 0 tickets.",Non-binary,White,1686032,2023-01-26 18:15:54,
1489,experimental_left,27,Non-Hispanic,I tried to see the ratio comparing mostly with the tickets handed out versus the no tickets handed out. ,Female,Asian,1877348,2023-01-27 20:55:18,
1497,experimental_left,20,Non-Hispanic,I tried to estimate each time what would most likely result in the payoff I wanted.,Female,White,2455296,2023-01-27 21:36:50,
1460,experimental_left,29,Non-Hispanic,I just read the data and went off of that. No questions.,Female,White,1974272,2023-01-27 20:42:14,
1496,experimental_left,25,,,Female,Black/African American,1767242,2023-01-27 21:19:39,
1237,experimental_left,26,Hispanic,,Male,White,3046204,2022-12-08 04:06:05,
1474,experimental_left,38,Non-Hispanic,,Female,Asian,3167530,2023-01-27 21:03:02,
1452,experimental_left,36,Non-Hispanic,Thanks!,Male,White,2828018,2023-01-27 20:56:23,
1466,experimental_left,38,Non-Hispanic,responded by flyer diagram ,Female,White,1039714,2023-01-27 20:26:50,
1438,experimental_left,21,Non-Hispanic,Feeling,Male,White,1998766,2023-01-27 20:42:13,
1446,experimental_left,20,Non-Hispanic,The graphics displaying who took flyers and who didn't.,Male,White,1503392,2023-01-27 20:34:17,
1458,experimental_left,41,Non-Hispanic,I tried to do the math,Male,White,1119536,2023-01-27 20:27:57,
1481,observational_left,31,Non-Hispanic,I just tried to weigh the probability of my choices and make as much of a bonus as possible. ,Male,White,1162285,2023-01-27 20:35:03,
1484,observational_left,33,Hispanic,,Female,White,1878651,2023-01-27 20:49:01,
1480,observational_left,41,Non-Hispanic,Exact proportions of all four groups,Male,White,2485421,2023-01-27 20:56:28,
1424,observational_left,41,Non-Hispanic,number of people that returned after taking a flyer,Female,White,774413,2023-01-26 17:38:28,
1465,observational_left,50,Non-Hispanic,None.,Female,Asian,3150557,2023-01-27 21:01:53,
1445,observational_left,35,Non-Hispanic,,Male,White,2025339,2023-01-27 20:42:58,
1487,observational_left,50,Non-Hispanic,"How many fliers were given out and then how many people returned to see the movie vs how fliers weren't given out and then how many people decided to see the movie. 

The experiment took awhile because you had to enter percentages for each trial. ",Female,White,4111335,2023-01-27 21:27:45,
1453,observational_left,34,Hispanic,"The number of tickets, the previous outcomes, and the previous amount of money influenced my decisions. Yes, I do have comments on this study. I would say that it is long, interesting, and well-created.",Female,Asian,1097019,2023-01-27 21:05:06,
1439,observational_left,44,,I tried to analyze the charts to the best of my abilities. I tried to asses the difference between the outcomes of when the flyers were handed out as to when they were obtainable and how those numbers compared to not getting a flyer or obtaining one. Some of my guesses seemd very off even if i thought I had come to a conclusion with the right answer. I did my best. Im not good with percentages but i really tried. ,Female,White,1194384,2023-01-27 20:41:45,
1471,observational_left,22,Non-Hispanic,i tried to decide my best based off of the percent that was encouraged with or without the flyer.,Female,White,3146380,2023-01-27 21:02:01,
1478,observational_left,27,Non-Hispanic,This was very confusing. More like a math test than a survey. Very frustrating to lose real money based on a very confusing set of questions. ,Male,White,2462455,2023-01-27 20:54:42,
1456,observational_left,38,Non-Hispanic,The design of the chart really made this one confusing at first.,Male,White,2273240,2023-01-27 20:47:11,
1492,observational_left,26,Non-Hispanic,None,Female,White,2605025,2023-01-27 21:35:33,
1479,observational_left,47,Non-Hispanic,I tried to figure how many went when they got the flier. ,Female,White,1528855,2023-01-27 20:40:25,
1483,observational_left,29,Hispanic,"The easiest examples to respond to were those where, when flyers were available to take, almost no one went to see the film or almost everyone did. The others were less clear.",Female,White,1092225,2023-01-27 20:35:13,
1227,observational_left,44,Non-Hispanic,"I mostly stuck to the numbers. If at least 1-2 more people were being influenced to see the movie if handed a flyer, I generally concluded that the person should be given a flyer. I did notice that men were more easily persuaded than women by the flyer. ",Male,White,1703467,2022-12-08 02:09:09,
1443,observational_left,26,Non-Hispanic,Whether I saw a lot of people influenced by the flyer or not,Male,White,1498562,2023-01-27 20:34:05,
1477,observational_left,29,Non-Hispanic,Good Study,Male,White,674021,2023-01-27 20:58:38,
1435,observational_left,43,Non-Hispanic,"nothing really, I just tried to analyze the numbers.",Male,White,1269267,2023-01-26 19:21:41,
1234,observational_left,35,Non-Hispanic,"Doing the basic mathematics correctly, would influence how I would respond",Male,Black/African American,3352591,2022-12-08 03:22:43,
1476,observational_left,64,Non-Hispanic,I should have put more emphasis on the number that were discouraged.,Female,White,3219573,2023-01-27 21:05:15,
1486,observational_left,52,Non-Hispanic,"It seemed that is some cases the flyer actually caused someone to not see a movie, but the % didn't have a way to incorporate that (options were with or without flyer). I found the % determinations to be confusing at times.",Female,White,3399982,2023-01-27 21:15:26,
1463,observational_left,34,Non-Hispanic,,Female,White,914543,2023-01-27 20:24:46,
1449,observational_left,22,Non-Hispanic,I mainly focused on those who decided to attend the movies and if it yielded a greater output. ,Female,White,1468249,2023-01-27 20:33:39,
1436,observational_left,20,Non-Hispanic,I tried to look at the graphics,Female,White,1393110,2023-01-26 19:23:50,
1447,observational_left,57,Non-Hispanic,tried simple math,Male,White,2413527,2023-01-27 20:49:21,
1493,observational_left,30,Non-Hispanic,I looked at how it influenced most of them and chose based on that by the majority ,Male,White,2266149,2023-01-27 21:04:47,
1495,observational_left,47,Non-Hispanic,The amount of people that went when handed a flyer,Female,White,1333486,2023-01-27 20:54:58,
1422,observational_left,31,Non-Hispanic,trying to see whether the flyer attracted more,Female,White,713446,2023-01-26 17:34:10,
