P(y|x),P(y|x'),P(y|do(x)),P(y|do(x')),ab_test,weighted_ab_test,cf_mean,cf_min,cf_max,causal_power
1.0,0.0,0.5,0.4,0.9499999999999997,-3.450000000000001,0.49999999999999983,0.49999999999999983,0.49999999999999983,0.0
0.0,1.0,0.5,0.5,0.0,-5.5,-0.5,-0.5,-0.5,2.4815561754e-314
1.0,0.0,0.5,0.5,0.0,-5.5,-0.5,-0.5,-0.5,2.4839107183e-314
1.0,1.0,0.5,0.5,0.0,-5.5,-5.5,-5.5,-5.5,0.0
0.0,0.0,0.5,0.4,0.9499999999999997,-3.450000000000001,-3.500000000000001,-3.500000000000001,-3.500000000000001,2.4815561754e-314
0.0,0.0,0.5,0.5,0.0,-5.5,-5.5,-5.5,-5.5,2.483916054e-314
0.2,0.0,0.6,0.5,0.9500000000000002,-4.55,-3.5,-3.5,-3.5,0.0
0.2,1.0,0.6,0.5,0.9500000000000002,-4.55,0.5,0.5,0.5,2.4815561754e-314
1.0,0.0,0.6,0.5,0.9500000000000002,-4.55,0.5,0.5,0.5,2.484099056e-314
1.0,1.0,0.6,0.5,0.9500000000000002,-4.55,-3.5,-3.5,-3.5,0.0
0.2,0.0,0.6,0.4,1.9,-2.500000000000001,-2.0000000000000004,-2.5,-1.5000000000000009,2.5094641413e-314
1.0,0.0,0.6,0.4,1.9,-2.500000000000001,1.4999999999999998,1.4999999999999998,1.4999999999999998,2.5094641413e-314
0.4,0.0,0.7,0.5,1.8999999999999995,-3.6000000000000005,-1.5,-1.5,-1.5,0.0
0.4,1.0,0.7,0.5,1.8999999999999995,-3.6000000000000005,1.5,1.5,1.5,2.4815561754e-314
1.0,0.0,0.7,0.5,1.8999999999999995,-3.6000000000000005,1.5,1.5,1.5,2.5094628133e-314
1.0,1.0,0.7,0.5,1.8999999999999995,-3.6000000000000005,-1.5,-1.5,-1.5,0.0
0.0,0.0,0.5,0.3,1.9,-1.3999999999999995,-1.4999999999999996,-1.4999999999999996,-1.4999999999999996,2.4815561754e-314
1.0,0.0,0.5,0.3,1.9,-1.3999999999999995,1.5,1.5,1.5,2.4815421676e-314
0.0,0.0,0.5,0.2,2.8499999999999996,0.6499999999999995,0.49999999999999944,0.49999999999999944,0.49999999999999944,0.0
1.0,0.0,0.5,0.2,2.8499999999999996,0.6499999999999995,2.5,2.5,2.5,2.4815561754e-314
1.0,0.0,0.7,0.3,3.7999999999999994,0.5,3.5,3.5,3.5,2.4849930304e-314
1.0,0.6,0.7,0.3,3.7999999999999994,0.5,1.5000000000000004,0.5000000000000009,2.5,0.0
