5de7d12c26dd95000b6824c5,1.6
5b0fa626bd9c310001568d6c,1.05
5c1bc0ab84ff14000184c2ce,2.05
62b1ef11ccff5219e6b1d97a,0.15
6102c81e911700cf7ba5f6bd,1.1
5f9f431d6aa4f3589c783492,0.0
62fbbda49a3670141771d6a0,0.15
5d3899e31c8fb9001ca6183c,0.95
60ff51fb03c393ea981e3720,2.25
601d69a993d94008fb2b25dc,0.75
615081c7ccbaea1db00d8e0c,1.55
5a0071766e1ea9000124db35,0.95
5e711d9e908b46031e32138c,1.45
629feb5b41542f049572e04c,0.0
63bc83e58f58b8076e7fad9b,0.0
614c45c985e0f205bf68c27e,0.5
5d6fbd3f9ba41b0018d20082,0.5
612fbcbe0bd919da2df4a1df,1.3
5bcf173fa356010001d78f6c,1.7
5cdf215da7b516001828bdda,1.35
63cbd5095083beef0c8b1a7a,0.45
600b034b4b8e6501e23eddfd,0.85
60ff0183cb1fef32d9bda9c1,1.1
6101526d89d05bbc934d6da5,1.35
5f2d95153c1140074cc81b4c,1.55
5e74508464051f3bc699a3ee,1.05
5d250fc479eda70001d5ae29,0.05
5d53bffa147a7d00015aae5a,1.7
5d9b7f29654a3102c8112b63,0.85
610df498456dbaeef682c7ca,1.3
62a39ad98ce3882e11e54d8f,0.0
614ee5e28a2f0a07d4d639dd,0.0
63657849258ff11eb80df55d,0.8
56802e5fc5767f00121cc6a0,0.4
5639a8adbe9cac000daaa30f,1.15
58cbd0a55d42920001414dd3,0.6
5e6482c9142c3c204d56baa0,0.6
6153b8fd26f1f8772f9a05da,1.55
5b0ad393e9270900013b96e6,0.6
5ec49137e7928537488485ea,1.0
62a74daa695f792361470dd1,0.0
61267e282a445af9eb95beae,1.15
614de09a1881d86b36a7f453,0.95
5fdd6ae284b3a9449c87a064,1.9
63f7f9c1667fdae7a300f6d9,1.45
63daabbd0ca8de9fc5709d1d,1.0
60ffd9006d901f9d0ff35f48,1.2
62880f6d34b9597474efbd7a,1.5
