workerid,proliferate.condition,age,ethnicity,feedback,gender,race,time,timestamp,error
1666,experimental_left,47,Non-Hispanic,Whether more people saw the movie after seeing the flyer.,Male,White,927348,2023-04-04 16:10:11,
1680,experimental_left,56,Non-Hispanic,How many went with or without a flyer. Thank you for the opportunity to participate in this study,Female,White,979277,2023-04-04 16:21:51,
1676,experimental_left,38,Hispanic,I tried to balance out the likelihood of attending a showing with the change of factors from round to round,Male,White,2253571,2023-04-04 16:36:35,
1668,experimental_left,29,Non-Hispanic,"This was extremely difficult. I thought I understood what to do, but it was very confusing. ",Male,White,685466,2023-04-04 16:06:33,
1622,experimental_left,34,Non-Hispanic,statistic of the previous result. ,Male,White,2455286,2023-04-04 16:15:14,
1650,experimental_left,48,Non-Hispanic,It didn’t seem like the amount of people given or taken the flyer actually influenced whether I should have given the flyer in the choices. It seemed random. ,Female,White,2450759,2023-04-04 16:28:25,
1632,experimental_left,25,Hispanic,I tried by seeing how many people would go with or without the flyer,Female,White,1022027,2023-04-04 15:59:28,
1675,experimental_left,37,Non-Hispanic,"My responses were impacted by the gap between flyers being handed out and available to all, and I tried to hand out flyers only in cases where it seemed extremely probably I would receive a bonus.",Male,White,1830306,2023-04-04 16:29:09,
1620,experimental_left,25,Non-Hispanic,"Mostly if the ratio was high enough for the flyer to be effective, though that didn't seem to work every time.",Female,White,1830277,2023-03-29 00:54:26,
1640,experimental_left,27,Non-Hispanic,I was looking at how many tickets people bought with or without the flyer and based my decisions based on that.,Male,Black/African American,2126940,2023-04-04 16:21:02,
1681,experimental_left,31,Non-Hispanic,I took into account mostly the impact of having a flyer would have in general,Male,White,3005465,2023-04-04 16:54:10,
1660,experimental_left,55,Non-Hispanic,"Generally, I compared the number of people that returned when they received a flyer (either given or obtained) to the number of people that returned when not receiving a flyer, then tried to figure out which had the better odds of someone returning",Male,White,1263197,2023-04-04 16:12:41,
1634,experimental_left,62,Non-Hispanic,well i thought if more people went to the movie who were handed a flyer then i should pick the higher number of tickets. if the amount of tickets were the same i said no,Male,White,2748538,2023-04-04 16:28:48,
1673,experimental_left,45,Non-Hispanic,"Customers who returned when the flier was handed out, compared to the customers who  didn't return.",,White,1675695,2023-04-04 16:24:45,
1644,experimental_left,41,Non-Hispanic,,Female,Asian,3943618,2023-04-04 16:51:51,
1638,experimental_left,51,Non-Hispanic,The fact that the computer kept telling me that my decision was WRONG influenced my response. Made me not care after a while what I thought was right or wrong. Just wanted to be done. ,Female,Black/African American,2562889,2023-04-04 16:26:56,
1683,experimental_left,61,Non-Hispanic,,Male,White,680394,2023-04-04 16:18:21,
1628,experimental_left,22,Hispanic,"If the number of tickets sold were similar for people with or without the flyers, I would not hand them out because it would be a waste of money. If more people saw the movie if they were handed a flyer, I would obviously hand them one as an encouragement to come. If more people who didn't receive a flyer returned, I wouldn't hand them a flyer as it appeared they were being discouraged. ",Female,,1550504,2023-04-04 16:02:32,
1642,experimental_left,31,Non-Hispanic,I reflected on how many people with flyers went to the movies heavily.,Female,Black/African American,1246669,2023-04-04 16:06:59,
1648,experimental_left,25,Non-Hispanic,"Based on how many more people returned when they received a flyer (handed to them, rather than took)",Female,White,1219431,2023-04-04 16:08:04,
1674,experimental_left,62,,,Male,White,1683575,2023-04-04 16:26:44,
1682,experimental_left,30,Non-Hispanic,number of tickts sold for flyers,Female,Asian,3224510,2023-04-04 17:00:01,
1630,experimental_left,35,Non-Hispanic,It changed over the course of the experiment. I eventually settled on how many went to see the movie without an obtainable flyer.,Female,White,704781,2023-04-04 15:49:19,
1624,experimental_left,20,Non-Hispanic,I was influenced based on the ration of customers who returned vs. the method of flier distribution,Female,White,645850,2023-04-04 15:45:14,
1652,experimental_left,39,Non-Hispanic,"There were some typos, for example the label of obtainable vs. handed out was switched on at least one trial.",Female,White,1542666,2023-04-04 16:13:51,
1619,observational_left,32,Non-Hispanic,If there seemed to be a good chance that the customer went to the movie if he/she received a flyer (especially compared to the data of customers who didn't receive a flyer) I gave them one.,Male,White,1034749,2023-03-29 00:41:05,
1629,observational_left,50,,I tried to decide by basing it on the number of people who came back when they were handed a flyer.,Female,Black/African American,1363855,2023-04-04 15:59:37,
1653,observational_left,30,Non-Hispanic,COMPARING LEFT TO RIGHT,Female,White,809793,2023-04-04 16:01:51,
1663,observational_left,56,,I guessed,Female,White,1681014,2023-04-04 16:20:40,
1677,observational_left,21,Non-Hispanic,by seeing how many tickets was sold in where the flyers were given,Male,Asian,1535594,2023-04-04 16:25:03,
1645,observational_left,25,Hispanic,The amount of poeole that cameback after getting a ticket. ,Female,White,3967462,2023-04-04 16:52:17,
1657,observational_left,31,Non-Hispanic,I have nothing to say. Thanks.,Female,White,2358645,2023-04-04 16:30:00,
1661,observational_left,18,Non-Hispanic,If the number people who returned with flyer was higher then yes otherwise no,Male,White,1055289,2023-04-04 16:09:05,
1627,observational_left,65,Non-Hispanic,"If the persons who were NOT influenced decided to come, then handing out a flyer, may have changed their minds",Male,White,1572729,2023-04-04 16:02:16,
1647,observational_left,43,Non-Hispanic,I tried to determine if they were less likely to go with the flyer being available and then with the flyer being handed out.,Female,White,911990,2023-04-04 16:02:37,
1671,observational_left,33,Non-Hispanic,"The amount of people who returned after being given a flyer vs not being given a flyer had the biggest impact on me, if more people returned after being given I usually went with giving a flyer, if a lot of moviegoers that took a flyer went to see the movie then that told me it was likely converting people and I tended to give a flyer when I notied that. If nobody wanted to take see the movie after taking the flyer I tended to not hand out the flyer.",Male,White,1284004,2023-04-04 16:18:09,
1621,observational_left,34,Non-Hispanic,My attempt at mental math,Male,White,850645,2023-04-04 15:46:14,
1679,observational_left,29,Non-Hispanic,Trying to use how much the company gains or loses to figure out handing out or not handing out the flyer.,Female,White,1749119,2023-04-04 16:32:22,
1649,observational_left,56,Non-Hispanic,I decided if it was sparse returns then I better give a flyer anyway and cross my fingers to not discourage.,Male,White,1007217,2023-04-04 16:04:37,
1678,observational_left,30,Non-Hispanic,I mainly looked at how many individuals went when the flyer was obtainable to make my decision.,Male,White,1017062,2023-04-04 16:19:48,
1669,observational_left,29,Hispanic,I tried to choose the option with the largest amount of returning customers.,Male,White,2192285,2023-04-04 16:32:45,
1641,observational_left,36,Non-Hispanic,"When the flyers was obtainable, how many took them and seen the movie to the ones who didn't take one and still seen the movie.",Female,White,1109950,2023-04-04 16:04:40,
1665,observational_left,60,Non-Hispanic,Combination of how many went when getting their own flyers and how many went when handed a flyer.,Male,White,1480201,2023-04-04 16:18:34,
1659,observational_left,34,Non-Hispanic,NA,Female,Asian,1198684,2023-04-04 16:10:47,
1651,observational_left,41,Non-Hispanic,This was a fun experiment. I feel like I may have been missing something in the way all the factors correlated but that I performed pretty well!,Female,White,707388,2023-04-04 15:59:50,
1643,observational_left,48,Non-Hispanic,how likely it seemed the flyer convinced people to see the movie if they would not have otherwise,Female,White,809524,2023-04-04 15:59:42,
1667,observational_left,34,Non-Hispanic,,Female,White,1214950,2023-04-04 16:15:18,
1637,observational_left,30,Non-Hispanic,The fact some fliers were available to take would lead to selection bias that would need to be adjusted for.,Male,White,919260,2023-04-04 16:00:49,
