workerid,prolific_participant_id
1666,5de7d12c26dd95000b6824c5
1680,5b0fa626bd9c310001568d6c
1676,5c1bc0ab84ff14000184c2ce
1668,62b1ef11ccff5219e6b1d97a
1622,6102c81e911700cf7ba5f6bd
1650,5f9f431d6aa4f3589c783492
1632,62fbbda49a3670141771d6a0
1675,5d3899e31c8fb9001ca6183c
1620,60ff51fb03c393ea981e3720
1640,601d69a993d94008fb2b25dc
1681,615081c7ccbaea1db00d8e0c
1660,5a0071766e1ea9000124db35
1634,5e711d9e908b46031e32138c
1673,629feb5b41542f049572e04c
1644,63bc83e58f58b8076e7fad9b
1638,614c45c985e0f205bf68c27e
1683,5d6fbd3f9ba41b0018d20082
1628,612fbcbe0bd919da2df4a1df
1642,5bcf173fa356010001d78f6c
1648,5cdf215da7b516001828bdda
1674,63cbd5095083beef0c8b1a7a
1682,600b034b4b8e6501e23eddfd
1630,60ff0183cb1fef32d9bda9c1
1624,6101526d89d05bbc934d6da5
1652,5f2d95153c1140074cc81b4c
1619,5e74508464051f3bc699a3ee
1629,5d250fc479eda70001d5ae29
1653,5d53bffa147a7d00015aae5a
1663,5d9b7f29654a3102c8112b63
1677,610df498456dbaeef682c7ca
1645,62a39ad98ce3882e11e54d8f
1657,614ee5e28a2f0a07d4d639dd
1661,63657849258ff11eb80df55d
1627,56802e5fc5767f00121cc6a0
1647,5639a8adbe9cac000daaa30f
1671,58cbd0a55d42920001414dd3
1621,5e6482c9142c3c204d56baa0
1679,6153b8fd26f1f8772f9a05da
1649,5b0ad393e9270900013b96e6
1678,5ec49137e7928537488485ea
1669,62a74daa695f792361470dd1
1641,61267e282a445af9eb95beae
1665,614de09a1881d86b36a7f453
1659,5fdd6ae284b3a9449c87a064
1651,63f7f9c1667fdae7a300f6d9
1643,63daabbd0ca8de9fc5709d1d
1667,60ffd9006d901f9d0ff35f48
1637,62880f6d34b9597474efbd7a
