workerid,proliferate.condition,flyer,pydox,pydoxp,pyx,pyxp,rt,time_elapsed,trial,trial_index,error
1666,experimental_left,1,5,4,10,0,17698.299999952316,561416,1,8,
1666,experimental_left,0,5,5,0,10,13144.400000095367,589622,2,12,
1666,experimental_left,0,6,5,10,10,31701.800000190735,632127,10,15,
1666,experimental_left,0,6,5,2,10,11968.100000143051,647812,8,17,
1666,experimental_left,0,7,5,4,10,14344.600000143051,667066,14,19,
1666,experimental_left,1,6,5,2,0,19141.299999952316,689146,7,21,
1666,experimental_left,1,7,5,10,0,11909.200000047684,703603,15,23,
1666,experimental_left,1,6,5,10,0,11103.300000190737,717698,9,25,
1666,experimental_left,0,7,5,10,10,9395.299999952316,729940,16,27,
1666,experimental_left,1,6,4,10,0,9716.5,741686,12,29,
1666,experimental_left,1,5,3,10,0,10991.900000095367,754910,18,31,
1666,experimental_left,1,7,5,4,0,13276,770443,13,33,
1666,experimental_left,1,6,4,2,0,10236.599999904633,782667,11,35,
1666,experimental_left,1,5,5,10,0,10503.700000047684,794866,3,37,
1666,experimental_left,1,7,3,10,6,11539.200000047684,808426,22,39,
1666,experimental_left,0,5,3,0,0,10441.399999856949,821043,17,41,
1666,experimental_left,0,5,4,0,0,9033.200000047684,832100,5,43,
1666,experimental_left,1,5,2,10,0,8267.800000190735,842285,20,45,
1666,experimental_left,0,5,5,0,0,7937.799999952316,852522,6,47,
1666,experimental_left,1,7,3,10,0,8847.299999952316,864187,21,49,
1666,experimental_left,0,5,5,10,10,9685.599999904633,876143,4,51,
1666,experimental_left,1,5,2,0,0,11518.700000047684,889591,19,53,
1680,experimental_left,1,5,4,10,0,27870.900000035763,490936,1,8,
1680,experimental_left,0,5,5,0,10,17040.69999998808,529112,2,12,
1680,experimental_left,1,7,5,10,10,24040.5,566564,16,15,
1680,experimental_left,0,5,4,0,0,13495.69999998808,583821,5,17,
1680,experimental_left,1,6,4,2,0,19277.5,607418,11,19,
1680,experimental_left,1,7,3,10,0,22500.10000002384,632241,21,21,
1680,experimental_left,1,7,5,10,0,16241.399999976158,651378,15,23,
1680,experimental_left,1,7,5,4,0,21040,675951,13,25,
1680,experimental_left,0,6,5,2,10,16761.399999976158,694774,8,27,
1680,experimental_left,0,5,2,0,0,15437.200000047684,713424,19,29,
1680,experimental_left,1,6,4,10,0,13229.700000047684,728526,12,31,
1680,experimental_left,1,6,5,2,0,14155,745320,7,33,
1680,experimental_left,1,5,5,10,0,11462.399999976158,761939,3,35,
1680,experimental_left,0,5,5,10,10,11381.099999964235,775363,4,37,
1680,experimental_left,1,5,2,10,0,14477.5,794910,20,39,
1680,experimental_left,0,5,3,0,0,11636.19999998808,810607,17,41,
1680,experimental_left,1,6,5,10,0,16096,830026,9,43,
1680,experimental_left,1,5,3,10,0,11422.100000023842,845387,18,45,
1680,experimental_left,0,5,5,0,0,10281.899999976158,857250,6,47,
1680,experimental_left,1,6,5,10,10,24690.5,883941,10,49,
1680,experimental_left,0,7,5,4,10,19635.5,906410,14,51,
1680,experimental_left,1,7,3,10,6,20605.5,929793,22,53,
1676,experimental_left,1,5,4,10,0,34335.90000009537,1164852,1,13,
1676,experimental_left,0,5,5,0,10,16727.099999904633,1199460,2,17,
1676,experimental_left,0,5,5,5,5,33719.89999997616,1240469,6,20,
1676,experimental_left,1,7,5,10,0,17263.099999904633,1260836,15,22,
1676,experimental_left,1,7,5,4,0,17551,1280748,13,24,
1676,experimental_left,0,6,4,10,10,16981.399999976158,1300884,10,26,
1676,experimental_left,0,6,5,10,0,17030.600000023842,1322099,9,28,
1676,experimental_left,0,5,3,0,0,15766.800000071526,1339691,17,30,
1676,experimental_left,0,6,5,2,10,14662.199999928474,1356931,8,32,
1676,experimental_left,0,6,2,4,0,15446.099999904633,1374747,11,34,
1676,experimental_left,1,5,5,10,0,14862.600000023842,1391971,3,36,
1676,experimental_left,0,6,5,2,0,13238.700000047684,1406627,7,38,
1676,experimental_left,1,5,2,10,0,15183.100000023842,1437140,20,40,
1676,experimental_left,1,5,3,10,0,114822.10000002384,1558916,18,42,
1676,experimental_left,0,5,4,0,0,16967.100000023842,1602732,5,44,
1676,experimental_left,1,7,3,10,6,26053.39999997616,1869315,22,46,
1676,experimental_left,0,7,5,4,10,149950.10000002384,2022548,14,48,
1676,experimental_left,0,5,5,10,10,17182.800000071526,2041691,4,50,
1676,experimental_left,1,7,3,10,0,38382.79999995232,2090388,21,52,
1676,experimental_left,0,5,2,0,0,25350.60000002384,2117428,19,54,
1676,experimental_left,1,6,10,4,0,12950.5,2132212,12,56,
1676,experimental_left,0,7,5,10,10,13918.5,2171539,16,58,
1668,experimental_left,0,5,4,10,0,14997.5,216764,1,8,
1668,experimental_left,1,5,5,0,10,10031.20000000298,240017,2,12,
1668,experimental_left,0,7,5,10,0,14413.90000000596,258151,15,15,
1668,experimental_left,1,6,4,2,0,11132,272501,11,17,
1668,experimental_left,1,6,5,2,0,16447.89999999106,291701,7,19,
1668,experimental_left,0,7,5,4,10,18396.5,311634,14,21,
1668,experimental_left,0,6,5,10,0,13983.79999999702,327402,9,23,
1668,experimental_left,1,5,3,0,0,7631.5,336284,17,25,
1668,experimental_left,0,5,4,0,0,13031.59999999404,351218,5,27,
1668,experimental_left,0,5,5,10,10,9714.79999999702,364817,4,29,
1668,experimental_left,0,5,2,0,0,7864.29999999702,374334,19,31,
1668,experimental_left,0,7,3,10,0,11717.5,387453,21,33,
1668,experimental_left,0,6,5,10,10,9863.30000001192,398116,10,35,
1668,experimental_left,1,7,5,4,0,9763.59999999404,409299,13,37,
1668,experimental_left,0,5,5,10,0,33483.70000000298,443900,3,39,
1668,experimental_left,0,7,5,10,10,33148.19999998808,478983,16,41,
1668,experimental_left,0,5,3,10,0,9347.5,490016,18,43,
1668,experimental_left,1,6,5,2,10,8881.59999999404,500767,8,45,
1668,experimental_left,0,6,4,10,0,49184.29999999702,551416,12,47,
1668,experimental_left,0,5,5,0,0,7815.5,561333,6,49,
1668,experimental_left,0,7,3,10,6,27616,590717,22,51,
1668,experimental_left,0,5,2,10,0,12931.09999999404,604933,20,53,
1622,experimental_left,1,5,4,10,0,44924,2048575,1,13,
1622,experimental_left,0,5,5,0,10,41182,2100464,2,17,
1622,experimental_left,1,6,4,10,0,25790,2140319,12,20,
1622,experimental_left,1,5,4,0,0,28141,2170194,5,22,
1622,experimental_left,0,5,5,10,10,11510,2186840,4,24,
1622,experimental_left,1,5,3,10,0,10277,2198742,18,26,
1622,experimental_left,1,6,5,10,0,8692,2208726,15,28,
1622,experimental_left,1,5,2,0,0,9070,2219160,19,30,
1622,experimental_left,1,5,5,10,0,7813,2227982,3,32,
1622,experimental_left,1,7,5,10,10,13283,2243661,16,34,
1622,experimental_left,1,6,5,2,0,11479,2256230,7,36,
1622,experimental_left,0,6,5,10,10,14551,2271768,10,38,
1622,experimental_left,1,7,5,4,0,13220,2286022,13,40,
1622,experimental_left,1,7,3,10,0,10599,2297574,21,42,
1622,experimental_left,0,6,5,2,10,8387,2306869,8,44,
1622,experimental_left,0,5,3,0,0,11961,2320569,17,46,
1622,experimental_left,0,5,5,0,0,6391,2327749,6,48,
1622,experimental_left,0,7,5,4,10,10460,2338959,14,50,
1622,experimental_left,1,6,4,2,0,15805,2355551,11,52,
1622,experimental_left,1,7,3,10,6,19446,2376214,22,54,
1622,experimental_left,1,6,5,10,0,8178,2385571,9,56,
1622,experimental_left,1,5,2,10,0,7263,2393567,20,58,
1650,experimental_left,0,5,6,10,0,80990.99999999988,1300142,1,13,
1650,experimental_left,1,5,5,0,10,71395.00000000023,1415381,2,17,
1650,experimental_left,1,5,8,0,0,59456,1491433,19,20,
1650,experimental_left,0,7,7,10,4,75458,1570308,22,22,
1650,experimental_left,0,5,5,10,0,47742,1620303,3,24,
1650,experimental_left,1,6,6,2,10,45949,1668159,11,26,
1650,experimental_left,1,7,5,4,10,52395,1723073,14,28,
1650,experimental_left,1,5,6,0,0,28755,1753782,5,30,
1650,experimental_left,0,5,5,10,10,30044.000000000233,1787066,4,32,
1650,experimental_left,0,5,3,10,0,108166.00000000023,1897199,18,34,
1650,experimental_left,0,5,2,10,0,38646,1938726,20,36,
1650,experimental_left,1,5,3,0,0,24948,1969259,17,38,
1650,experimental_left,1,6,5,10,0,37404,2009383,9,40,
1650,experimental_left,1,7,3,10,0,37100.00000000023,2048503,21,42,
1650,experimental_left,1,7,5,4,0,39529,2089821,13,44,
1650,experimental_left,1,6,5,2,10,32372,2124699,8,46,
1650,experimental_left,0,7,5,10,0,43055,2169610,15,48,
1650,experimental_left,0,6,4,10,0,31041,2202554,12,50,
1650,experimental_left,1,5,5,0,0,31878,2236351,6,52,
1650,experimental_left,0,7,5,10,10,23408,2266777,16,54,
1650,experimental_left,1,6,5,10,10,31900.000000000233,2300630,10,56,
1650,experimental_left,1,6,5,2,0,31557.000000000233,2333825,7,58,
1632,experimental_left,0,5,4,10,0,31749.60000002384,515734,1,8,
1632,experimental_left,0,5,5,0,10,26648.69999992847,577452,2,12,
1632,experimental_left,1,7,5,10,0,25856.299999952316,615260,15,15,
1632,experimental_left,0,6,5,2,0,21737.900000095367,639917,7,17,
1632,experimental_left,1,7,3,10,6,20251.10000002384,664914,22,19,
1632,experimental_left,1,7,5,10,10,19311.5,687119,16,21,
1632,experimental_left,0,5,2,10,0,17344.5,716129,20,23,
1632,experimental_left,0,6,4,2,0,14379,731680,11,25,
1632,experimental_left,0,5,3,10,0,13752.299999952316,747876,18,27,
1632,experimental_left,1,5,5,10,0,13161.600000023842,762030,3,29,
1632,experimental_left,1,5,2,0,0,15355.100000023842,778398,19,31,
1632,experimental_left,1,7,5,4,0,12050.900000095367,791768,13,33,
1632,experimental_left,1,5,3,0,0,13231.399999976158,806924,17,35,
1632,experimental_left,0,6,5,10,10,18723.099999904633,826674,10,37,
1632,experimental_left,1,5,5,0,0,14471.699999928474,845457,6,39,
1632,experimental_left,1,7,3,10,0,20893.700000047684,878753,21,41,
1632,experimental_left,0,5,4,0,0,14367.300000071526,894412,5,43,
1632,experimental_left,0,6,5,2,10,19944.69999992847,915857,8,45,
1632,experimental_left,0,7,5,4,10,18828.69999992847,935761,14,47,
1632,experimental_left,1,6,5,10,0,18445.400000095367,955255,9,49,
1632,experimental_left,1,5,5,10,10,14887.200000047684,971455,4,51,
1632,experimental_left,0,6,4,10,0,12996,988946,12,53,
1675,experimental_left,1,5,4,10,0,20187,1406136,1,8,
1675,experimental_left,0,5,5,0,10,19067,1436768,2,12,
1675,experimental_left,1,5,5,0,0,11599,1453410,5,15,
1675,experimental_left,1,5,2,0,0,14174,1473917,19,17,
1675,experimental_left,1,7,5,10,10,15587,1490875,16,19,
1675,experimental_left,1,6,4,2,0,13404,1513514,11,21,
1675,experimental_left,1,6,5,2,0,20355,1536613,7,23,
1675,experimental_left,1,5,2,10,0,10479,1548872,20,25,
1675,experimental_left,0,6,5,2,10,10652,1560507,8,27,
1675,experimental_left,1,7,5,4,0,13464,1578803,13,29,
1675,experimental_left,0,5,5,0,0,8622,1589716,6,31,
1675,experimental_left,1,6,5,10,0,13974,1604806,9,33,
1675,experimental_left,1,7,3,10,0,14729,1620433,21,35,
1675,experimental_left,1,6,4,10,0,9667,1631097,12,37,
1675,experimental_left,0,6,5,10,10,10305,1642291,10,39,
1675,experimental_left,1,7,3,10,6,10273,1653302,22,41,
1675,experimental_left,0,7,5,4,10,20107,1674094,14,43,
1675,experimental_left,0,5,5,10,10,10814,1685650,4,45,
1675,experimental_left,1,7,5,10,0,8033,1694436,15,47,
1675,experimental_left,1,5,5,10,0,7204,1702459,3,49,
1675,experimental_left,1,5,3,0,0,13188,1716378,17,51,
1675,experimental_left,1,5,3,10,0,5475,1722556,18,53,
1620,experimental_left,1,5,4,10,0,61601.699999809265,893778,1,8,
1620,experimental_left,0,5,5,0,10,27323.800000190735,980018,2,12,
1620,experimental_left,0,7,5,10,10,69447.30000019073,1065995,16,15,
1620,experimental_left,1,7,3,10,6,25676.599999904633,1096410,22,17,
1620,experimental_left,0,7,5,4,0,68441,1170619,13,19,
1620,experimental_left,0,5,4,0,0,29222.5,1207919,5,21,
1620,experimental_left,1,5,2,10,0,43933.7999997139,1260533,20,23,
1620,experimental_left,0,5,5,10,10,40859.300000190735,1306675,4,25,
1620,experimental_left,1,5,5,10,0,45041.90000009537,1358734,3,27,
1620,experimental_left,0,5,3,0,0,20449.400000095367,1389742,17,29,
1620,experimental_left,0,5,2,0,0,26817.400000095367,1418873,19,31,
1620,experimental_left,0,7,5,4,10,25337.599999904633,1448580,14,33,
1620,experimental_left,1,7,4,10,0,27794.199999809265,1481408,12,35,
1620,experimental_left,0,5,5,0,0,17525.5,1503658,6,37,
1620,experimental_left,0,7,5,10,10,29031.800000190735,1538602,10,39,
1620,experimental_left,1,6,5,10,0,20737.5,1563800,9,41,
1620,experimental_left,1,5,3,10,0,26062.200000286102,1593608,18,43,
1620,experimental_left,0,6,5,2,10,31661.599999904633,1629437,8,45,
1620,experimental_left,1,7,3,10,0,30336,1662417,21,47,
1620,experimental_left,1,7,5,10,0,28593.900000095367,1694164,15,49,
1620,experimental_left,0,7,5,2,0,31345.300000190735,1730256,7,51,
1620,experimental_left,0,6,4,2,0,18626,1752071,11,53,
1640,experimental_left,1,5,4,10,0,90034.39999999106,1053011,1,8,
1640,experimental_left,0,5,5,0,10,56536.79999999702,1172805,2,12,
1640,experimental_left,1,6,4,2,0,33741,1228951,11,15,
1640,experimental_left,1,5,2,0,0,49922.79999999702,1301705,19,17,
1640,experimental_left,0,6,5,2,10,38799,1343555,8,19,
1640,experimental_left,1,6,4,10,0,56708.40000000596,1415783,12,21,
1640,experimental_left,1,7,5,4,10,62601.40000000596,1482222,14,23,
1640,experimental_left,0,7,3,10,6,78177.79999999702,1567042,22,25,
1640,experimental_left,1,7,3,10,0,33932.19999998808,1610308,21,27,
1640,experimental_left,1,6,5,10,10,101825.29999999702,1716975,10,29,
1640,experimental_left,0,5,5,10,10,25573.79999999702,1749150,4,31,
1640,experimental_left,1,5,4,0,0,32663.30000001192,1786088,5,33,
1640,experimental_left,1,6,5,2,0,33745.90000000596,1833656,7,35,
1640,experimental_left,1,7,5,4,5,43276.60000000894,1880198,13,37,
1640,experimental_left,0,5,3,0,0,17745.90000000596,1901093,17,39,
1640,experimental_left,0,5,5,0,0,12729.79999999702,1916487,6,41,
1640,experimental_left,1,6,5,10,0,22097.90000000596,1941404,9,43,
1640,experimental_left,1,5,2,10,0,19341.70000000298,1963215,20,45,
1640,experimental_left,1,5,10,3,0,18183.5,1983374,18,47,
1640,experimental_left,1,7,5,10,0,19187.40000000596,2004348,15,49,
1640,experimental_left,1,7,5,10,10,16167.60000000894,2022134,16,51,
1640,experimental_left,1,5,5,10,0,17185.30000001192,2046902,3,53,
1681,experimental_left,1,5,4,10,0,51166.29999999702,1703131,1,8,
1681,experimental_left,0,5,5,0,10,32574,1887407,2,12,
1681,experimental_left,1,5,5,10,0,28554.69999998808,2164964,3,15,
1681,experimental_left,1,7,5,4,0,34425,2209417,13,17,
1681,experimental_left,1,7,3,10,0,37647.89999999106,2259449,21,19,
1681,experimental_left,1,7,3,10,6,38706.5,2304139,22,21,
1681,experimental_left,0,5,5,0,0,19426.29999999702,2325525,6,23,
1681,experimental_left,1,6,5,2,0,31978.29999999702,2361751,7,25,
1681,experimental_left,1,5,4,2,0,244551.89999999103,2615383,11,27,
1681,experimental_left,1,5,3,10,0,17124.5,2657607,18,29,
1681,experimental_left,0,5,5,10,10,66116.60000000894,2726448,4,31,
1681,experimental_left,0,5,4,0,0,25916.59999999404,2757258,5,33,
1681,experimental_left,1,6,5,10,0,25102.40000000596,2784190,9,35,
1681,experimental_left,0,5,3,0,0,11384.29999999702,2797007,17,37,
1681,experimental_left,0,5,2,0,0,13008.70000000298,2811511,19,39,
1681,experimental_left,1,6,4,10,0,13444.5,2830275,12,41,
1681,experimental_left,0,7,5,10,10,25228.59999999404,2856981,16,43,
1681,experimental_left,0,7,5,4,10,26312,2885823,14,45,
1681,experimental_left,0,6,5,10,10,14408.40000000596,2912304,10,47,
1681,experimental_left,1,5,2,10,0,14362.20000000298,2930044,20,49,
1681,experimental_left,1,7,5,10,0,11705.40000000596,2943458,15,51,
1681,experimental_left,0,6,5,2,10,13560.70000000298,2958428,8,53,
1660,experimental_left,1,5,4,10,0,59690,564908,1,8,
1660,experimental_left,0,5,5,0,10,30444,633907,2,12,
1660,experimental_left,1,5,2,10,0,21592,667790,20,15,
1660,experimental_left,1,6,4,2,0,30616,705700,11,17,
1660,experimental_left,0,6,5,2,0,28211,743335,7,19,
1660,experimental_left,1,7,3,10,0,12897,760897,21,21,
1660,experimental_left,0,5,4,0,0,36865,800334,5,23,
1660,experimental_left,1,6,4,10,0,22455,825372,12,25,
1660,experimental_left,1,6,5,10,0,13563,841255,9,27,
1660,experimental_left,0,5,2,0,0,13781,857069,19,29,
1660,experimental_left,0,5,5,10,10,15623,875526,4,31,
1660,experimental_left,1,7,5,4,0,14347,893655,13,33,
1660,experimental_left,0,6,5,10,10,14673,910480,10,35,
1660,experimental_left,0,5,5,10,0,20171,932618,3,37,
1660,experimental_left,1,7,5,10,0,11997,946832,15,39,
1660,experimental_left,0,7,5,10,10,15621,966079,16,41,
1660,experimental_left,0,7,5,4,10,19890,988044,14,43,
1660,experimental_left,0,6,5,2,10,13521,1004337,8,45,
1660,experimental_left,0,7,3,10,6,13478,1019257,22,47,
1660,experimental_left,1,5,5,0,0,11511,1032403,6,49,
1660,experimental_left,0,5,3,10,0,15031,1050224,18,51,
1660,experimental_left,1,5,3,0,0,10516,1062318,17,53,
1634,experimental_left,1,5,4,10,0,65332.70000004768,1617592,1,8,
1634,experimental_left,1,5,5,0,10,44460.5,1688596,2,12,
1634,experimental_left,1,6,5,2,10,43112.5,1745872,8,15,
1634,experimental_left,1,6,5,2,0,46887.39999997616,1797672,7,17,
1634,experimental_left,0,6,5,10,0,63732.89999997616,1868008,9,19,
1634,experimental_left,0,5,5,10,10,38688.29999995232,1910520,4,21,
1634,experimental_left,1,7,5,4,10,46934.300000071526,1961519,14,23,
1634,experimental_left,1,5,3,0,0,33757.60000002384,2000530,17,25,
1634,experimental_left,1,5,2,0,0,31562.299999952316,2040101,19,27,
1634,experimental_left,0,5,5,0,0,44126.199999928474,2089677,6,29,
1634,experimental_left,1,7,3,10,6,36154.29999995232,2130030,22,31,
1634,experimental_left,1,7,5,10,0,39181,2173490,15,33,
1634,experimental_left,1,5,3,10,0,30847.19999992847,2208301,18,35,
1634,experimental_left,1,7,5,4,0,27019.799999952316,2240616,13,37,
1634,experimental_left,1,7,3,10,0,25538.69999992847,2270736,21,39,
1634,experimental_left,0,5,5,10,0,17207.299999952316,2297318,3,41,
1634,experimental_left,0,5,4,0,0,31324.799999952316,2333079,5,43,
1634,experimental_left,1,6,4,2,0,26940.19999992847,2370176,11,45,
1634,experimental_left,0,6,5,10,10,27051.39999997616,2563282,10,47,
1634,experimental_left,1,5,2,10,0,24317.799999952316,2591744,20,49,
1634,experimental_left,0,7,5,10,10,20159.200000047684,2617389,16,51,
1634,experimental_left,0,5,4,10,0,24218.299999952316,2645798,12,53,
1673,experimental_left,1,5,4,10,0,29284.200000000183,842103,1,18,
1673,experimental_left,0,5,5,0,10,21750.200000000183,881786,2,22,
1673,experimental_left,0,7,5,4,10,30591.39999999944,961198,14,25,
1673,experimental_left,1,5,2,10,0,33499.90000000037,1007857,20,27,
1673,experimental_left,1,7,3,10,0,26557.099999999627,1038032,21,29,
1673,experimental_left,1,5,3,10,0,25410.599999999627,1066739,18,31,
1673,experimental_left,1,6,4,2,0,16064.699999999257,1084805,11,33,
1673,experimental_left,1,5,2,0,0,16770.699999999255,1111925,19,35,
1673,experimental_left,1,5,5,10,0,23336,1141094,3,37,
1673,experimental_left,1,6,5,10,10,66103,1211807,10,39,
1673,experimental_left,1,6,4,10,0,23614.299999999817,1247548,12,41,
1673,experimental_left,1,5,4,0,0,19311.299999999817,1269981,5,43,
1673,experimental_left,1,6,5,2,10,21664.39999999944,1301559,8,45,
1673,experimental_left,1,5,3,0,0,15767.900000000373,1322794,17,47,
1673,experimental_left,1,6,5,2,0,17259.200000000186,1344022,7,49,
1673,experimental_left,1,7,3,10,6,35303.800000000745,1392664,22,51,
1673,experimental_left,1,7,5,10,10,16245.799999999814,1412493,16,53,
1673,experimental_left,1,7,5,10,0,18387,1433386,15,55,
1673,experimental_left,1,7,5,4,0,17800.89999999944,1453173,13,57,
1673,experimental_left,0,6,5,10,0,17087.299999999814,1473925,9,59,
1673,experimental_left,1,5,5,10,10,30416.799999999817,1508076,4,61,
1673,experimental_left,1,5,5,0,0,13575.60000000056,1528862,6,63,
1644,experimental_left,1,5,6,10,10,249850.5,1999464,1,8,
1644,experimental_left,0,5,5,0,0,324911.09999999404,2332980,2,12,
1644,experimental_left,0,7,7,10,10,574850.8999999911,2910391,21,15,
1644,experimental_left,0,5,2,0,10,51914.89999999106,2963629,19,17,
1644,experimental_left,1,07,5,4,10,21517,2986194,13,19,
1644,experimental_left,1,5,4,0,10,18997.10000000894,3006160,5,21,
1644,experimental_left,1,5,5,10,0,11524.90000000596,3018883,3,23,
1644,experimental_left,1,5,3,0,10,8607.10000000894,3028623,17,25,
1644,experimental_left,0,6,5,2,10,10530.90000000596,3040222,7,27,
1644,experimental_left,1,5,8,10,0,129762.79999999702,3171029,20,29,
1644,experimental_left,1,6,5,10,0,16886.90000000596,3189031,10,31,
1644,experimental_left,0,6,6,10,0,139714.90000000596,3329717,12,33,
1644,experimental_left,1,5,5,0,10,11199,3341775,6,35,
1644,experimental_left,1,6,5,2,0,11929.09999999404,3354571,8,37,
1644,experimental_left,1,7,3,10,4,156420.79999999702,3511872,22,39,
1644,experimental_left,1,7,5,4,10,106555.20000000298,3619448,14,41,
1644,experimental_left,0,6,6,2,10,9077.10000000894,3629436,11,43,
1644,experimental_left,1,5,5,10,0,9201.09999999404,3639648,4,45,
1644,experimental_left,0,7,5,10,10,98319.10000000894,3739300,15,47,
1644,experimental_left,1,7,5,10,0,67029.20000000298,3807049,16,49,
1644,experimental_left,1,5,7,10,10,84360.89999999106,3892764,18,51,
1644,experimental_left,0,6,5,10,10,42299.09999999404,3935834,9,53,
1638,experimental_left,1,5,4,10,0,87219,1514778,1,13,
1638,experimental_left,0,5,5,0,10,41801.90000009537,1582704,2,17,
1638,experimental_left,1,7,5,4,0,44523,1638255,13,20,
1638,experimental_left,1,6,5,10,0,47761.09999990463,1708392,9,22,
1638,experimental_left,0,5,2,10,0,29155.39999961853,1739984,20,24,
1638,experimental_left,1,5,3,0,0,19771.39999961853,1763257,17,26,
1638,experimental_left,1,7,3,10,6,49345.09999990463,1833807,22,28,
1638,experimental_left,0,6,5,2,0,114418,1951199,7,30,
1638,experimental_left,1,5,2,0,0,23170.599999904633,1976943,19,32,
1638,experimental_left,0,7,3,10,0,58029.89999961853,2037529,21,34,
1638,experimental_left,1,6,5,2,10,32594.200000286102,2072311,8,36,
1638,experimental_left,1,6,4,2,0,20009.599999904633,2094543,11,38,
1638,experimental_left,0,7,5,10,0,30576.199999809265,2161321,15,40,
1638,experimental_left,0,5,5,0,0,15873.199999809263,2236029,6,42,
1638,experimental_left,0,5,5,10,10,19046.199999809265,2257022,4,44,
1638,experimental_left,0,6,5,10,10,38929,2297910,10,46,
1638,experimental_left,0,7,5,10,10,22286.299999713898,2322237,16,48,
1638,experimental_left,0,5,3,10,0,18378,2342965,18,50,
1638,experimental_left,0,7,5,4,10,19107.300000190735,2364247,14,52,
1638,experimental_left,1,5,4,0,0,16679,2400255,5,54,
1638,experimental_left,0,6,4,10,0,20617.599999904633,2427095,12,56,
1638,experimental_left,0,5,5,10,0,18443.699999809265,2450119,3,58,
1683,experimental_left,1,5,4,10,0,53503.89999999991,355185,1,8,
1683,experimental_left,0,5,5,0,10,14981.100000000091,390118,2,12,
1683,experimental_left,1,5,3,0,0,22264.600000000093,419756,17,15,
1683,experimental_left,0,6,4,2,0,11242.600000000091,433694,11,17,
1683,experimental_left,1,6,4,10,0,12292.699999999952,447998,12,19,
1683,experimental_left,1,5,3,10,0,10925.199999999952,460306,18,21,
1683,experimental_left,1,6,5,10,0,10186.800000000048,472514,9,23,
1683,experimental_left,0,7,5,4,10,14564.699999999952,488230,14,25,
1683,experimental_left,0,5,2,0,0,7678.5,497143,19,27,
1683,experimental_left,1,5,5,10,10,8548.300000000047,506843,4,29,
1683,experimental_left,0,5,4,0,0,8898.800000000047,517063,5,31,
1683,experimental_left,1,7,3,10,6,8990.90000000014,527119,22,33,
1683,experimental_left,1,5,2,10,0,8487,537046,20,35,
1683,experimental_left,0,7,5,10,10,9154.800000000048,547249,16,37,
1683,experimental_left,1,5,5,10,0,8674.600000000093,557113,3,39,
1683,experimental_left,0,6,5,2,10,9146.800000000048,567285,8,41,
1683,experimental_left,0,6,5,10,10,9379.199999999952,577917,10,43,
1683,experimental_left,1,7,5,4,0,8152.800000000047,587043,13,45,
1683,experimental_left,1,5,5,0,0,11736.300000000048,599923,6,47,
1683,experimental_left,1,6,5,2,0,10086.800000000048,611774,7,49,
1683,experimental_left,1,7,5,10,0,44073.10000000009,656881,15,51,
1683,experimental_left,1,7,3,10,0,8928.699999999953,666798,21,53,
1628,experimental_left,1,5,4,8,0,58661.89999999106,599818,1,8,
1628,experimental_left,0,5,5,0,10,31729.80000001192,663519,2,12,
1628,experimental_left,1,6,5,2,0,39225.29999999702,720612,7,15,
1628,experimental_left,1,6,5,10,0,56157.79999999702,783252,9,17,
1628,experimental_left,0,5,5,10,0,52084.69999998808,842584,3,19,
1628,experimental_left,1,5,2,10,0,20011,866524,20,21,
1628,experimental_left,1,7,5,10,0,34636.79999999702,905018,15,23,
1628,experimental_left,0,6,5,2,10,22535.20000000298,950014,8,25,
1628,experimental_left,1,6,4,10,0,33117.20000000298,993831,12,27,
1628,experimental_left,1,5,3,10,0,34196.60000000894,1029939,18,29,
1628,experimental_left,1,6,4,2,0,28686.79999999702,1060165,11,31,
1628,experimental_left,1,7,5,4,0,29533.09999999404,1091635,13,33,
1628,experimental_left,0,4,4,0,0,21206.20000000298,1114550,5,35,
1628,experimental_left,1,7,3,10,0,29449.80000001192,1146100,21,37,
1628,experimental_left,0,7,3,10,6,44083.09999999404,1191940,22,39,
1628,experimental_left,0,5,2,0,0,26449.90000000596,1221839,19,41,
1628,experimental_left,0,7,10,5,10,19200,1242115,16,43,
1628,experimental_left,0,5,5,0,0,77263.30000001192,1321075,6,45,
1628,experimental_left,0,7,5,4,10,23724.09999999404,1346815,14,47,
1628,experimental_left,1,5,3,0,0,11236.10000000894,1359103,17,49,
1628,experimental_left,0,5,5,10,10,23368.10000000894,1383760,4,51,
1628,experimental_left,0,6,5,10,0,21828.20000000298,1407593,10,53,
1642,experimental_left,1,5,4,10,0,72436.69999998808,555091,1,8,
1642,experimental_left,0,5,5,0,10,41704.70000001788,625630,2,12,
1642,experimental_left,1,6,5,2,10,31276,663477,8,15,
1642,experimental_left,1,7,5,10,0,27958.70000001788,693290,15,17,
1642,experimental_left,0,6,5,10,10,27958.80000001192,724099,10,19,
1642,experimental_left,0,6,5,2,0,31447,766115,7,21,
1642,experimental_left,0,5,4,0,0,20195.59999999404,789075,5,23,
1642,experimental_left,1,7,3,10,0,44092.90000000596,835299,21,25,
1642,experimental_left,0,6,5,10,0,39191.19999998808,876417,9,27,
1642,experimental_left,0,5,3,0,0,21539.70000001788,900237,17,29,
1642,experimental_left,0,7,5,4,0,22031.39999997616,923941,13,31,
1642,experimental_left,0,5,5,0,0,15961.69999998808,941456,6,33,
1642,experimental_left,0,6,4,2,0,21334.80000001192,964309,11,35,
1642,experimental_left,1,6,5,10,10,28320.09999999404,994028,16,37,
1642,experimental_left,0,5,3,10,0,15590.79999998212,1012481,18,39,
1642,experimental_left,0,7,5,4,10,40632.59999999404,1056218,14,41,
1642,experimental_left,0,5,5,10,10,27770.5,1085338,4,43,
1642,experimental_left,1,7,3,10,6,22841.89999997616,1109862,22,45,
1642,experimental_left,0,5,2,10,0,19688.30000001192,1131188,20,47,
1642,experimental_left,1,5,5,10,0,24029.09999999404,1156458,3,49,
1642,experimental_left,1,6,4,10,0,27010.5,1185117,12,51,
1642,experimental_left,0,5,2,0,0,11154.5,1197704,19,53,
1648,experimental_left,1,5,4,10,0,209414,469490,1,8,
1648,experimental_left,0,5,5,0,10,21818.80000000447,672886,2,12,
1648,experimental_left,1,6,5,10,0,22538.10000000149,699896,9,15,
1648,experimental_left,1,5,5,0,0,31559.60000000149,733663,5,17,
1648,experimental_left,1,5,2,10,0,19724.60000000149,755312,20,19,
1648,experimental_left,1,7,5,4,0,57364.80000000447,814054,13,21,
1648,experimental_left,0,6,5,2,0,45648,861855,7,23,
1648,experimental_left,1,6,4,2,0,12609.70000000298,875429,11,25,
1648,experimental_left,1,5,3,0,0,18565.29999999702,895097,17,27,
1648,experimental_left,0,7,5,4,10,13229.69999999553,912721,14,29,
1648,experimental_left,1,5,2,0,0,13729.89999999851,928070,19,31,
1648,experimental_left,0,5,5,0,0,14814.79999999702,944543,6,33,
1648,experimental_left,1,7,3,10,6,18278.39999999851,963857,22,35,
1648,experimental_left,0,6,5,10,10,112731.29999999702,1078448,10,37,
1648,experimental_left,1,7,3,10,0,11072.80000000447,1093468,21,39,
1648,experimental_left,0,5,5,10,0,11405.60000000149,1106297,3,41,
1648,experimental_left,1,7,5,10,10,10878.79999999702,1117865,16,43,
1648,experimental_left,0,6,5,2,10,14007.10000000149,1133077,8,45,
1648,experimental_left,1,7,5,10,0,9234,1143043,15,47,
1648,experimental_left,1,5,3,10,0,11404.5,1155955,18,49,
1648,experimental_left,0,5,5,10,10,7632.90000000596,1164529,4,51,
1648,experimental_left,1,6,4,10,0,17084,1190792,12,53,
1674,experimental_left,1,5,4,10,0,80763.60000000149,717102,1,8,
1674,experimental_left,1,5,5,0,10,57016,794375,2,12,
1674,experimental_left,1,5,3,10,0,31867,836979,18,15,
1674,experimental_left,0,5,5,10,10,25490,867835,4,17,
1674,experimental_left,1,7,5,10,10,30559,902750,16,19,
1674,experimental_left,1,5,5,10,0,33465,942144,3,21,
1674,experimental_left,1,5,2,0,0,24344.29999999702,973798,19,23,
1674,experimental_left,1,6,4,2,0,26726.800000000745,1005038,11,25,
1674,experimental_left,1,7,3,10,0,46149.800000000745,1055849,21,27,
1674,experimental_left,0,6,5,2,10,24260.699999999255,1084738,8,29,
1674,experimental_left,1,7,5,4,10,80462,1171463,14,31,
1674,experimental_left,1,7,5,4,0,20981.39999999851,1197076,13,33,
1674,experimental_left,0,6,5,10,10,26793,1230645,10,35,
1674,experimental_left,0,5,2,10,0,25711.60000000149,1261619,20,37,
1674,experimental_left,1,5,4,0,0,23697.79999999702,1289712,5,39,
1674,experimental_left,0,6,5,2,0,21799.300000000745,1316623,7,41,
1674,experimental_left,0,6,4,10,0,22215.89999999851,1351140,12,43,
1674,experimental_left,1,7,5,10,0,24375.20000000298,1380530,15,45,
1674,experimental_left,1,6,5,10,0,77116,1462007,9,47,
1674,experimental_left,1,5,3,0,0,45838.599999997765,1513673,17,49,
1674,experimental_left,1,5,5,0,0,33282.699999999255,1552134,6,51,
1674,experimental_left,1,7,3,10,6,59544.89999999851,1623064,22,53,
1682,experimental_left,1,5,4,10,0,32009.900000095367,2483234,1,18,
1682,experimental_left,1,5,5,0,10,19308.599999904633,2534536,2,22,
1682,experimental_left,1,7,5,4,0,43169.79999995232,2586737,13,25,
1682,experimental_left,0,5,5,10,10,54131.5,2642608,4,27,
1682,experimental_left,1,5,2,0,0,55483.70000004768,2699689,19,29,
1682,experimental_left,1,6,5,2,0,43026.79999995232,2744296,7,31,
1682,experimental_left,0,5,5,0,0,12278.599999904633,2763148,6,33,
1682,experimental_left,1,7,5,10,10,24435.099999904633,2789974,16,35,
1682,experimental_left,1,5,2,10,0,20361.799999952316,2812093,20,37,
1682,experimental_left,1,7,5,10,0,20085.5,2833694,15,39,
1682,experimental_left,1,7,3,10,0,20608.5,2855712,21,41,
1682,experimental_left,1,5,5,10,0,44750.89999985695,2901755,3,43,
1682,experimental_left,0,6,5,2,10,49375,2952707,8,45,
1682,experimental_left,1,7,3,10,6,29572.5,2983932,22,47,
1682,experimental_left,1,5,3,0,0,26371.700000047684,3011846,17,49,
1682,experimental_left,1,6,4,10,0,18697.299999952316,3031893,12,51,
1682,experimental_left,1,5,3,10,0,22969.799999952316,3056258,18,53,
1682,experimental_left,1,6,4,2,0,43217.5,3100830,11,55,
1682,experimental_left,1,6,5,10,10,28162,3130294,10,57,
1682,experimental_left,0,7,5,4,10,25726.599999904633,3157416,14,59,
1682,experimental_left,0,5,4,10,10,16745.5,3175570,5,61,
1682,experimental_left,0,6,5,10,0,16608.299999952316,3193647,9,63,
1630,experimental_left,0,5,4,10,0,25700,411618,1,8,
1630,experimental_left,0,5,5,0,10,19930.799999952316,439474,2,12,
1630,experimental_left,1,5,5,0,0,10414.600000023842,458495,6,15,
1630,experimental_left,1,7,5,4,10,15806.899999976158,478165,14,17,
1630,experimental_left,0,6,5,2,10,12564.30000001192,493291,8,19,
1630,experimental_left,1,5,2,0,0,10117.19999998808,504793,19,21,
1630,experimental_left,1,5,5,10,0,10494.5,517170,3,23,
1630,experimental_left,1,6,4,2,0,9650.80000001192,528012,11,25,
1630,experimental_left,0,5,5,10,10,9037.5,540004,4,27,
1630,experimental_left,1,7,5,4,0,10472,552249,13,29,
1630,experimental_left,1,7,3,10,0,11399,564793,21,31,
1630,experimental_left,1,6,4,10,0,9306.099999964235,575696,12,33,
1630,experimental_left,1,5,3,10,0,7707.600000023842,584826,18,35,
1630,experimental_left,0,6,5,10,0,8890.300000011921,594689,9,37,
1630,experimental_left,0,5,4,0,0,7395.300000011921,603125,5,39,
1630,experimental_left,0,5,3,0,0,6529.900000035763,610860,17,41,
1630,experimental_left,1,7,3,10,6,8878.199999988079,621645,22,43,
1630,experimental_left,0,6,5,2,0,7855.599999964237,630331,7,45,
1630,experimental_left,1,5,2,10,0,8642.299999952316,640381,20,47,
1630,experimental_left,1,7,5,10,0,9169.19999998808,650759,15,49,
1630,experimental_left,1,6,5,10,10,8762.599999964237,660241,10,51,
1630,experimental_left,0,7,5,10,10,8188.100000023842,669370,16,53,
1624,experimental_left,1,5,4,10,0,23346.200000047684,282237,1,8,
1624,experimental_left,1,5,5,0,10,19961.900000095367,323509,2,12,
1624,experimental_left,0,5,5,0,0,9036.299999952316,341827,6,15,
1624,experimental_left,0,6,5,10,10,32991.700000047684,377441,10,17,
1624,experimental_left,1,7,5,4,0,26540.299999952316,407590,13,19,
1624,experimental_left,0,6,5,2,0,9248.299999952316,418346,7,21,
1624,experimental_left,1,7,4,10,0,10415.5,429884,15,23,
1624,experimental_left,0,6,4,2,0,12122.599999904633,443371,11,25,
1624,experimental_left,1,7,3,10,0,10666.400000095367,455289,21,27,
1624,experimental_left,1,5,5,10,0,7152.200000047684,463511,3,29,
1624,experimental_left,0,6,5,2,10,21363.39999985695,485887,8,31,
1624,experimental_left,1,7,3,10,6,13672.099999904633,500643,22,33,
1624,experimental_left,0,7,5,10,10,11194.200000047684,513756,16,35,
1624,experimental_left,1,5,3,10,0,13284.200000047684,528148,18,37,
1624,experimental_left,1,5,2,0,0,10144.5,539367,19,39,
1624,experimental_left,0,5,2,10,0,8706.399999856949,549297,20,41,
1624,experimental_left,0,5,5,10,10,9064.900000095367,559563,4,43,
1624,experimental_left,1,6,5,10,0,8360.199999809265,568853,9,45,
1624,experimental_left,1,5,3,0,0,10024.900000095367,579733,17,47,
1624,experimental_left,1,6,4,10,0,9264.200000047684,589975,12,49,
1624,experimental_left,1,5,4,0,0,7882.299999952316,598915,5,51,
1624,experimental_left,0,7,5,4,10,11614.400000095367,611479,14,53,
1652,experimental_left,1,10,0,5,4,60899.699999999255,610446,1,8,
1652,experimental_left,1,5,5,0,10,16984.60000000149,812212,2,12,
1652,experimental_left,1,7,5,10,0,33504.10000000149,854401,15,15,
1652,experimental_left,1,7,3,10,6,24721.10000000149,881364,22,17,
1652,experimental_left,0,7,5,4,10,21760.20000000298,906056,14,19,
1652,experimental_left,1,7,3,10,0,15422.5,924877,21,21,
1652,experimental_left,1,5,4,0,0,16451.89999999851,943790,5,23,
1652,experimental_left,1,6,4,10,0,26790,977483,12,25,
1652,experimental_left,1,5,2,0,0,32257.900000002235,1011585,19,27,
1652,experimental_left,1,6,4,2,0,21913.39999999851,1035782,11,29,
1652,experimental_left,1,5,5,10,0,9973.099999997765,1048499,3,31,
1652,experimental_left,1,5,2,10,0,37388.39999999851,1087766,20,33,
1652,experimental_left,0,5,5,10,10,10023.89999999851,1100538,4,35,
1652,experimental_left,0,6,5,10,10,31359.39999999851,1138637,10,37,
1652,experimental_left,1,7,5,4,0,11620.199999999257,1339161,13,39,
1652,experimental_left,0,4,3,0,0,9273.800000000743,1350852,17,41,
1652,experimental_left,1,6,5,10,0,10251,1363344,9,43,
1652,experimental_left,0,6,5,2,10,10631.39999999851,1375919,8,45,
1652,experimental_left,0,6,5,2,0,11624.699999999257,1393042,7,47,
1652,experimental_left,1,5,3,10,0,50904.800000000745,1446019,18,49,
1652,experimental_left,0,5,5,0,0,11330.800000000743,1459441,6,51,
1652,experimental_left,0,7,5,10,10,48710.099999997765,1510401,16,53,
1619,observational_left,0,5,4,10,0,42211,381149,1,8,
1619,observational_left,0,5,5,0,10,21342.30000007153,409624,2,12,
1619,observational_left,1,5,4,0,0,18818.200000047684,435075,5,15,
1619,observational_left,1,6,4,2,0,13247.5,450264,11,17,
1619,observational_left,0,5,2,0,0,21745,473816,19,19,
1619,observational_left,0,5,5,0,0,18020.900000095367,495060,13,21,
1619,observational_left,0,5,3,0,0,12602.5,509498,17,23,
1619,observational_left,0,7,3,10,0,17159.699999928474,528453,21,25,
1619,observational_left,0,6,5,2,10,15521.800000071526,546030,8,27,
1619,observational_left,0,6,5,2,0,21096.5,569551,7,29,
1619,observational_left,0,5,5,10,10,17845.800000071526,593559,4,31,
1619,observational_left,0,6,5,10,10,18265.19999992847,614281,10,33,
1619,observational_left,0,7,5,10,10,22265.700000047684,638444,16,35,
1619,observational_left,1,5,3,10,0,44443.60000002384,685504,18,37,
1619,observational_left,0,5,5,10,0,55416.39999997616,742994,3,39,
1619,observational_left,1,7,5,10,0,31426.89999997616,776206,15,41,
1619,observational_left,0,5,5,0,0,27088.799999952316,804843,6,43,
1619,observational_left,1,5,2,10,0,25319,832018,20,45,
1619,observational_left,0,7,3,10,6,22439.30000007153,856309,22,47,
1619,observational_left,0,7,5,4,10,19901.10000002384,877841,14,49,
1619,observational_left,0,6,4,10,0,48363.20000004768,929850,12,51,
1619,observational_left,1,6,5,10,0,20871.19999992847,952501,9,53,
1629,observational_left,0,5,4,10,0,36375.5,614111,1,8,
1629,observational_left,1,5,5,0,10,30003.900000095367,717410,2,12,
1629,observational_left,1,7,5,10,0,40409.89999985695,767143,15,15,
1629,observational_left,0,5,5,10,10,97367.10000014304,870911,4,17,
1629,observational_left,1,5,2,0,0,29256,905804,19,19,
1629,observational_left,0,6,5,10,0,25490.10000014305,935349,9,21,
1629,observational_left,1,5,3,0,0,31417.900000095367,974150,17,23,
1629,observational_left,0,5,2,10,0,25553.5,1004059,20,25,
1629,observational_left,0,7,3,9,6,19157.200000047684,1029755,22,27,
1629,observational_left,1,6,4,10,0,17379.599999904633,1049452,12,29,
1629,observational_left,1,7,6,4,0,23897.200000047684,1075948,13,31,
1629,observational_left,1,6,5,2,10,22198.799999952316,1100217,8,33,
1629,observational_left,1,5,5,10,0,17379.200000047684,1120369,3,35,
1629,observational_left,1,6,4,10,10,19782.60000014305,1142307,10,37,
1629,observational_left,0,7,5,10,10,23871.10000014305,1169382,16,39,
1629,observational_left,0,5,3,10,0,17348.099999904633,1189623,18,41,
1629,observational_left,1,5,5,0,0,26133.300000190735,1218576,6,43,
1629,observational_left,1,7,5,4,10,19704.89999985695,1243583,14,45,
1629,observational_left,1,6,5,2,0,15544,1261389,7,47,
1629,observational_left,0,5,4,0,0,11480,1276102,5,49,
1629,observational_left,1,7,3,10,0,20117.799999952316,1299633,21,51,
1629,observational_left,1,6,4,2,0,14396.400000095367,1317480,11,53,
1653,observational_left,1,5,4,10,0,26382.60000014305,327487,1,8,
1653,observational_left,0,5,5,0,10,22398.900000095367,362824,2,12,
1653,observational_left,1,6,5,10,10,19999.099999904633,388664,10,15,
1653,observational_left,0,5,5,0,0,14575,406448,6,17,
1653,observational_left,1,7,3,10,6,25999.10000014305,435425,22,19,
1653,observational_left,0,5,3,0,0,13766.800000190737,452697,17,21,
1653,observational_left,0,6,5,2,0,15903.099999904633,471802,7,23,
1653,observational_left,0,5,4,0,0,15151.100000143051,490842,5,25,
1653,observational_left,1,5,3,10,0,18639.10000014305,510626,18,27,
1653,observational_left,0,5,5,10,10,12215,524794,4,29,
1653,observational_left,0,6,5,2,10,14151.100000143051,540404,8,31,
1653,observational_left,1,6,4,2,0,35119,580356,11,33,
1653,observational_left,0,7,5,4,10,34047,615813,14,35,
1653,observational_left,0,7,5,10,10,13271.299999952316,630069,16,37,
1653,observational_left,0,7,5,4,0,21679.10000014305,652949,13,39,
1653,observational_left,1,5,2,10,0,15071,669038,20,41,
1653,observational_left,1,6,5,10,0,25511,695862,9,43,
1653,observational_left,1,6,4,10,0,18239.099999904633,715630,12,45,
1653,observational_left,1,6,3,10,0,12399,729607,21,47,
1653,observational_left,0,5,2,0,0,22943.10000014305,754095,19,49,
1653,observational_left,1,5,5,10,0,8623.100000143051,763895,3,51,
1653,observational_left,1,7,5,10,0,27255.200000047684,792433,15,53,
1663,observational_left,1,4,4,8,4,57447,1017859,1,23,
1663,observational_left,0,5,5,10,10,33268.59999990463,1081862,2,27,
1663,observational_left,1,5,3,10,10,42903.2999997139,1134670,18,30,
1663,observational_left,1,5,4,0,0,21781,1160192,5,32,
1663,observational_left,0,6,5,2,10,26162.799999713898,1191432,8,34,
1663,observational_left,1,5,5,10,0,23928,1219283,3,36,
1663,observational_left,1,5,3,0,0,21940.199999809265,1244513,17,38,
1663,observational_left,1,6,5,10,0,11992.60000038147,1259991,9,40,
1663,observational_left,1,7,5,4,0,28596.099999904633,1293896,13,42,
1663,observational_left,1,6,5,10,10,15591,1313278,10,44,
1663,observational_left,0,5,2,10,0,25525.699999809265,1344172,20,46,
1663,observational_left,1,6,4,10,0,20620.199999809265,1368342,12,48,
1663,observational_left,0,7,5,4,10,16749.199999809265,1393736,14,50,
1663,observational_left,1,7,3,10,0,21609,1419328,21,52,
1663,observational_left,1,7,5,10,0,32374.199999809265,1468227,15,54,
1663,observational_left,0,7,5,10,10,25707.800000190735,1497672,16,56,
1663,observational_left,0,6,4,2,0,34939.800000190735,1536133,11,58,
1663,observational_left,0,5,2,0,0,26838,1566898,19,60,
1663,observational_left,0,7,3,10,6,23065.700000286102,1594013,22,62,
1663,observational_left,0,6,5,2,0,25177.599999904633,1623270,7,64,
1663,observational_left,0,5,5,0,0,12861.599999904633,1639712,6,66,
1663,observational_left,0,5,5,10,10,12236.199999809263,1655945,4,68,
1677,observational_left,0,5,4,10,0,68497,956070,1,33,
1677,observational_left,1,5,5,0,10,40673,1005173,2,37,
1677,observational_left,1,7,7,4,10,22803,1040561,14,40,
1677,observational_left,0,5,4,0,0,29066,1085967,5,42,
1677,observational_left,0,6,4,10,0,26161,1118812,12,44,
1677,observational_left,1,7,3,10,6,21542,1143154,22,46,
1677,observational_left,1,6,5,2,10,19922,1166857,8,48,
1677,observational_left,0,6,5,10,10,19116,1188926,16,50,
1677,observational_left,0,5,3,10,0,16079,1207291,18,52,
1677,observational_left,0,5,5,0,0,14574,1224104,6,54,
1677,observational_left,0,7,5,4,0,27820,1254757,13,56,
1677,observational_left,0,5,3,0,0,18180,1274291,17,58,
1677,observational_left,0,5,5,10,0,12725,1289314,3,60,
1677,observational_left,0,5,5,10,10,14466,1305893,4,62,
1677,observational_left,0,6,5,2,0,23063,1331198,7,64,
1677,observational_left,0,6,5,10,0,39220,1373287,9,66,
1677,observational_left,0,5,2,0,0,13937,1390821,19,68,
1677,observational_left,0,7,5,10,0,21290,1413855,15,70,
1677,observational_left,1,7,3,10,0,22301,1439902,21,72,
1677,observational_left,0,5,2,10,0,16122,1459306,20,74,
1677,observational_left,1,6,5,10,10,16233,1477807,10,76,
1677,observational_left,0,6,4,2,0,15842,1497383,11,78,
1645,observational_left,1,5,6,10,10,157768.59999999963,2296180,1,18,
1645,observational_left,0,5,5,0,10,46300.699999999255,2433747,2,22,
1645,observational_left,0,5,5,10,10,143852.09999999963,2592046,4,25,
1645,observational_left,1,5,5,10,10,55149.09999999963,2711062,3,27,
1645,observational_left,0,5,2,10,10,68715.19999999925,2789960,20,29,
1645,observational_left,0,7,3,10,10,86082.40000000037,2882778,21,31,
1645,observational_left,1,5,5,10,10,39415,2924911,10,33,
1645,observational_left,1,7,5,10,10,74433.19999999925,3004995,15,35,
1645,observational_left,1,7,3,10,6,86650.09999999963,3096387,22,37,
1645,observational_left,1,7,5,10,10,31231.5,3130553,16,39,
1645,observational_left,1,5,5,0,0,22515.599999999627,3164387,6,41,
1645,observational_left,0,5,3,10,10,39965.5,3206370,18,43,
1645,observational_left,1,6,5,10,10,21098.20000000112,3230569,9,45,
1645,observational_left,0,5,2,0,0,44714.29999999888,3277651,19,47,
1645,observational_left,0,6,4,10,10,106918,3387668,12,49,
1645,observational_left,1,6,4,2,10,111200.69999999924,3502667,11,51,
1645,observational_left,1,6,5,2,10,105218.5,3610617,7,53,
1645,observational_left,0,5,6,0,10,50414.800000000745,3662949,5,55,
1645,observational_left,1,7,5,4,10,74883.30000000075,3739515,13,57,
1645,observational_left,0,5,7,0,0,31230.599999999627,3772247,17,59,
1645,observational_left,0,5,5,2,10,55549.40000000037,3833298,8,61,
1645,observational_left,1,7,5,4,10,30499.400000000373,3866263,14,63,
1657,observational_left,0,5,4,10,0,48702,1625367,1,28,
1657,observational_left,1,5,5,0,10,44093,1679301,2,32,
1657,observational_left,0,7,5,4,10,38718,1728806,14,35,
1657,observational_left,1,6,4,2,0,44638,1776293,11,37,
1657,observational_left,1,5,3,0,0,21974,1807085,17,39,
1657,observational_left,1,5,3,10,0,20848,1830318,18,41,
1657,observational_left,0,5,5,10,10,18263,1852958,4,43,
1657,observational_left,0,5,5,10,0,23841,1881344,3,45,
1657,observational_left,1,6,5,2,0,22981,1908838,7,47,
1657,observational_left,0,7,5,10,0,26777,1943406,15,49,
1657,observational_left,1,6,4,10,0,19871,1965534,12,51,
1657,observational_left,1,5,2,10,0,16669,1985821,20,53,
1657,observational_left,1,5,2,0,0,16239,2004276,19,55,
1657,observational_left,1,6,5,10,0,17174,2024693,9,57,
1657,observational_left,1,7,5,4,0,17238,2044461,13,59,
1657,observational_left,1,5,4,0,0,23065,2071552,5,61,
1657,observational_left,1,7,5,10,10,19495,2093326,16,63,
1657,observational_left,1,6,5,2,10,28437,2130172,8,65,
1657,observational_left,1,6,5,10,10,15880,2148501,10,67,
1657,observational_left,1,7,3,10,0,44869,2199564,21,69,
1657,observational_left,1,5,5,0,0,16239,2220423,6,71,
1657,observational_left,0,7,3,10,6,18711,2241589,22,73,
1661,observational_left,1,5,4,10,0,28191,649737,1,8,
1661,observational_left,0,5,5,0,10,18583,684209,2,12,
1661,observational_left,0,5,5,10,10,12263.399999976158,707384,4,15,
1661,observational_left,0,5,5,10,0,8879.700000047684,717745,3,17,
1661,observational_left,1,5,4,10,0,11752.399999976158,730944,18,19,
1661,observational_left,1,7,3,10,0,13431.900000095367,746297,21,21,
1661,observational_left,1,7,5,4,0,23190.799999952316,770945,13,23,
1661,observational_left,1,6,5,2,0,13703.900000095367,788026,7,25,
1661,observational_left,1,7,5,10,0,12623.100000023842,802009,15,27,
1661,observational_left,1,5,2,10,0,11742.899999976158,814977,20,29,
1661,observational_left,0,6,5,2,10,13639.100000023842,829697,8,31,
1661,observational_left,1,7,3,10,6,14263,845153,22,33,
1661,observational_left,1,7,5,10,10,9423.300000071526,855745,16,35,
1661,observational_left,1,6,5,10,10,13942.799999952316,870841,10,37,
1661,observational_left,1,6,5,10,0,10423.5,882409,9,39,
1661,observational_left,1,5,2,0,0,7231.100000023842,890769,19,41,
1661,observational_left,1,6,4,2,0,6718.599999904633,898537,11,43,
1661,observational_left,1,7,5,4,10,21151,921049,14,45,
1661,observational_left,1,5,4,0,0,8519.200000047684,931057,5,47,
1661,observational_left,1,5,3,0,0,9791.100000023842,941889,17,49,
1661,observational_left,0,5,5,0,0,8055,951169,6,51,
1661,observational_left,1,6,4,10,0,10062.400000095367,964129,12,53,
1627,observational_left,1,5,4,10,10,142908,1037062,1,8,
1627,observational_left,0,5,5,0,10,19057.200000047684,1085884,2,12,
1627,observational_left,1,5,5,0,0,17338.599999904633,1108674,6,15,
1627,observational_left,1,6,5,2,10,15056.299999952316,1134336,7,17,
1627,observational_left,1,5,2,0,0,15164,1152802,19,19,
1627,observational_left,1,5,3,10,0,16077.799999952316,1170871,18,21,
1627,observational_left,1,5,4,0,0,13890.100000143051,1186247,5,23,
1627,observational_left,0,6,5,2,10,14676,1204021,8,25,
1627,observational_left,0,7,3,10,6,15288.200000047684,1221157,22,27,
1627,observational_left,1,5,0,10,0,33071.800000190735,1255505,20,29,
1627,observational_left,1,7,5,10,0,11474.599999904633,1268480,15,31,
1627,observational_left,0,6,5,10,10,11366.099999904633,1281205,10,33,
1627,observational_left,1,5,0,0,0,12242.699999809263,1294708,17,35,
1627,observational_left,1,7,5,4,0,19656.699999809265,1316002,13,37,
1627,observational_left,1,5,0,10,0,33397.90000009537,1350746,3,39,
1627,observational_left,0,7,5,10,10,14076.200000047684,1366190,16,41,
1627,observational_left,1,6,4,10,0,15558.200000047684,1384585,12,43,
1627,observational_left,1,7,3,10,0,17033.5,1448944,21,45,
1627,observational_left,0,7,0,4,10,14330.799999952316,1464768,14,47,
1627,observational_left,1,6,4,2,0,20814.700000047684,1489480,11,49,
1627,observational_left,0,5,5,10,10,10145.899999856949,1501247,4,51,
1627,observational_left,1,6,5,10,0,13756.400000095367,1516729,9,53,
1647,observational_left,0,5,4,10,0,29794,431068,1,8,
1647,observational_left,0,5,5,0,10,22707,477847,2,12,
1647,observational_left,1,5,2,10,0,19486.20000000298,505006,20,15,
1647,observational_left,1,8,3,10,0,16818.20000000298,526284,21,17,
1647,observational_left,0,6,5,10,10,26666.60000000894,556127,10,19,
1647,observational_left,1,5,3,0,0,20569.5,580851,17,21,
1647,observational_left,1,7,3,10,6,17082.79999999702,600307,22,23,
1647,observational_left,1,8,5,10,0,15029.90000000596,616963,15,25,
1647,observational_left,0,6,4,2,0,17019.29999999702,635623,11,27,
1647,observational_left,0,6,5,10,0,17079.19999998808,654049,9,29,
1647,observational_left,1,5,2,0,0,17584.60000000894,673174,19,31,
1647,observational_left,0,5,5,0,0,9480.79999999702,683924,6,33,
1647,observational_left,1,6,4,10,0,16130.40000000596,706822,12,35,
1647,observational_left,1,6,5,2,10,16449,724812,8,37,
1647,observational_left,1,5,4,0,0,16154.70000000298,742207,5,39,
1647,observational_left,0,5,5,10,0,12280.40000000596,757560,3,41,
1647,observational_left,0,5,5,10,10,12318.40000000596,772532,4,43,
1647,observational_left,1,8,5,4,0,14420.30000001192,789358,13,45,
1647,observational_left,1,8,5,10,10,18810.29999999702,812854,16,47,
1647,observational_left,1,6,5,2,0,10710.5,824834,7,49,
1647,observational_left,0,7,5,4,10,11115,837249,14,51,
1647,observational_left,1,5,3,10,0,16270.70000000298,855139,18,53,
1671,observational_left,1,5,4,10,0,22085.89999997616,792556,1,8,
1671,observational_left,0,5,5,0,10,16813.200000047684,845580,2,12,
1671,observational_left,1,7,5,4,10,25087.200000047684,885925,14,15,
1671,observational_left,1,7,3,10,0,14430.5,906837,21,17,
1671,observational_left,1,5,3,0,0,11942.099999964235,920572,17,19,
1671,observational_left,1,5,2,10,0,16247.899999976158,939463,20,21,
1671,observational_left,0,5,5,10,0,13062.599999964235,953836,3,23,
1671,observational_left,1,5,3,10,0,11455.400000035765,967245,18,25,
1671,observational_left,0,5,4,0,0,8663.699999988079,977045,5,27,
1671,observational_left,1,5,5,10,10,9381.399999976158,988643,4,29,
1671,observational_left,1,7,5,10,10,18557.69999998808,1008404,16,31,
1671,observational_left,0,6,5,2,0,15758.69999998808,1026006,7,33,
1671,observational_left,1,7,5,4,0,11262.30000001192,1039333,13,35,
1671,observational_left,1,6,5,10,10,22734.5,1063245,10,37,
1671,observational_left,1,5,2,0,0,8853.899999976158,1073020,19,39,
1671,observational_left,1,6,5,10,0,7661.700000047684,1081924,9,41,
1671,observational_left,0,6,5,2,10,12669.69999998808,1095717,8,43,
1671,observational_left,1,7,3,10,6,13878.19999998808,1110716,22,45,
1671,observational_left,1,6,4,10,0,7717.899999976158,1119628,12,47,
1671,observational_left,1,7,5,10,0,12733.5,1133243,15,49,
1671,observational_left,0,6,4,2,0,12749.099999964235,1146939,11,51,
1671,observational_left,1,5,5,0,0,6557.300000011921,1154596,6,53,
1621,observational_left,0,5,4,10,0,38056,481186,1,8,
1621,observational_left,0,5,5,0,10,36255,523502,2,12,
1621,observational_left,0,7,5,4,10,26444,554030,14,15,
1621,observational_left,0,5,5,10,10,10943,567027,4,17,
1621,observational_left,1,6,4,2,0,13065,581328,11,19,
1621,observational_left,1,7,5,4,0,21413,604738,13,21,
1621,observational_left,0,6,5,2,10,13135,618870,8,23,
1621,observational_left,0,6,5,10,0,21957,642086,9,25,
1621,observational_left,0,6,5,10,10,8368,651567,10,27,
1621,observational_left,1,7,5,10,0,10092,662839,15,29,
1621,observational_left,1,5,3,0,0,7534,671395,17,31,
1621,observational_left,0,5,5,0,0,4823,677070,6,33,
1621,observational_left,0,5,5,10,0,10747,688856,3,35,
1621,observational_left,0,7,3,10,6,14980,705029,22,37,
1621,observational_left,0,7,5,10,10,12911,719118,16,39,
1621,observational_left,1,5,2,10,0,7216,727389,20,41,
1621,observational_left,1,6,5,2,0,20912,749279,7,43,
1621,observational_left,0,5,3,10,0,7639,758233,18,45,
1621,observational_left,0,6,4,10,0,30372,789923,12,47,
1621,observational_left,1,7,3,10,0,10229,802149,21,49,
1621,observational_left,1,5,2,0,0,6532,809702,19,51,
1621,observational_left,1,5,4,0,0,7589,818725,5,53,
1679,observational_left,0,5,4,10,0,64723.29999995232,752352,1,8,
1679,observational_left,1,5,5,0,10,21674.60000014305,828160,2,12,
1679,observational_left,1,6,5,2,10,36767.09999990463,880468,8,15,
1679,observational_left,0,5,5,10,10,50011.39999985695,935193,4,17,
1679,observational_left,1,6,4,2,0,29758.10000014305,972392,11,19,
1679,observational_left,1,7,3,10,0,36815.10000014305,1011407,21,21,
1679,observational_left,0,7,5,4,10,28794.800000190735,1043500,14,23,
1679,observational_left,1,5,3,10,0,18894.900000095367,1065436,18,25,
1679,observational_left,0,7,5,4,0,116369.90000009535,1183504,13,27,
1679,observational_left,0,5,4,0,0,27618.5,1212644,5,29,
1679,observational_left,1,5,5,10,0,84777.79999995232,1298572,3,31,
1679,observational_left,0,6,5,10,10,54019.29999995232,1355328,10,33,
1679,observational_left,0,5,2,0,0,56182.699999809265,1412728,19,35,
1679,observational_left,0,7,5,10,0,60970.39999985695,1475035,15,37,
1679,observational_left,0,7,3,10,6,18662.700000047684,1494803,22,39,
1679,observational_left,0,6,5,2,0,14094.200000047684,1509659,7,41,
1679,observational_left,0,7,5,10,10,33159.5,1544105,16,43,
1679,observational_left,1,6,4,10,0,24543.099999904633,1569840,12,45,
1679,observational_left,0,5,5,0,0,18351,1589384,6,47,
1679,observational_left,1,5,2,10,0,32462.5,1622800,20,49,
1679,observational_left,1,0,5,10,6,11967.400000095367,1636680,9,51,
1679,observational_left,1,5,3,0,0,28311.400000095367,1666083,17,53,
1649,observational_left,1,5,6,10,10,46689.5,476012,1,8,
1649,observational_left,0,5,5,0,10,26955.69999998808,520309,2,12,
1649,observational_left,0,5,3,0,0,17519,549167,17,15,
1649,observational_left,1,5,4,0,0,15666.5,568152,5,17,
1649,observational_left,1,6,6,2,0,27709.70000001788,598678,11,19,
1649,observational_left,1,6,5,2,10,16022.5,616952,8,21,
1649,observational_left,0,6,3,10,6,20887.80000001192,640209,22,23,
1649,observational_left,1,7,5,4,0,15133.19999998808,657510,13,25,
1649,observational_left,0,5,5,0,0,27193,687334,6,27,
1649,observational_left,1,6,5,2,0,13310.80000001192,703016,7,29,
1649,observational_left,1,5,5,10,10,15545.70000001788,721065,4,31,
1649,observational_left,0,7,5,4,10,21652.40000000596,746302,14,33,
1649,observational_left,1,5,2,10,0,12268.90000000596,760528,20,35,
1649,observational_left,1,6,4,10,0,15613.5,778638,12,37,
1649,observational_left,0,7,5,10,10,16486.40000000596,799937,16,39,
1649,observational_left,1,7,3,10,0,14447.69999998808,816465,21,41,
1649,observational_left,0,6,5,10,10,14954.40000000596,832865,10,43,
1649,observational_left,1,5,3,10,0,12456.30000001192,847564,18,45,
1649,observational_left,1,5,5,10,0,15263.29999998212,864465,3,47,
1649,observational_left,1,6,5,10,0,17166.40000000596,883696,9,49,
1649,observational_left,1,5,2,10,10,11801.70000001788,897461,19,51,
1649,observational_left,1,7,5,10,0,20671,920605,15,53,
1678,observational_left,0,5,4,10,0,37216.79999999888,640302,1,8,
1678,observational_left,0,5,5,0,10,27109,682057,2,12,
1678,observational_left,1,7,5,4,10,25699,714283,14,15,
1678,observational_left,1,7,5,10,10,19743.400000000373,737410,16,17,
1678,observational_left,0,5,5,0,0,8813.099999999627,748386,6,19,
1678,observational_left,1,5,3,0,0,16026.200000001118,768934,17,21,
1678,observational_left,1,5,2,0,0,10829.699999999257,781363,19,23,
1678,observational_left,1,7,3,10,0,13928.5,796961,21,25,
1678,observational_left,0,6,5,10,10,13177.099999999627,811756,10,27,
1678,observational_left,1,6,5,2,10,15874.099999999627,829427,8,29,
1678,observational_left,0,7,5,4,0,13817.599999999627,845482,13,31,
1678,observational_left,1,6,5,2,0,12239.900000000373,859396,7,33,
1678,observational_left,0,5,5,10,10,8702.800000000745,869694,4,35,
1678,observational_left,1,5,2,10,0,10826.300000000743,882982,20,37,
1678,observational_left,0,7,5,10,0,12883.700000001118,897779,15,39,
1678,observational_left,1,6,4,10,0,10678.199999999257,910130,12,41,
1678,observational_left,0,5,5,10,0,12518.900000000373,924202,3,43,
1678,observational_left,1,5,3,10,0,13852.099999999627,939748,18,45,
1678,observational_left,0,7,3,10,6,10006.900000000373,951402,22,47,
1678,observational_left,1,5,4,0,0,9950.5,962632,5,49,
1678,observational_left,1,6,4,2,0,11776.400000000373,975866,11,51,
1678,observational_left,1,6,5,10,0,9167.599999999627,986627,9,53,
1669,observational_left,0,5,4,10,0,25163.39999997616,1656936,1,8,
1669,observational_left,0,5,5,0,10,25015.5,1690136,2,12,
1669,observational_left,0,5,5,10,10,32678.299999952316,1728566,4,15,
1669,observational_left,1,6,4,10,0,26695.400000095367,1756802,12,17,
1669,observational_left,0,7,5,4,10,19980.60000002384,1779686,14,19,
1669,observational_left,1,5,5,10,0,26031.5,1806987,3,21,
1669,observational_left,0,7,5,10,0,16528.200000047684,1825334,15,23,
1669,observational_left,0,5,2,10,0,9581.299999952316,1835735,20,25,
1669,observational_left,0,7,3,10,6,59548.39999997616,1896202,22,27,
1669,observational_left,0,7,5,10,10,9079.600000023842,1906633,16,29,
1669,observational_left,0,7,3,10,0,30844.700000047684,1938715,21,31,
1669,observational_left,0,5,3,10,0,21550.39999997616,1961486,18,33,
1669,observational_left,1,5,3,0,0,7449.200000047684,1969802,17,35,
1669,observational_left,1,6,5,2,0,12595.699999928474,1988134,7,37,
1669,observational_left,1,5,2,0,0,13465.200000047684,2002585,19,39,
1669,observational_left,1,6,4,2,0,58630,2062767,11,41,
1669,observational_left,1,7,5,4,0,12266.600000023842,2075918,13,43,
1669,observational_left,0,6,5,2,10,10231.699999928474,2087050,8,45,
1669,observational_left,1,5,4,0,0,12863.5,2100782,5,47,
1669,observational_left,1,5,5,0,0,13595.799999952316,2116099,6,49,
1669,observational_left,1,6,5,10,0,20562.700000047684,2137534,9,51,
1669,observational_left,1,6,5,10,10,14680.600000023842,2153684,10,53,
1641,observational_left,1,5,4,10,0,25406.79999999702,644312,1,8,
1641,observational_left,0,5,5,10,10,17702.70000000298,691494,2,12,
1641,observational_left,0,6,5,2,10,18649.09999999404,725504,8,15,
1641,observational_left,1,5,5,10,10,11510.70000000298,742254,4,17,
1641,observational_left,1,5,2,10,0,17087.09999999404,761732,20,19,
1641,observational_left,1,7,5,10,10,13043.20000000298,776274,16,21,
1641,observational_left,0,7,5,4,10,10492.90000000596,788448,14,23,
1641,observational_left,1,5,3,10,0,12813.10000000894,802812,18,25,
1641,observational_left,1,6,4,2,0,11631.10000000894,815972,11,27,
1641,observational_left,1,5,3,0,0,12282.90000000596,829478,17,29,
1641,observational_left,1,7,5,10,0,18049.09999999404,848856,15,31,
1641,observational_left,0,6,5,2,0,17815,868094,7,33,
1641,observational_left,1,5,2,0,0,23346.79999999702,893214,19,35,
1641,observational_left,1,6,4,10,0,10038.69999998808,904546,12,37,
1641,observational_left,0,5,5,10,0,13015,919054,3,39,
1641,observational_left,0,5,5,0,0,10562.90000000596,931002,6,41,
1641,observational_left,0,5,4,0,0,8643.20000000298,941048,5,43,
1641,observational_left,0,6,5,10,10,21906.89999999106,965116,10,45,
1641,observational_left,1,7,3,10,0,12469.20000000298,978926,21,47,
1641,observational_left,1,6,5,10,0,12775.09999999404,993478,9,49,
1641,observational_left,1,7,3,10,6,16011.10000000894,1010652,22,51,
1641,observational_left,1,7,5,4,0,17963.5,1030078,13,53,
1665,observational_left,0,5,4,10,0,51268,578964,1,8,
1665,observational_left,0,4,4,0,10,37507.59999999404,639509,2,12,
1665,observational_left,1,6,5,10,10,42101.09999999404,689996,10,15,
1665,observational_left,1,4,3,0,0,41356.40000000596,743228,5,17,
1665,observational_left,1,5,3,10,0,31483.80000001192,778080,18,19,
1665,observational_left,0,5,5,0,0,24019,805652,6,21,
1665,observational_left,0,6,5,2,0,49085.5,859937,7,23,
1665,observational_left,1,7,3,10,0,28434.70000001788,892605,21,25,
1665,observational_left,1,5,2,10,0,26690.80000001192,923168,20,27,
1665,observational_left,1,7,5,10,0,29162.40000000596,955229,15,29,
1665,observational_left,0,6,5,2,10,22441.90000000596,979862,8,31,
1665,observational_left,1,6,4,2,0,25257.30000001192,1011002,11,33,
1665,observational_left,0,5,5,10,0,26322.69999998808,1061961,3,35,
1665,observational_left,0,7,5,4,0,55813,1120959,13,37,
1665,observational_left,0,7,3,10,7,85929.90000000596,1209818,22,39,
1665,observational_left,0,5,5,10,10,24192.59999999404,1238375,4,41,
1665,observational_left,1,6,5,10,0,21612.5,1262901,9,43,
1665,observational_left,1,5,3,0,0,32476,1297816,17,45,
1665,observational_left,0,6,4,10,0,18281.60000002384,1329723,12,47,
1665,observational_left,0,7,5,4,10,37962.5,1373113,14,49,
1665,observational_left,1,5,2,0,0,13081,1389052,19,51,
1665,observational_left,0,7,5,10,10,18345.89999997616,1411431,16,53,
1659,observational_left,1,5,4,10,0,23271,746448,1,23,
1659,observational_left,0,5,5,0,10,21230,778074,2,27,
1659,observational_left,0,7,5,4,10,36267,817190,14,30,
1659,observational_left,1,7,5,4,0,25128,844912,13,32,
1659,observational_left,0,6,5,10,10,18461,866045,10,34,
1659,observational_left,0,5,2,0,3,26517,894188,19,36,
1659,observational_left,1,5,5,10,0,14053,909721,3,38,
1659,observational_left,1,6,4,10,0,20139,931406,9,40,
1659,observational_left,1,6,4,2,0,16357,950260,11,42,
1659,observational_left,1,7,5,10,0,12826,964533,15,44,
1659,observational_left,0,5,5,0,0,9480,975413,6,46,
1659,observational_left,1,7,3,10,0,11098,987900,21,48,
1659,observational_left,1,5,2,10,0,10792,1000771,20,50,
1659,observational_left,0,7,5,10,10,18875,1021089,16,52,
1659,observational_left,0,5,3,0,0,11045,1033955,17,54,
1659,observational_left,0,6,5,2,10,13084,1048390,8,56,
1659,observational_left,1,5,3,10,0,9959,1059670,18,58,
1659,observational_left,0,5,4,0,0,69731,1130864,5,60,
1659,observational_left,0,5,5,10,10,10873,1143760,4,62,
1659,observational_left,0,6,5,2,0,15875,1160924,7,64,
1659,observational_left,1,7,3,10,5,11792,1173944,22,66,
1659,observational_left,1,6,4,10,0,10773,1185892,12,68,
1651,observational_left,0,5,4,10,0,33002.2000002861,380108,1,8,
1651,observational_left,0,5,5,0,10,15986.299999713898,419056,2,12,
1651,observational_left,1,6,4,2,0,16567.900000095367,441531,11,15,
1651,observational_left,1,7,3,10,0,19782,462840,21,17,
1651,observational_left,1,5,2,0,0,10435.700000286102,475690,19,19,
1651,observational_left,0,7,5,10,10,18714.099999904633,496247,16,21,
1651,observational_left,0,7,3,10,6,15933.300000190737,513643,22,23,
1651,observational_left,1,5,3,10,0,10840.799999713898,526224,18,25,
1651,observational_left,0,6,5,10,10,11096.700000286102,538645,10,27,
1651,observational_left,0,5,5,10,0,8214.599999904633,548537,3,29,
1651,observational_left,0,7,5,4,10,13357.900000095367,563014,14,31,
1651,observational_left,0,7,5,4,0,11389.400000095367,575942,13,33,
1651,observational_left,0,5,5,10,10,9192.400000095367,586292,4,35,
1651,observational_left,0,6,4,10,0,9091.5,597063,12,37,
1651,observational_left,1,5,2,10,0,7034.299999713898,605788,20,39,
1651,observational_left,0,7,5,10,0,8138,614816,15,41,
1651,observational_left,1,5,3,0,0,7110.300000190735,622754,17,43,
1651,observational_left,0,6,5,2,0,7274.700000286102,630919,7,45,
1651,observational_left,0,5,4,0,0,6398.299999713898,638411,5,47,
1651,observational_left,0,6,5,2,10,8975.5,648429,8,49,
1651,observational_left,0,6,5,10,0,8417,658118,9,51,
1651,observational_left,0,5,5,0,0,6678.300000190735,666144,6,53,
1643,observational_left,0,5,4,10,10,30799.5,384796,1,8,
1643,observational_left,0,5,5,0,10,19557.699999809265,419984,2,12,
1643,observational_left,0,7,5,4,10,27081,456816,14,15,
1643,observational_left,1,6,4,2,0,15914.699999809263,475326,11,17,
1643,observational_left,0,5,5,10,10,12650.199999809263,490220,4,19,
1643,observational_left,0,7,5,10,10,14042.39999961853,506185,16,21,
1643,observational_left,1,7,5,10,0,16023.89999961853,524654,15,23,
1643,observational_left,1,6,4,10,0,11699.199999809263,538098,12,25,
1643,observational_left,1,7,5,4,0,17680.60000038147,557097,13,27,
1643,observational_left,0,5,2,0,0,14509.39999961853,573044,19,29,
1643,observational_left,1,5,2,10,0,12535.300000190737,586958,20,31,
1643,observational_left,1,7,3,10,0,12132.29999923706,600479,21,33,
1643,observational_left,1,5,5,10,0,11112.60000038147,612659,3,35,
1643,observational_left,1,6,5,2,0,14204.699999809263,629135,7,37,
1643,observational_left,0,7,5,2,10,11026,642169,8,39,
1643,observational_left,1,5,4,0,0,15200.199999809263,658473,5,41,
1643,observational_left,0,5,5,0,0,14474.300000190737,674181,6,43,
1643,observational_left,0,5,5,10,10,9648.10000038147,684933,10,45,
1643,observational_left,1,5,3,0,0,13156.099999427795,699161,17,47,
1643,observational_left,1,7,3,10,6,10300.400000572205,710599,22,49,
1643,observational_left,1,6,5,10,0,10227.70000076294,721963,9,51,
1643,observational_left,1,5,4,10,0,10581.800000190737,733891,18,53,
1667,observational_left,1,5,4,10,0,34181.5,614750,1,8,
1667,observational_left,1,5,5,0,10,15830.700000047684,678800,2,12,
1667,observational_left,1,7,5,4,0,23916.69999992847,711638,13,15,
1667,observational_left,1,5,3,10,0,13844.5,726962,18,17,
1667,observational_left,1,7,3,10,6,15059.100000023842,744827,22,19,
1667,observational_left,1,0,5,10,7,17850.899999976158,764299,15,21,
1667,observational_left,1,0,2,10,5,16428.699999928474,782212,20,23,
1667,observational_left,0,6,5,2,0,16911,800298,7,25,
1667,observational_left,0,5,5,0,0,11939.399999976158,817020,6,27,
1667,observational_left,1,7,5,10,10,15996.200000047684,834266,16,29,
1667,observational_left,1,7,5,4,10,21574.30000007153,857177,14,31,
1667,observational_left,1,5,5,10,0,18211,877017,3,33,
1667,observational_left,0,5,3,0,0,13158.199999928474,891092,17,35,
1667,observational_left,0,6,4,2,0,11036.899999976158,903028,11,37,
1667,observational_left,1,6,5,10,0,12346,916447,9,39,
1667,observational_left,1,6,5,10,10,15160.199999928474,933010,10,41,
1667,observational_left,1,7,3,10,0,17705.299999952316,952091,21,43,
1667,observational_left,0,5,4,0,0,117496.20000004768,1070564,5,45,
1667,observational_left,0,6,5,2,10,12804.100000023842,1130435,8,47,
1667,observational_left,1,5,2,0,0,24649.799999952316,1156041,19,49,
1667,observational_left,1,5,5,10,10,10272,1167509,4,51,
1667,observational_left,1,6,4,10,0,27179.60000002384,1195597,12,53,
1637,observational_left,1,5,4,10,0,44614.70000004768,421604,1,8,
1637,observational_left,0,5,5,0,10,13412.599999904633,453283,2,12,
1637,observational_left,1,7,5,10,0,17534.799999952316,480484,15,15,
1637,observational_left,1,6,4,10,0,17438.599999904633,499620,12,17,
1637,observational_left,1,5,3,10,0,13614.700000047684,515020,18,19,
1637,observational_left,1,5,2,0,0,21758.699999809265,538860,19,21,
1637,observational_left,0,5,5,10,10,12998.400000095367,553916,4,23,
1637,observational_left,0,5,5,10,0,15462.700000047684,573292,3,25,
1637,observational_left,1,7,5,4,10,19024.599999904633,594333,14,27,
1637,observational_left,1,6,5,2,0,18158.900000095367,615555,7,29,
1637,observational_left,1,7,3,10,0,13350.099999904633,635220,21,31,
1637,observational_left,0,6,5,10,10,16286.599999904633,655132,10,33,
1637,observational_left,1,5,2,10,0,9078.799999952316,667060,20,35,
1637,observational_left,1,7,3,10,6,13406.799999952316,682196,22,37,
1637,observational_left,0,6,5,2,10,17286.900000095367,701268,8,39,
1637,observational_left,1,6,5,10,0,9566.799999952316,714516,9,41,
1637,observational_left,1,5,4,0,0,11527.200000047684,728100,5,43,
1637,observational_left,1,7,5,4,0,33135.40000009537,768052,13,45,
1637,observational_left,0,7,5,10,10,14542.799999952316,788932,16,47,
1637,observational_left,0,6,4,2,0,12182.599999904633,803324,11,49,
1637,observational_left,0,5,5,0,0,8662.900000095367,813700,6,51,
1637,observational_left,1,5,3,0,0,10206.799999952316,825564,17,53,
