"participant","trial","response","type","value","trial_numeric"
"0c0h464vu6","1",0,"compliers",25,1
"0c0h464vu6","1",0,"always",30,1
"0c0h464vu6","1",0,"never",30,1
"0c0h464vu6","1",0,"defiers",15,1
"0c0h464vu6","2",0,"compliers",15,2
"0c0h464vu6","2",0,"always",30,2
"0c0h464vu6","2",0,"never",30,2
"0c0h464vu6","2",0,"defiers",25,2
"0c0h464vu6","13",0,"compliers",15,13
"0c0h464vu6","13",0,"always",10,13
"0c0h464vu6","13",0,"never",60,13
"0c0h464vu6","13",0,"defiers",15,13
"0c0h464vu6","20",1,"compliers",25,20
"0c0h464vu6","20",1,"always",5,20
"0c0h464vu6","20",1,"never",55,20
"0c0h464vu6","20",1,"defiers",15,20
"0c0h464vu6","12",1,"compliers",25,12
"0c0h464vu6","12",1,"always",15,12
"0c0h464vu6","12",1,"never",45,12
"0c0h464vu6","12",1,"defiers",15,12
"0c0h464vu6","14",0,"compliers",25,14
"0c0h464vu6","14",0,"always",30,14
"0c0h464vu6","14",0,"never",20,14
"0c0h464vu6","14",0,"defiers",25,14
"0c0h464vu6","15",1,"compliers",55,15
"0c0h464vu6","15",1,"always",20,15
"0c0h464vu6","15",1,"never",15,15
"0c0h464vu6","15",1,"defiers",10,15
"0c0h464vu6","19",0,"compliers",5,19
"0c0h464vu6","19",0,"always",5,19
"0c0h464vu6","19",0,"never",60,19
"0c0h464vu6","19",0,"defiers",30,19
"0c0h464vu6","22",1,"compliers",45,22
"0c0h464vu6","22",1,"always",35,22
"0c0h464vu6","22",1,"never",15,22
"0c0h464vu6","22",1,"defiers",5,22
"0c0h464vu6","11",0,"compliers",25,11
"0c0h464vu6","11",0,"always",25,11
"0c0h464vu6","11",0,"never",30,11
"0c0h464vu6","11",0,"defiers",20,11
"0c0h464vu6","6",0,"compliers",15,6
"0c0h464vu6","6",0,"always",15,6
"0c0h464vu6","6",0,"never",40,6
"0c0h464vu6","6",0,"defiers",30,6
"0c0h464vu6","5",0,"compliers",20,5
"0c0h464vu6","5",0,"always",20,5
"0c0h464vu6","5",0,"never",25,5
"0c0h464vu6","5",0,"defiers",35,5
"0c0h464vu6","9",1,"compliers",40,9
"0c0h464vu6","9",1,"always",25,9
"0c0h464vu6","9",1,"never",25,9
"0c0h464vu6","9",1,"defiers",10,9
"0c0h464vu6","18",1,"compliers",50,18
"0c0h464vu6","18",1,"always",15,18
"0c0h464vu6","18",1,"never",25,18
"0c0h464vu6","18",1,"defiers",10,18
"0c0h464vu6","10",0,"compliers",15,10
"0c0h464vu6","10",0,"always",60,10
"0c0h464vu6","10",0,"never",20,10
"0c0h464vu6","10",0,"defiers",5,10
"0c0h464vu6","16",0,"compliers",15,16
"0c0h464vu6","16",0,"always",70,16
"0c0h464vu6","16",0,"never",10,16
"0c0h464vu6","16",0,"defiers",5,16
"0c0h464vu6","21",1,"compliers",60,21
"0c0h464vu6","21",1,"always",15,21
"0c0h464vu6","21",1,"never",20,21
"0c0h464vu6","21",1,"defiers",5,21
"0c0h464vu6","17",0,"compliers",15,17
"0c0h464vu6","17",0,"always",5,17
"0c0h464vu6","17",0,"never",40,17
"0c0h464vu6","17",0,"defiers",40,17
"0c0h464vu6","8",0,"compliers",15,8
"0c0h464vu6","8",0,"always",15,8
"0c0h464vu6","8",0,"never",15,8
"0c0h464vu6","8",0,"defiers",55,8
"0c0h464vu6","7",0,"compliers",30,7
"0c0h464vu6","7",0,"always",15,7
"0c0h464vu6","7",0,"never",25,7
"0c0h464vu6","7",0,"defiers",30,7
"0c0h464vu6","4",0,"compliers",30,4
"0c0h464vu6","4",0,"always",50,4
"0c0h464vu6","4",0,"never",10,4
"0c0h464vu6","4",0,"defiers",10,4
"0c0h464vu6","3",1,"compliers",55,3
"0c0h464vu6","3",1,"always",15,3
"0c0h464vu6","3",1,"never",15,3
"0c0h464vu6","3",1,"defiers",15,3
"0mgwg9123j","1",1,"compliers",40,1
"0mgwg9123j","1",1,"always",20,1
"0mgwg9123j","1",1,"never",30,1
"0mgwg9123j","1",1,"defiers",10,1
"0mgwg9123j","2",0,"compliers",0,2
"0mgwg9123j","2",0,"always",50,2
"0mgwg9123j","2",0,"never",50,2
"0mgwg9123j","2",0,"defiers",0,2
"0mgwg9123j","20",1,"compliers",40,20
"0mgwg9123j","20",1,"always",30,20
"0mgwg9123j","20",1,"never",20,20
"0mgwg9123j","20",1,"defiers",10,20
"0mgwg9123j","19",1,"compliers",0,19
"0mgwg9123j","19",1,"always",75,19
"0mgwg9123j","19",1,"never",0,19
"0mgwg9123j","19",1,"defiers",25,19
"0mgwg9123j","8",0,"compliers",10,8
"0mgwg9123j","8",0,"always",25,8
"0mgwg9123j","8",0,"never",50,8
"0mgwg9123j","8",0,"defiers",15,8
"0mgwg9123j","9",1,"compliers",50,9
"0mgwg9123j","9",1,"always",30,9
"0mgwg9123j","9",1,"never",0,9
"0mgwg9123j","9",1,"defiers",20,9
"0mgwg9123j","7",1,"compliers",20,7
"0mgwg9123j","7",1,"always",50,7
"0mgwg9123j","7",1,"never",0,7
"0mgwg9123j","7",1,"defiers",30,7
"0mgwg9123j","15",1,"compliers",50,15
"0mgwg9123j","15",1,"always",35,15
"0mgwg9123j","15",1,"never",0,15
"0mgwg9123j","15",1,"defiers",15,15
"0mgwg9123j","13",1,"compliers",25,13
"0mgwg9123j","13",1,"always",40,13
"0mgwg9123j","13",1,"never",0,13
"0mgwg9123j","13",1,"defiers",35,13
"0mgwg9123j","22",1,"compliers",50,22
"0mgwg9123j","22",1,"always",30,22
"0mgwg9123j","22",1,"never",15,22
"0mgwg9123j","22",1,"defiers",5,22
"0mgwg9123j","16",0,"compliers",40,16
"0mgwg9123j","16",0,"always",10,16
"0mgwg9123j","16",0,"never",40,16
"0mgwg9123j","16",0,"defiers",10,16
"0mgwg9123j","10",0,"compliers",40,10
"0mgwg9123j","10",0,"always",10,10
"0mgwg9123j","10",0,"never",40,10
"0mgwg9123j","10",0,"defiers",10,10
"0mgwg9123j","21",1,"compliers",50,21
"0mgwg9123j","21",1,"always",30,21
"0mgwg9123j","21",1,"never",0,21
"0mgwg9123j","21",1,"defiers",20,21
"0mgwg9123j","11",0,"compliers",10,11
"0mgwg9123j","11",0,"always",50,11
"0mgwg9123j","11",0,"never",0,11
"0mgwg9123j","11",0,"defiers",40,11
"0mgwg9123j","17",0,"compliers",0,17
"0mgwg9123j","17",0,"always",60,17
"0mgwg9123j","17",0,"never",0,17
"0mgwg9123j","17",0,"defiers",40,17
"0mgwg9123j","14",0,"compliers",10,14
"0mgwg9123j","14",0,"always",20,14
"0mgwg9123j","14",0,"never",50,14
"0mgwg9123j","14",0,"defiers",20,14
"0mgwg9123j","6",0,"compliers",0,6
"0mgwg9123j","6",0,"always",50,6
"0mgwg9123j","6",0,"never",0,6
"0mgwg9123j","6",0,"defiers",50,6
"0mgwg9123j","12",1,"compliers",50,12
"0mgwg9123j","12",1,"always",30,12
"0mgwg9123j","12",1,"never",0,12
"0mgwg9123j","12",1,"defiers",20,12
"0mgwg9123j","3",1,"compliers",50,3
"0mgwg9123j","3",1,"always",30,3
"0mgwg9123j","3",1,"never",0,3
"0mgwg9123j","3",1,"defiers",20,3
"0mgwg9123j","5",0,"compliers",0,5
"0mgwg9123j","5",0,"always",70,5
"0mgwg9123j","5",0,"never",0,5
"0mgwg9123j","5",0,"defiers",30,5
"0mgwg9123j","4",0,"compliers",40,4
"0mgwg9123j","4",0,"always",10,4
"0mgwg9123j","4",0,"never",40,4
"0mgwg9123j","4",0,"defiers",10,4
"0mgwg9123j","18",1,"compliers",50,18
"0mgwg9123j","18",1,"always",40,18
"0mgwg9123j","18",1,"never",0,18
"0mgwg9123j","18",1,"defiers",10,18
"1b3884pt4c","1",1,"compliers",10,1
"1b3884pt4c","1",1,"always",40,1
"1b3884pt4c","1",1,"never",50,1
"1b3884pt4c","1",1,"defiers",0,1
"1b3884pt4c","2",0,"compliers",0,2
"1b3884pt4c","2",0,"always",50,2
"1b3884pt4c","2",0,"never",50,2
"1b3884pt4c","2",0,"defiers",0,2
"1b3884pt4c","17",1,"compliers",20,17
"1b3884pt4c","17",1,"always",30,17
"1b3884pt4c","17",1,"never",50,17
"1b3884pt4c","17",1,"defiers",0,17
"1b3884pt4c","12",1,"compliers",20,12
"1b3884pt4c","12",1,"always",40,12
"1b3884pt4c","12",1,"never",40,12
"1b3884pt4c","12",1,"defiers",0,12
"1b3884pt4c","14",1,"compliers",20,14
"1b3884pt4c","14",1,"always",50,14
"1b3884pt4c","14",1,"never",30,14
"1b3884pt4c","14",1,"defiers",0,14
"1b3884pt4c","22",1,"compliers",40,22
"1b3884pt4c","22",1,"always",30,22
"1b3884pt4c","22",1,"never",30,22
"1b3884pt4c","22",1,"defiers",0,22
"1b3884pt4c","15",1,"compliers",20,15
"1b3884pt4c","15",1,"always",50,15
"1b3884pt4c","15",1,"never",30,15
"1b3884pt4c","15",1,"defiers",0,15
"1b3884pt4c","18",1,"compliers",20,18
"1b3884pt4c","18",1,"always",30,18
"1b3884pt4c","18",1,"never",50,18
"1b3884pt4c","18",1,"defiers",0,18
"1b3884pt4c","8",1,"compliers",10,8
"1b3884pt4c","8",1,"always",50,8
"1b3884pt4c","8",1,"never",40,8
"1b3884pt4c","8",1,"defiers",0,8
"1b3884pt4c","13",1,"compliers",20,13
"1b3884pt4c","13",1,"always",50,13
"1b3884pt4c","13",1,"never",30,13
"1b3884pt4c","13",1,"defiers",0,13
"1b3884pt4c","3",0,"compliers",0,3
"1b3884pt4c","3",0,"always",50,3
"1b3884pt4c","3",0,"never",50,3
"1b3884pt4c","3",0,"defiers",0,3
"1b3884pt4c","9",1,"compliers",10,9
"1b3884pt4c","9",1,"always",50,9
"1b3884pt4c","9",1,"never",40,9
"1b3884pt4c","9",1,"defiers",0,9
"1b3884pt4c","5",1,"compliers",10,5
"1b3884pt4c","5",1,"always",40,5
"1b3884pt4c","5",1,"never",50,5
"1b3884pt4c","5",1,"defiers",0,5
"1b3884pt4c","19",1,"compliers",30,19
"1b3884pt4c","19",1,"always",20,19
"1b3884pt4c","19",1,"never",50,19
"1b3884pt4c","19",1,"defiers",0,19
"1b3884pt4c","11",1,"compliers",20,11
"1b3884pt4c","11",1,"always",40,11
"1b3884pt4c","11",1,"never",40,11
"1b3884pt4c","11",1,"defiers",0,11
"1b3884pt4c","16",1,"compliers",20,16
"1b3884pt4c","16",1,"always",50,16
"1b3884pt4c","16",1,"never",30,16
"1b3884pt4c","16",1,"defiers",0,16
"1b3884pt4c","7",1,"compliers",10,7
"1b3884pt4c","7",1,"always",50,7
"1b3884pt4c","7",1,"never",40,7
"1b3884pt4c","7",1,"defiers",0,7
"1b3884pt4c","10",1,"compliers",10,10
"1b3884pt4c","10",1,"always",50,10
"1b3884pt4c","10",1,"never",40,10
"1b3884pt4c","10",1,"defiers",0,10
"1b3884pt4c","6",0,"compliers",0,6
"1b3884pt4c","6",0,"always",50,6
"1b3884pt4c","6",0,"never",50,6
"1b3884pt4c","6",0,"defiers",0,6
"1b3884pt4c","21",1,"compliers",40,21
"1b3884pt4c","21",1,"always",30,21
"1b3884pt4c","21",1,"never",30,21
"1b3884pt4c","21",1,"defiers",0,21
"1b3884pt4c","20",1,"compliers",30,20
"1b3884pt4c","20",1,"always",20,20
"1b3884pt4c","20",1,"never",50,20
"1b3884pt4c","20",1,"defiers",0,20
"1b3884pt4c","4",0,"compliers",0,4
"1b3884pt4c","4",0,"always",50,4
"1b3884pt4c","4",0,"never",50,4
"1b3884pt4c","4",0,"defiers",0,4
"1fykj4ssbn","1",1,"compliers",50,1
"1fykj4ssbn","1",1,"always",50,1
"1fykj4ssbn","1",1,"never",0,1
"1fykj4ssbn","1",1,"defiers",0,1
"1fykj4ssbn","2",0,"compliers",0,2
"1fykj4ssbn","2",0,"always",50,2
"1fykj4ssbn","2",0,"never",50,2
"1fykj4ssbn","2",0,"defiers",0,2
"1fykj4ssbn","20",1,"compliers",50,20
"1fykj4ssbn","20",1,"always",40,20
"1fykj4ssbn","20",1,"never",10,20
"1fykj4ssbn","20",1,"defiers",0,20
"1fykj4ssbn","22",1,"compliers",40,22
"1fykj4ssbn","22",1,"always",40,22
"1fykj4ssbn","22",1,"never",20,22
"1fykj4ssbn","22",1,"defiers",0,22
"1fykj4ssbn","7",1,"compliers",20,7
"1fykj4ssbn","7",1,"always",40,7
"1fykj4ssbn","7",1,"never",40,7
"1fykj4ssbn","7",1,"defiers",0,7
"1fykj4ssbn","15",1,"compliers",20,15
"1fykj4ssbn","15",1,"always",40,15
"1fykj4ssbn","15",1,"never",40,15
"1fykj4ssbn","15",1,"defiers",0,15
"1fykj4ssbn","4",0,"compliers",0,4
"1fykj4ssbn","4",0,"always",100,4
"1fykj4ssbn","4",0,"never",0,4
"1fykj4ssbn","4",0,"defiers",0,4
"1fykj4ssbn","8",0,"compliers",10,8
"1fykj4ssbn","8",0,"always",25,8
"1fykj4ssbn","8",0,"never",25,8
"1fykj4ssbn","8",0,"defiers",40,8
"1fykj4ssbn","19",1,"compliers",60,19
"1fykj4ssbn","19",1,"always",0,19
"1fykj4ssbn","19",1,"never",0,19
"1fykj4ssbn","19",1,"defiers",40,19
"1fykj4ssbn","13",1,"compliers",30,13
"1fykj4ssbn","13",1,"always",20,13
"1fykj4ssbn","13",1,"never",50,13
"1fykj4ssbn","13",1,"defiers",0,13
"1fykj4ssbn","17",1,"compliers",60,17
"1fykj4ssbn","17",1,"always",0,17
"1fykj4ssbn","17",1,"never",0,17
"1fykj4ssbn","17",1,"defiers",40,17
"1fykj4ssbn","3",0,"compliers",25,3
"1fykj4ssbn","3",0,"always",50,3
"1fykj4ssbn","3",0,"never",0,3
"1fykj4ssbn","3",0,"defiers",25,3
"1fykj4ssbn","10",0,"compliers",0,10
"1fykj4ssbn","10",0,"always",100,10
"1fykj4ssbn","10",0,"never",0,10
"1fykj4ssbn","10",0,"defiers",0,10
"1fykj4ssbn","11",0,"compliers",30,11
"1fykj4ssbn","11",0,"always",10,11
"1fykj4ssbn","11",0,"never",40,11
"1fykj4ssbn","11",0,"defiers",20,11
"1fykj4ssbn","16",0,"compliers",0,16
"1fykj4ssbn","16",0,"always",100,16
"1fykj4ssbn","16",0,"never",0,16
"1fykj4ssbn","16",0,"defiers",0,16
"1fykj4ssbn","12",0,"compliers",30,12
"1fykj4ssbn","12",0,"always",50,12
"1fykj4ssbn","12",0,"never",0,12
"1fykj4ssbn","12",0,"defiers",20,12
"1fykj4ssbn","5",1,"compliers",40,5
"1fykj4ssbn","5",1,"always",0,5
"1fykj4ssbn","5",1,"never",50,5
"1fykj4ssbn","5",1,"defiers",10,5
"1fykj4ssbn","21",1,"compliers",40,21
"1fykj4ssbn","21",1,"always",50,21
"1fykj4ssbn","21",1,"never",10,21
"1fykj4ssbn","21",1,"defiers",0,21
"1fykj4ssbn","14",0,"compliers",10,14
"1fykj4ssbn","14",0,"always",30,14
"1fykj4ssbn","14",0,"never",30,14
"1fykj4ssbn","14",0,"defiers",30,14
"1fykj4ssbn","18",1,"compliers",30,18
"1fykj4ssbn","18",1,"always",50,18
"1fykj4ssbn","18",1,"never",0,18
"1fykj4ssbn","18",1,"defiers",20,18
"1fykj4ssbn","6",0,"compliers",0,6
"1fykj4ssbn","6",0,"always",0,6
"1fykj4ssbn","6",0,"never",100,6
"1fykj4ssbn","6",0,"defiers",0,6
"1fykj4ssbn","9",0,"compliers",25,9
"1fykj4ssbn","9",0,"always",25,9
"1fykj4ssbn","9",0,"never",25,9
"1fykj4ssbn","9",0,"defiers",25,9
"1rfc16d53d","1",1,"compliers",20,1
"1rfc16d53d","1",1,"always",40,1
"1rfc16d53d","1",1,"never",40,1
"1rfc16d53d","1",1,"defiers",0,1
"1rfc16d53d","2",0,"compliers",10,2
"1rfc16d53d","2",0,"always",40,2
"1rfc16d53d","2",0,"never",40,2
"1rfc16d53d","2",0,"defiers",10,2
"1rfc16d53d","5",1,"compliers",20,5
"1rfc16d53d","5",1,"always",30,5
"1rfc16d53d","5",1,"never",30,5
"1rfc16d53d","5",1,"defiers",20,5
"1rfc16d53d","21",1,"compliers",20,21
"1rfc16d53d","21",1,"always",30,21
"1rfc16d53d","21",1,"never",30,21
"1rfc16d53d","21",1,"defiers",20,21
"1rfc16d53d","11",1,"compliers",20,11
"1rfc16d53d","11",1,"always",30,11
"1rfc16d53d","11",1,"never",30,11
"1rfc16d53d","11",1,"defiers",20,11
"1rfc16d53d","17",0,"compliers",20,17
"1rfc16d53d","17",0,"always",30,17
"1rfc16d53d","17",0,"never",30,17
"1rfc16d53d","17",0,"defiers",20,17
"1rfc16d53d","6",0,"compliers",20,6
"1rfc16d53d","6",0,"always",30,6
"1rfc16d53d","6",0,"never",30,6
"1rfc16d53d","6",0,"defiers",20,6
"1rfc16d53d","15",1,"compliers",20,15
"1rfc16d53d","15",1,"always",30,15
"1rfc16d53d","15",1,"never",30,15
"1rfc16d53d","15",1,"defiers",20,15
"1rfc16d53d","10",0,"compliers",20,10
"1rfc16d53d","10",0,"always",30,10
"1rfc16d53d","10",0,"never",30,10
"1rfc16d53d","10",0,"defiers",20,10
"1rfc16d53d","19",0,"compliers",20,19
"1rfc16d53d","19",0,"always",30,19
"1rfc16d53d","19",0,"never",30,19
"1rfc16d53d","19",0,"defiers",20,19
"1rfc16d53d","9",1,"compliers",20,9
"1rfc16d53d","9",1,"always",30,9
"1rfc16d53d","9",1,"never",30,9
"1rfc16d53d","9",1,"defiers",20,9
"1rfc16d53d","22",1,"compliers",20,22
"1rfc16d53d","22",1,"always",30,22
"1rfc16d53d","22",1,"never",30,22
"1rfc16d53d","22",1,"defiers",20,22
"1rfc16d53d","18",1,"compliers",20,18
"1rfc16d53d","18",1,"always",30,18
"1rfc16d53d","18",1,"never",30,18
"1rfc16d53d","18",1,"defiers",20,18
"1rfc16d53d","3",1,"compliers",20,3
"1rfc16d53d","3",1,"always",30,3
"1rfc16d53d","3",1,"never",30,3
"1rfc16d53d","3",1,"defiers",20,3
"1rfc16d53d","12",1,"compliers",20,12
"1rfc16d53d","12",1,"always",30,12
"1rfc16d53d","12",1,"never",30,12
"1rfc16d53d","12",1,"defiers",20,12
"1rfc16d53d","4",0,"compliers",20,4
"1rfc16d53d","4",0,"always",30,4
"1rfc16d53d","4",0,"never",30,4
"1rfc16d53d","4",0,"defiers",20,4
"1rfc16d53d","20",1,"compliers",20,20
"1rfc16d53d","20",1,"always",30,20
"1rfc16d53d","20",1,"never",30,20
"1rfc16d53d","20",1,"defiers",20,20
"1rfc16d53d","8",0,"compliers",20,8
"1rfc16d53d","8",0,"always",30,8
"1rfc16d53d","8",0,"never",30,8
"1rfc16d53d","8",0,"defiers",20,8
"1rfc16d53d","16",0,"compliers",20,16
"1rfc16d53d","16",0,"always",30,16
"1rfc16d53d","16",0,"never",30,16
"1rfc16d53d","16",0,"defiers",20,16
"1rfc16d53d","14",0,"compliers",20,14
"1rfc16d53d","14",0,"always",30,14
"1rfc16d53d","14",0,"never",30,14
"1rfc16d53d","14",0,"defiers",20,14
"1rfc16d53d","7",0,"compliers",20,7
"1rfc16d53d","7",0,"always",30,7
"1rfc16d53d","7",0,"never",30,7
"1rfc16d53d","7",0,"defiers",20,7
"1rfc16d53d","13",1,"compliers",20,13
"1rfc16d53d","13",1,"always",30,13
"1rfc16d53d","13",1,"never",30,13
"1rfc16d53d","13",1,"defiers",20,13
"6e2sth5zzg","1",1,"compliers",55,1
"6e2sth5zzg","1",1,"always",20,1
"6e2sth5zzg","1",1,"never",25,1
"6e2sth5zzg","1",1,"defiers",0,1
"6e2sth5zzg","2",0,"compliers",0,2
"6e2sth5zzg","2",0,"always",25,2
"6e2sth5zzg","2",0,"never",25,2
"6e2sth5zzg","2",0,"defiers",50,2
"6e2sth5zzg","4",0,"compliers",0,4
"6e2sth5zzg","4",0,"always",75,4
"6e2sth5zzg","4",0,"never",25,4
"6e2sth5zzg","4",0,"defiers",0,4
"6e2sth5zzg","5",0,"compliers",5,5
"6e2sth5zzg","5",0,"always",20,5
"6e2sth5zzg","5",0,"never",75,5
"6e2sth5zzg","5",0,"defiers",0,5
"6e2sth5zzg","12",1,"compliers",60,12
"6e2sth5zzg","12",1,"always",20,12
"6e2sth5zzg","12",1,"never",20,12
"6e2sth5zzg","12",1,"defiers",0,12
"6e2sth5zzg","14",0,"compliers",10,14
"6e2sth5zzg","14",0,"always",45,14
"6e2sth5zzg","14",0,"never",15,14
"6e2sth5zzg","14",0,"defiers",30,14
"6e2sth5zzg","20",1,"compliers",30,20
"6e2sth5zzg","20",1,"always",10,20
"6e2sth5zzg","20",1,"never",60,20
"6e2sth5zzg","20",1,"defiers",0,20
"6e2sth5zzg","10",0,"compliers",5,10
"6e2sth5zzg","10",0,"always",75,10
"6e2sth5zzg","10",0,"never",20,10
"6e2sth5zzg","10",0,"defiers",0,10
"6e2sth5zzg","13",1,"compliers",30,13
"6e2sth5zzg","13",1,"always",20,13
"6e2sth5zzg","13",1,"never",50,13
"6e2sth5zzg","13",1,"defiers",0,13
"6e2sth5zzg","8",0,"compliers",10,8
"6e2sth5zzg","8",0,"always",20,8
"6e2sth5zzg","8",0,"never",40,8
"6e2sth5zzg","8",0,"defiers",30,8
"6e2sth5zzg","3",0,"compliers",50,3
"6e2sth5zzg","3",0,"always",25,3
"6e2sth5zzg","3",0,"never",25,3
"6e2sth5zzg","3",0,"defiers",0,3
"6e2sth5zzg","22",1,"compliers",40,22
"6e2sth5zzg","22",1,"always",40,22
"6e2sth5zzg","22",1,"never",20,22
"6e2sth5zzg","22",1,"defiers",0,22
"6e2sth5zzg","6",0,"compliers",0,6
"6e2sth5zzg","6",0,"always",25,6
"6e2sth5zzg","6",0,"never",75,6
"6e2sth5zzg","6",0,"defiers",0,6
"6e2sth5zzg","7",0,"compliers",15,7
"6e2sth5zzg","7",0,"always",25,7
"6e2sth5zzg","7",0,"never",60,7
"6e2sth5zzg","7",0,"defiers",0,7
"6e2sth5zzg","18",1,"compliers",60,18
"6e2sth5zzg","18",1,"always",20,18
"6e2sth5zzg","18",1,"never",20,18
"6e2sth5zzg","18",1,"defiers",0,18
"6e2sth5zzg","9",1,"compliers",60,9
"6e2sth5zzg","9",1,"always",20,9
"6e2sth5zzg","9",1,"never",20,9
"6e2sth5zzg","9",1,"defiers",0,9
"6e2sth5zzg","11",1,"compliers",20,11
"6e2sth5zzg","11",1,"always",20,11
"6e2sth5zzg","11",1,"never",60,11
"6e2sth5zzg","11",1,"defiers",0,11
"6e2sth5zzg","15",1,"compliers",20,15
"6e2sth5zzg","15",1,"always",60,15
"6e2sth5zzg","15",1,"never",20,15
"6e2sth5zzg","15",1,"defiers",0,15
"6e2sth5zzg","17",1,"compliers",20,17
"6e2sth5zzg","17",1,"always",30,17
"6e2sth5zzg","17",1,"never",50,17
"6e2sth5zzg","17",1,"defiers",0,17
"6e2sth5zzg","16",0,"compliers",10,16
"6e2sth5zzg","16",0,"always",60,16
"6e2sth5zzg","16",0,"never",30,16
"6e2sth5zzg","16",0,"defiers",0,16
"6e2sth5zzg","19",1,"compliers",15,19
"6e2sth5zzg","19",1,"always",25,19
"6e2sth5zzg","19",1,"never",60,19
"6e2sth5zzg","19",1,"defiers",0,19
"6e2sth5zzg","21",1,"compliers",40,21
"6e2sth5zzg","21",1,"always",20,21
"6e2sth5zzg","21",1,"never",40,21
"6e2sth5zzg","21",1,"defiers",0,21
"888wf6z1u3","1",1,"compliers",100,1
"888wf6z1u3","1",1,"always",0,1
"888wf6z1u3","1",1,"never",0,1
"888wf6z1u3","1",1,"defiers",0,1
"888wf6z1u3","2",0,"compliers",0,2
"888wf6z1u3","2",0,"always",50,2
"888wf6z1u3","2",0,"never",50,2
"888wf6z1u3","2",0,"defiers",0,2
"888wf6z1u3","17",1,"compliers",20,17
"888wf6z1u3","17",1,"always",30,17
"888wf6z1u3","17",1,"never",50,17
"888wf6z1u3","17",1,"defiers",0,17
"888wf6z1u3","7",0,"compliers",10,7
"888wf6z1u3","7",0,"always",50,7
"888wf6z1u3","7",0,"never",40,7
"888wf6z1u3","7",0,"defiers",0,7
"888wf6z1u3","10",0,"compliers",10,10
"888wf6z1u3","10",0,"always",50,10
"888wf6z1u3","10",0,"never",40,10
"888wf6z1u3","10",0,"defiers",0,10
"888wf6z1u3","3",0,"compliers",0,3
"888wf6z1u3","3",0,"always",50,3
"888wf6z1u3","3",0,"never",50,3
"888wf6z1u3","3",0,"defiers",0,3
"888wf6z1u3","5",0,"compliers",10,5
"888wf6z1u3","5",0,"always",40,5
"888wf6z1u3","5",0,"never",50,5
"888wf6z1u3","5",0,"defiers",0,5
"888wf6z1u3","6",0,"compliers",0,6
"888wf6z1u3","6",0,"always",50,6
"888wf6z1u3","6",0,"never",50,6
"888wf6z1u3","6",0,"defiers",0,6
"888wf6z1u3","16",1,"compliers",20,16
"888wf6z1u3","16",1,"always",50,16
"888wf6z1u3","16",1,"never",30,16
"888wf6z1u3","16",1,"defiers",0,16
"888wf6z1u3","8",0,"compliers",10,8
"888wf6z1u3","8",0,"always",50,8
"888wf6z1u3","8",0,"never",40,8
"888wf6z1u3","8",0,"defiers",0,8
"888wf6z1u3","19",1,"compliers",30,19
"888wf6z1u3","19",1,"always",20,19
"888wf6z1u3","19",1,"never",50,19
"888wf6z1u3","19",1,"defiers",0,19
"888wf6z1u3","12",1,"compliers",20,12
"888wf6z1u3","12",1,"always",40,12
"888wf6z1u3","12",1,"never",40,12
"888wf6z1u3","12",1,"defiers",0,12
"888wf6z1u3","20",1,"compliers",30,20
"888wf6z1u3","20",1,"always",20,20
"888wf6z1u3","20",1,"never",50,20
"888wf6z1u3","20",1,"defiers",0,20
"888wf6z1u3","18",1,"compliers",20,18
"888wf6z1u3","18",1,"always",30,18
"888wf6z1u3","18",1,"never",50,18
"888wf6z1u3","18",1,"defiers",0,18
"888wf6z1u3","22",1,"compliers",40,22
"888wf6z1u3","22",1,"always",30,22
"888wf6z1u3","22",1,"never",30,22
"888wf6z1u3","22",1,"defiers",0,22
"888wf6z1u3","13",0,"compliers",20,13
"888wf6z1u3","13",0,"always",50,13
"888wf6z1u3","13",0,"never",30,13
"888wf6z1u3","13",0,"defiers",0,13
"888wf6z1u3","21",1,"compliers",40,21
"888wf6z1u3","21",1,"always",30,21
"888wf6z1u3","21",1,"never",30,21
"888wf6z1u3","21",1,"defiers",0,21
"888wf6z1u3","11",0,"compliers",20,11
"888wf6z1u3","11",0,"always",40,11
"888wf6z1u3","11",0,"never",40,11
"888wf6z1u3","11",0,"defiers",0,11
"888wf6z1u3","4",0,"compliers",0,4
"888wf6z1u3","4",0,"always",50,4
"888wf6z1u3","4",0,"never",50,4
"888wf6z1u3","4",0,"defiers",0,4
"888wf6z1u3","14",0,"compliers",20,14
"888wf6z1u3","14",0,"always",50,14
"888wf6z1u3","14",0,"never",30,14
"888wf6z1u3","14",0,"defiers",0,14
"888wf6z1u3","15",1,"compliers",20,15
"888wf6z1u3","15",1,"always",50,15
"888wf6z1u3","15",1,"never",30,15
"888wf6z1u3","15",1,"defiers",0,15
"888wf6z1u3","9",1,"compliers",10,9
"888wf6z1u3","9",1,"always",50,9
"888wf6z1u3","9",1,"never",40,9
"888wf6z1u3","9",1,"defiers",0,9
"9ps2atffha","1",1,"compliers",100,1
"9ps2atffha","1",1,"always",NA,1
"9ps2atffha","1",1,"never",NA,1
"9ps2atffha","1",1,"defiers",NA,1
"9ps2atffha","2",0,"compliers",0,2
"9ps2atffha","2",0,"always",50,2
"9ps2atffha","2",0,"never",50,2
"9ps2atffha","2",0,"defiers",0,2
"9ps2atffha","11",1,"compliers",20,11
"9ps2atffha","11",1,"always",40,11
"9ps2atffha","11",1,"never",40,11
"9ps2atffha","11",1,"defiers",0,11
"9ps2atffha","21",1,"compliers",40,21
"9ps2atffha","21",1,"always",30,21
"9ps2atffha","21",1,"never",30,21
"9ps2atffha","21",1,"defiers",0,21
"9ps2atffha","8",0,"compliers",10,8
"9ps2atffha","8",0,"always",50,8
"9ps2atffha","8",0,"never",40,8
"9ps2atffha","8",0,"defiers",0,8
"9ps2atffha","15",1,"compliers",20,15
"9ps2atffha","15",1,"always",50,15
"9ps2atffha","15",1,"never",30,15
"9ps2atffha","15",1,"defiers",0,15
"9ps2atffha","20",1,"compliers",30,20
"9ps2atffha","20",1,"always",20,20
"9ps2atffha","20",1,"never",50,20
"9ps2atffha","20",1,"defiers",0,20
"9ps2atffha","6",0,"compliers",0,6
"9ps2atffha","6",0,"always",50,6
"9ps2atffha","6",0,"never",50,6
"9ps2atffha","6",0,"defiers",0,6
"9ps2atffha","10",1,"compliers",10,10
"9ps2atffha","10",1,"always",50,10
"9ps2atffha","10",1,"never",40,10
"9ps2atffha","10",1,"defiers",0,10
"9ps2atffha","4",0,"compliers",0,4
"9ps2atffha","4",0,"always",50,4
"9ps2atffha","4",0,"never",50,4
"9ps2atffha","4",0,"defiers",0,4
"9ps2atffha","19",1,"compliers",30,19
"9ps2atffha","19",1,"always",20,19
"9ps2atffha","19",1,"never",50,19
"9ps2atffha","19",1,"defiers",0,19
"9ps2atffha","17",1,"compliers",20,17
"9ps2atffha","17",1,"always",30,17
"9ps2atffha","17",1,"never",50,17
"9ps2atffha","17",1,"defiers",0,17
"9ps2atffha","12",1,"compliers",20,12
"9ps2atffha","12",1,"always",40,12
"9ps2atffha","12",1,"never",40,12
"9ps2atffha","12",1,"defiers",0,12
"9ps2atffha","9",1,"compliers",10,9
"9ps2atffha","9",1,"always",50,9
"9ps2atffha","9",1,"never",40,9
"9ps2atffha","9",1,"defiers",0,9
"9ps2atffha","16",1,"compliers",20,16
"9ps2atffha","16",1,"always",50,16
"9ps2atffha","16",1,"never",30,16
"9ps2atffha","16",1,"defiers",0,16
"9ps2atffha","22",1,"compliers",40,22
"9ps2atffha","22",1,"always",30,22
"9ps2atffha","22",1,"never",30,22
"9ps2atffha","22",1,"defiers",0,22
"9ps2atffha","18",1,"compliers",20,18
"9ps2atffha","18",1,"always",30,18
"9ps2atffha","18",1,"never",50,18
"9ps2atffha","18",1,"defiers",0,18
"9ps2atffha","7",1,"compliers",10,7
"9ps2atffha","7",1,"always",50,7
"9ps2atffha","7",1,"never",40,7
"9ps2atffha","7",1,"defiers",NA,7
"9ps2atffha","3",0,"compliers",0,3
"9ps2atffha","3",0,"always",50,3
"9ps2atffha","3",0,"never",50,3
"9ps2atffha","3",0,"defiers",0,3
"9ps2atffha","14",1,"compliers",20,14
"9ps2atffha","14",1,"always",50,14
"9ps2atffha","14",1,"never",30,14
"9ps2atffha","14",1,"defiers",0,14
"9ps2atffha","5",1,"compliers",10,5
"9ps2atffha","5",1,"always",40,5
"9ps2atffha","5",1,"never",50,5
"9ps2atffha","5",1,"defiers",0,5
"9ps2atffha","13",1,"compliers",20,13
"9ps2atffha","13",1,"always",50,13
"9ps2atffha","13",1,"never",30,13
"9ps2atffha","13",1,"defiers",0,13
"cc6vszzss7","1",1,"compliers",8,1
"cc6vszzss7","1",1,"always",40,1
"cc6vszzss7","1",1,"never",52,1
"cc6vszzss7","1",1,"defiers",0,1
"cc6vszzss7","2",0,"compliers",0,2
"cc6vszzss7","2",0,"always",50,2
"cc6vszzss7","2",0,"never",40,2
"cc6vszzss7","2",0,"defiers",10,2
"cc6vszzss7","18",1,"compliers",15,18
"cc6vszzss7","18",1,"always",30,18
"cc6vszzss7","18",1,"never",55,18
"cc6vszzss7","18",1,"defiers",0,18
"cc6vszzss7","14",0,"compliers",5,14
"cc6vszzss7","14",0,"always",60,14
"cc6vszzss7","14",0,"never",25,14
"cc6vszzss7","14",0,"defiers",10,14
"cc6vszzss7","6",0,"compliers",0,6
"cc6vszzss7","6",0,"always",25,6
"cc6vszzss7","6",0,"never",75,6
"cc6vszzss7","6",0,"defiers",0,6
"cc6vszzss7","8",0,"compliers",1,8
"cc6vszzss7","8",0,"always",54,8
"cc6vszzss7","8",0,"never",35,8
"cc6vszzss7","8",0,"defiers",10,8
"cc6vszzss7","17",1,"compliers",4,17
"cc6vszzss7","17",1,"always",16,17
"cc6vszzss7","17",1,"never",80,17
"cc6vszzss7","17",1,"defiers",0,17
"cc6vszzss7","16",0,"compliers",10,16
"cc6vszzss7","16",0,"always",60,16
"cc6vszzss7","16",0,"never",25,16
"cc6vszzss7","16",0,"defiers",5,16
"cc6vszzss7","7",0,"compliers",1,7
"cc6vszzss7","7",0,"always",54,7
"cc6vszzss7","7",0,"never",44,7
"cc6vszzss7","7",0,"defiers",1,7
"cc6vszzss7","22",0,"compliers",7,22
"cc6vszzss7","22",0,"always",58,22
"cc6vszzss7","22",0,"never",33,22
"cc6vszzss7","22",0,"defiers",2,22
"cc6vszzss7","20",1,"compliers",15,20
"cc6vszzss7","20",1,"always",28,20
"cc6vszzss7","20",1,"never",57,20
"cc6vszzss7","20",1,"defiers",0,20
"cc6vszzss7","11",0,"compliers",4,11
"cc6vszzss7","11",0,"always",26,11
"cc6vszzss7","11",0,"never",69,11
"cc6vszzss7","11",0,"defiers",1,11
"cc6vszzss7","10",0,"compliers",5,10
"cc6vszzss7","10",0,"always",72,10
"cc6vszzss7","10",0,"never",21,10
"cc6vszzss7","10",0,"defiers",2,10
"cc6vszzss7","9",0,"compliers",2,9
"cc6vszzss7","9",0,"always",52,9
"cc6vszzss7","9",0,"never",46,9
"cc6vszzss7","9",0,"defiers",0,9
"cc6vszzss7","5",0,"compliers",4,5
"cc6vszzss7","5",0,"always",18,5
"cc6vszzss7","5",0,"never",76,5
"cc6vszzss7","5",0,"defiers",2,5
"cc6vszzss7","4",0,"compliers",0,4
"cc6vszzss7","4",0,"always",75,4
"cc6vszzss7","4",0,"never",25,4
"cc6vszzss7","4",0,"defiers",0,4
"cc6vszzss7","21",1,"compliers",20,21
"cc6vszzss7","21",1,"always",30,21
"cc6vszzss7","21",1,"never",48,21
"cc6vszzss7","21",1,"defiers",2,21
"cc6vszzss7","15",1,"compliers",10,15
"cc6vszzss7","15",1,"always",45,15
"cc6vszzss7","15",1,"never",44,15
"cc6vszzss7","15",1,"defiers",1,15
"cc6vszzss7","3",0,"compliers",4,3
"cc6vszzss7","3",0,"always",46,3
"cc6vszzss7","3",0,"never",50,3
"cc6vszzss7","3",0,"defiers",0,3
"cc6vszzss7","19",1,"compliers",5,19
"cc6vszzss7","19",1,"always",15,19
"cc6vszzss7","19",1,"never",80,19
"cc6vszzss7","19",1,"defiers",0,19
"cc6vszzss7","12",1,"compliers",15,12
"cc6vszzss7","12",1,"always",35,12
"cc6vszzss7","12",1,"never",48,12
"cc6vszzss7","12",1,"defiers",2,12
"cc6vszzss7","13",0,"compliers",4,13
"cc6vszzss7","13",0,"always",36,13
"cc6vszzss7","13",0,"never",60,13
"cc6vszzss7","13",0,"defiers",0,13
"ce5h7xzmmc","1",0,"compliers",16,1
"ce5h7xzmmc","1",0,"always",34,1
"ce5h7xzmmc","1",0,"never",39,1
"ce5h7xzmmc","1",0,"defiers",11,1
"ce5h7xzmmc","2",0,"compliers",46,2
"ce5h7xzmmc","2",0,"always",0,2
"ce5h7xzmmc","2",0,"never",4,2
"ce5h7xzmmc","2",0,"defiers",50,2
"ce5h7xzmmc","17",0,"compliers",44,17
"ce5h7xzmmc","17",0,"always",0,17
"ce5h7xzmmc","17",0,"never",28,17
"ce5h7xzmmc","17",0,"defiers",28,17
"ce5h7xzmmc","7",1,"compliers",44,7
"ce5h7xzmmc","7",1,"always",6,7
"ce5h7xzmmc","7",1,"never",50,7
"ce5h7xzmmc","7",1,"defiers",0,7
"ce5h7xzmmc","16",1,"compliers",14,16
"ce5h7xzmmc","16",1,"always",50,16
"ce5h7xzmmc","16",1,"never",36,16
"ce5h7xzmmc","16",1,"defiers",0,16
"ce5h7xzmmc","9",1,"compliers",10,9
"ce5h7xzmmc","9",1,"always",48,9
"ce5h7xzmmc","9",1,"never",41,9
"ce5h7xzmmc","9",1,"defiers",1,9
"ce5h7xzmmc","11",0,"compliers",8,11
"ce5h7xzmmc","11",0,"always",35,11
"ce5h7xzmmc","11",0,"never",5,11
"ce5h7xzmmc","11",0,"defiers",52,11
"ce5h7xzmmc","19",1,"compliers",23,19
"ce5h7xzmmc","19",1,"always",10,19
"ce5h7xzmmc","19",1,"never",58,19
"ce5h7xzmmc","19",1,"defiers",9,19
"ce5h7xzmmc","8",0,"compliers",0,8
"ce5h7xzmmc","8",0,"always",40,8
"ce5h7xzmmc","8",0,"never",47,8
"ce5h7xzmmc","8",0,"defiers",13,8
"ce5h7xzmmc","10",1,"compliers",6,10
"ce5h7xzmmc","10",1,"always",54,10
"ce5h7xzmmc","10",1,"never",40,10
"ce5h7xzmmc","10",1,"defiers",0,10
"ce5h7xzmmc","12",1,"compliers",20,12
"ce5h7xzmmc","12",1,"always",40,12
"ce5h7xzmmc","12",1,"never",40,12
"ce5h7xzmmc","12",1,"defiers",0,12
"ce5h7xzmmc","20",1,"compliers",32,20
"ce5h7xzmmc","20",1,"always",22,20
"ce5h7xzmmc","20",1,"never",46,20
"ce5h7xzmmc","20",1,"defiers",0,20
"ce5h7xzmmc","14",0,"compliers",17,14
"ce5h7xzmmc","14",0,"always",36,14
"ce5h7xzmmc","14",0,"never",30,14
"ce5h7xzmmc","14",0,"defiers",17,14
"ce5h7xzmmc","13",1,"compliers",26,13
"ce5h7xzmmc","13",1,"always",40,13
"ce5h7xzmmc","13",1,"never",34,13
"ce5h7xzmmc","13",1,"defiers",0,13
"ce5h7xzmmc","4",0,"compliers",3,4
"ce5h7xzmmc","4",0,"always",49,4
"ce5h7xzmmc","4",0,"never",48,4
"ce5h7xzmmc","4",0,"defiers",0,4
"ce5h7xzmmc","6",0,"compliers",15,6
"ce5h7xzmmc","6",0,"always",20,6
"ce5h7xzmmc","6",0,"never",50,6
"ce5h7xzmmc","6",0,"defiers",15,6
"ce5h7xzmmc","5",0,"compliers",36,5
"ce5h7xzmmc","5",0,"always",6,5
"ce5h7xzmmc","5",0,"never",35,5
"ce5h7xzmmc","5",0,"defiers",23,5
"ce5h7xzmmc","22",1,"compliers",36,22
"ce5h7xzmmc","22",1,"always",32,22
"ce5h7xzmmc","22",1,"never",32,22
"ce5h7xzmmc","22",1,"defiers",0,22
"ce5h7xzmmc","18",1,"compliers",21,18
"ce5h7xzmmc","18",1,"always",29,18
"ce5h7xzmmc","18",1,"never",50,18
"ce5h7xzmmc","18",1,"defiers",0,18
"ce5h7xzmmc","21",1,"compliers",41,21
"ce5h7xzmmc","21",1,"always",29,21
"ce5h7xzmmc","21",1,"never",30,21
"ce5h7xzmmc","21",1,"defiers",0,21
"ce5h7xzmmc","15",1,"compliers",20,15
"ce5h7xzmmc","15",1,"always",50,15
"ce5h7xzmmc","15",1,"never",30,15
"ce5h7xzmmc","15",1,"defiers",0,15
"ce5h7xzmmc","3",1,"compliers",5,3
"ce5h7xzmmc","3",1,"always",45,3
"ce5h7xzmmc","3",1,"never",50,3
"ce5h7xzmmc","3",1,"defiers",0,3
"ej5jwv1fxg","1",1,"compliers",10,1
"ej5jwv1fxg","1",1,"always",45,1
"ej5jwv1fxg","1",1,"never",45,1
"ej5jwv1fxg","1",1,"defiers",0,1
"ej5jwv1fxg","2",0,"compliers",0,2
"ej5jwv1fxg","2",0,"always",50,2
"ej5jwv1fxg","2",0,"never",50,2
"ej5jwv1fxg","2",0,"defiers",0,2
"ej5jwv1fxg","14",1,"compliers",20,14
"ej5jwv1fxg","14",1,"always",40,14
"ej5jwv1fxg","14",1,"never",40,14
"ej5jwv1fxg","14",1,"defiers",0,14
"ej5jwv1fxg","16",1,"compliers",20,16
"ej5jwv1fxg","16",1,"always",60,16
"ej5jwv1fxg","16",1,"never",20,16
"ej5jwv1fxg","16",1,"defiers",0,16
"ej5jwv1fxg","13",1,"compliers",20,13
"ej5jwv1fxg","13",1,"always",50,13
"ej5jwv1fxg","13",1,"never",30,13
"ej5jwv1fxg","13",1,"defiers",0,13
"ej5jwv1fxg","3",0,"compliers",0,3
"ej5jwv1fxg","3",0,"always",50,3
"ej5jwv1fxg","3",0,"never",50,3
"ej5jwv1fxg","3",0,"defiers",0,3
"ej5jwv1fxg","11",1,"compliers",20,11
"ej5jwv1fxg","11",1,"always",30,11
"ej5jwv1fxg","11",1,"never",50,11
"ej5jwv1fxg","11",1,"defiers",0,11
"ej5jwv1fxg","17",1,"compliers",20,17
"ej5jwv1fxg","17",1,"always",0,17
"ej5jwv1fxg","17",1,"never",80,17
"ej5jwv1fxg","17",1,"defiers",0,17
"ej5jwv1fxg","10",0,"compliers",10,10
"ej5jwv1fxg","10",0,"always",90,10
"ej5jwv1fxg","10",0,"never",0,10
"ej5jwv1fxg","10",0,"defiers",0,10
"ej5jwv1fxg","5",0,"compliers",10,5
"ej5jwv1fxg","5",0,"always",10,5
"ej5jwv1fxg","5",0,"never",80,5
"ej5jwv1fxg","5",0,"defiers",0,5
"ej5jwv1fxg","4",0,"compliers",0,4
"ej5jwv1fxg","4",0,"always",80,4
"ej5jwv1fxg","4",0,"never",20,4
"ej5jwv1fxg","4",0,"defiers",0,4
"ej5jwv1fxg","20",1,"compliers",30,20
"ej5jwv1fxg","20",1,"always",70,20
"ej5jwv1fxg","20",1,"never",0,20
"ej5jwv1fxg","20",1,"defiers",0,20
"ej5jwv1fxg","15",1,"compliers",20,15
"ej5jwv1fxg","15",1,"always",40,15
"ej5jwv1fxg","15",1,"never",40,15
"ej5jwv1fxg","15",1,"defiers",NA,15
"ej5jwv1fxg","18",1,"compliers",20,18
"ej5jwv1fxg","18",1,"always",40,18
"ej5jwv1fxg","18",1,"never",40,18
"ej5jwv1fxg","18",1,"defiers",0,18
"ej5jwv1fxg","19",1,"compliers",30,19
"ej5jwv1fxg","19",1,"always",0,19
"ej5jwv1fxg","19",1,"never",70,19
"ej5jwv1fxg","19",1,"defiers",0,19
"ej5jwv1fxg","9",0,"compliers",10,9
"ej5jwv1fxg","9",0,"always",45,9
"ej5jwv1fxg","9",0,"never",45,9
"ej5jwv1fxg","9",0,"defiers",0,9
"ej5jwv1fxg","7",0,"compliers",10,7
"ej5jwv1fxg","7",0,"always",70,7
"ej5jwv1fxg","7",0,"never",20,7
"ej5jwv1fxg","7",0,"defiers",0,7
"ej5jwv1fxg","6",0,"compliers",10,6
"ej5jwv1fxg","6",0,"always",0,6
"ej5jwv1fxg","6",0,"never",80,6
"ej5jwv1fxg","6",0,"defiers",10,6
"ej5jwv1fxg","21",1,"compliers",40,21
"ej5jwv1fxg","21",1,"always",30,21
"ej5jwv1fxg","21",1,"never",30,21
"ej5jwv1fxg","21",1,"defiers",0,21
"ej5jwv1fxg","22",1,"compliers",40,22
"ej5jwv1fxg","22",1,"always",40,22
"ej5jwv1fxg","22",1,"never",20,22
"ej5jwv1fxg","22",1,"defiers",0,22
"ej5jwv1fxg","8",0,"compliers",20,8
"ej5jwv1fxg","8",0,"always",20,8
"ej5jwv1fxg","8",0,"never",50,8
"ej5jwv1fxg","8",0,"defiers",10,8
"ej5jwv1fxg","12",1,"compliers",20,12
"ej5jwv1fxg","12",1,"always",40,12
"ej5jwv1fxg","12",1,"never",40,12
"ej5jwv1fxg","12",1,"defiers",0,12
"ekafl9co98","1",1,"compliers",10,1
"ekafl9co98","1",1,"always",40,1
"ekafl9co98","1",1,"never",50,1
"ekafl9co98","1",1,"defiers",0,1
"ekafl9co98","2",0,"compliers",0,2
"ekafl9co98","2",0,"always",50,2
"ekafl9co98","2",0,"never",50,2
"ekafl9co98","2",0,"defiers",0,2
"ekafl9co98","10",0,"compliers",20,10
"ekafl9co98","10",0,"always",40,10
"ekafl9co98","10",0,"never",30,10
"ekafl9co98","10",0,"defiers",10,10
"ekafl9co98","6",1,"compliers",10,6
"ekafl9co98","6",1,"always",50,6
"ekafl9co98","6",1,"never",40,6
"ekafl9co98","6",1,"defiers",0,6
"ekafl9co98","12",0,"compliers",20,12
"ekafl9co98","12",0,"always",40,12
"ekafl9co98","12",0,"never",30,12
"ekafl9co98","12",0,"defiers",10,12
"ekafl9co98","14",0,"compliers",10,14
"ekafl9co98","14",0,"always",80,14
"ekafl9co98","14",0,"never",10,14
"ekafl9co98","14",0,"defiers",NA,14
"ekafl9co98","7",1,"compliers",10,7
"ekafl9co98","7",1,"always",40,7
"ekafl9co98","7",1,"never",50,7
"ekafl9co98","7",1,"defiers",0,7
"ekafl9co98","19",1,"compliers",30,19
"ekafl9co98","19",1,"always",50,19
"ekafl9co98","19",1,"never",20,19
"ekafl9co98","19",1,"defiers",0,19
"ekafl9co98","9",1,"compliers",10,9
"ekafl9co98","9",1,"always",40,9
"ekafl9co98","9",1,"never",50,9
"ekafl9co98","9",1,"defiers",0,9
"ekafl9co98","17",0,"compliers",20,17
"ekafl9co98","17",0,"always",30,17
"ekafl9co98","17",0,"never",50,17
"ekafl9co98","17",0,"defiers",0,17
"ekafl9co98","16",1,"compliers",20,16
"ekafl9co98","16",1,"always",50,16
"ekafl9co98","16",1,"never",30,16
"ekafl9co98","16",1,"defiers",0,16
"ekafl9co98","11",1,"compliers",20,11
"ekafl9co98","11",1,"always",40,11
"ekafl9co98","11",1,"never",40,11
"ekafl9co98","11",1,"defiers",NA,11
"ekafl9co98","22",1,"compliers",30,22
"ekafl9co98","22",1,"always",30,22
"ekafl9co98","22",1,"never",40,22
"ekafl9co98","22",1,"defiers",0,22
"ekafl9co98","13",1,"compliers",20,13
"ekafl9co98","13",1,"always",30,13
"ekafl9co98","13",1,"never",50,13
"ekafl9co98","13",1,"defiers",NA,13
"ekafl9co98","8",0,"compliers",20,8
"ekafl9co98","8",0,"always",40,8
"ekafl9co98","8",0,"never",30,8
"ekafl9co98","8",0,"defiers",10,8
"ekafl9co98","4",0,"compliers",0,4
"ekafl9co98","4",0,"always",50,4
"ekafl9co98","4",0,"never",50,4
"ekafl9co98","4",0,"defiers",0,4
"ekafl9co98","21",1,"compliers",50,21
"ekafl9co98","21",1,"always",30,21
"ekafl9co98","21",1,"never",20,21
"ekafl9co98","21",1,"defiers",0,21
"ekafl9co98","3",0,"compliers",0,3
"ekafl9co98","3",0,"always",50,3
"ekafl9co98","3",0,"never",50,3
"ekafl9co98","3",0,"defiers",0,3
"ekafl9co98","20",1,"compliers",30,20
"ekafl9co98","20",1,"always",50,20
"ekafl9co98","20",1,"never",20,20
"ekafl9co98","20",1,"defiers",0,20
"ekafl9co98","18",1,"compliers",20,18
"ekafl9co98","18",1,"always",30,18
"ekafl9co98","18",1,"never",50,18
"ekafl9co98","18",1,"defiers",NA,18
"ekafl9co98","5",0,"compliers",10,5
"ekafl9co98","5",0,"always",50,5
"ekafl9co98","5",0,"never",20,5
"ekafl9co98","5",0,"defiers",20,5
"ekafl9co98","15",1,"compliers",20,15
"ekafl9co98","15",1,"always",50,15
"ekafl9co98","15",1,"never",30,15
"ekafl9co98","15",1,"defiers",NA,15
"fg32jgr791","1",1,"compliers",30,1
"fg32jgr791","1",1,"always",40,1
"fg32jgr791","1",1,"never",30,1
"fg32jgr791","1",1,"defiers",0,1
"fg32jgr791","2",0,"compliers",0,2
"fg32jgr791","2",0,"always",50,2
"fg32jgr791","2",0,"never",50,2
"fg32jgr791","2",0,"defiers",0,2
"fg32jgr791","11",1,"compliers",20,11
"fg32jgr791","11",1,"always",40,11
"fg32jgr791","11",1,"never",40,11
"fg32jgr791","11",1,"defiers",0,11
"fg32jgr791","17",1,"compliers",20,17
"fg32jgr791","17",1,"always",30,17
"fg32jgr791","17",1,"never",50,17
"fg32jgr791","17",1,"defiers",0,17
"fg32jgr791","3",0,"compliers",0,3
"fg32jgr791","3",0,"always",50,3
"fg32jgr791","3",0,"never",50,3
"fg32jgr791","3",0,"defiers",0,3
"fg32jgr791","22",1,"compliers",40,22
"fg32jgr791","22",1,"always",30,22
"fg32jgr791","22",1,"never",30,22
"fg32jgr791","22",1,"defiers",0,22
"fg32jgr791","9",0,"compliers",10,9
"fg32jgr791","9",0,"always",50,9
"fg32jgr791","9",0,"never",40,9
"fg32jgr791","9",0,"defiers",0,9
"fg32jgr791","8",0,"compliers",10,8
"fg32jgr791","8",0,"always",50,8
"fg32jgr791","8",0,"never",40,8
"fg32jgr791","8",0,"defiers",0,8
"fg32jgr791","5",0,"compliers",10,5
"fg32jgr791","5",0,"always",40,5
"fg32jgr791","5",0,"never",50,5
"fg32jgr791","5",0,"defiers",0,5
"fg32jgr791","19",1,"compliers",30,19
"fg32jgr791","19",1,"always",20,19
"fg32jgr791","19",1,"never",50,19
"fg32jgr791","19",1,"defiers",0,19
"fg32jgr791","6",0,"compliers",0,6
"fg32jgr791","6",0,"always",50,6
"fg32jgr791","6",0,"never",50,6
"fg32jgr791","6",0,"defiers",0,6
"fg32jgr791","16",0,"compliers",20,16
"fg32jgr791","16",0,"always",50,16
"fg32jgr791","16",0,"never",30,16
"fg32jgr791","16",0,"defiers",0,16
"fg32jgr791","13",1,"compliers",20,13
"fg32jgr791","13",1,"always",50,13
"fg32jgr791","13",1,"never",30,13
"fg32jgr791","13",1,"defiers",0,13
"fg32jgr791","18",1,"compliers",20,18
"fg32jgr791","18",1,"always",30,18
"fg32jgr791","18",1,"never",50,18
"fg32jgr791","18",1,"defiers",0,18
"fg32jgr791","4",0,"compliers",0,4
"fg32jgr791","4",0,"always",50,4
"fg32jgr791","4",0,"never",50,4
"fg32jgr791","4",0,"defiers",0,4
"fg32jgr791","20",1,"compliers",30,20
"fg32jgr791","20",1,"always",20,20
"fg32jgr791","20",1,"never",50,20
"fg32jgr791","20",1,"defiers",0,20
"fg32jgr791","12",1,"compliers",20,12
"fg32jgr791","12",1,"always",40,12
"fg32jgr791","12",1,"never",40,12
"fg32jgr791","12",1,"defiers",0,12
"fg32jgr791","21",1,"compliers",40,21
"fg32jgr791","21",1,"always",30,21
"fg32jgr791","21",1,"never",30,21
"fg32jgr791","21",1,"defiers",0,21
"fg32jgr791","10",0,"compliers",10,10
"fg32jgr791","10",0,"always",50,10
"fg32jgr791","10",0,"never",40,10
"fg32jgr791","10",0,"defiers",0,10
"fg32jgr791","14",0,"compliers",20,14
"fg32jgr791","14",0,"always",50,14
"fg32jgr791","14",0,"never",30,14
"fg32jgr791","14",0,"defiers",0,14
"fg32jgr791","15",1,"compliers",20,15
"fg32jgr791","15",1,"always",50,15
"fg32jgr791","15",1,"never",30,15
"fg32jgr791","15",1,"defiers",0,15
"fg32jgr791","7",1,"compliers",10,7
"fg32jgr791","7",1,"always",50,7
"fg32jgr791","7",1,"never",40,7
"fg32jgr791","7",1,"defiers",0,7
"h8nlt2mtfl","1",1,"compliers",55,1
"h8nlt2mtfl","1",1,"always",20,1
"h8nlt2mtfl","1",1,"never",25,1
"h8nlt2mtfl","1",1,"defiers",0,1
"h8nlt2mtfl","2",0,"compliers",0,2
"h8nlt2mtfl","2",0,"always",25,2
"h8nlt2mtfl","2",0,"never",25,2
"h8nlt2mtfl","2",0,"defiers",50,2
"h8nlt2mtfl","3",1,"compliers",50,3
"h8nlt2mtfl","3",1,"always",25,3
"h8nlt2mtfl","3",1,"never",25,3
"h8nlt2mtfl","3",1,"defiers",0,3
"h8nlt2mtfl","16",0,"compliers",10,16
"h8nlt2mtfl","16",0,"always",75,16
"h8nlt2mtfl","16",0,"never",15,16
"h8nlt2mtfl","16",0,"defiers",0,16
"h8nlt2mtfl","13",1,"compliers",30,13
"h8nlt2mtfl","13",1,"always",25,13
"h8nlt2mtfl","13",1,"never",45,13
"h8nlt2mtfl","13",1,"defiers",0,13
"h8nlt2mtfl","21",1,"compliers",70,21
"h8nlt2mtfl","21",1,"always",15,21
"h8nlt2mtfl","21",1,"never",15,21
"h8nlt2mtfl","21",1,"defiers",0,21
"h8nlt2mtfl","19",0,"compliers",15,19
"h8nlt2mtfl","19",0,"always",10,19
"h8nlt2mtfl","19",0,"never",75,19
"h8nlt2mtfl","19",0,"defiers",0,19
"h8nlt2mtfl","11",1,"compliers",20,11
"h8nlt2mtfl","11",1,"always",20,11
"h8nlt2mtfl","11",1,"never",60,11
"h8nlt2mtfl","11",1,"defiers",0,11
"h8nlt2mtfl","22",1,"compliers",40,22
"h8nlt2mtfl","22",1,"always",45,22
"h8nlt2mtfl","22",1,"never",15,22
"h8nlt2mtfl","22",1,"defiers",0,22
"h8nlt2mtfl","9",1,"compliers",55,9
"h8nlt2mtfl","9",1,"always",25,9
"h8nlt2mtfl","9",1,"never",20,9
"h8nlt2mtfl","9",1,"defiers",0,9
"h8nlt2mtfl","10",1,"compliers",5,10
"h8nlt2mtfl","10",1,"always",75,10
"h8nlt2mtfl","10",1,"never",20,10
"h8nlt2mtfl","10",1,"defiers",0,10
"h8nlt2mtfl","17",1,"compliers",10,17
"h8nlt2mtfl","17",1,"always",15,17
"h8nlt2mtfl","17",1,"never",75,17
"h8nlt2mtfl","17",1,"defiers",0,17
"h8nlt2mtfl","6",0,"compliers",0,6
"h8nlt2mtfl","6",0,"always",25,6
"h8nlt2mtfl","6",0,"never",75,6
"h8nlt2mtfl","6",0,"defiers",0,6
"h8nlt2mtfl","14",1,"compliers",10,14
"h8nlt2mtfl","14",1,"always",45,14
"h8nlt2mtfl","14",1,"never",15,14
"h8nlt2mtfl","14",1,"defiers",30,14
"h8nlt2mtfl","18",1,"compliers",60,18
"h8nlt2mtfl","18",1,"always",15,18
"h8nlt2mtfl","18",1,"never",25,18
"h8nlt2mtfl","18",1,"defiers",0,18
"h8nlt2mtfl","5",1,"compliers",5,5
"h8nlt2mtfl","5",1,"always",20,5
"h8nlt2mtfl","5",1,"never",75,5
"h8nlt2mtfl","5",1,"defiers",0,5
"h8nlt2mtfl","15",1,"compliers",60,15
"h8nlt2mtfl","15",1,"always",25,15
"h8nlt2mtfl","15",1,"never",15,15
"h8nlt2mtfl","15",1,"defiers",0,15
"h8nlt2mtfl","12",1,"compliers",60,12
"h8nlt2mtfl","12",1,"always",20,12
"h8nlt2mtfl","12",1,"never",20,12
"h8nlt2mtfl","12",1,"defiers",0,12
"h8nlt2mtfl","20",0,"compliers",65,20
"h8nlt2mtfl","20",0,"always",10,20
"h8nlt2mtfl","20",0,"never",25,20
"h8nlt2mtfl","20",0,"defiers",0,20
"h8nlt2mtfl","8",1,"compliers",5,8
"h8nlt2mtfl","8",1,"always",35,8
"h8nlt2mtfl","8",1,"never",20,8
"h8nlt2mtfl","8",1,"defiers",40,8
"h8nlt2mtfl","7",1,"compliers",15,7
"h8nlt2mtfl","7",1,"always",25,7
"h8nlt2mtfl","7",1,"never",60,7
"h8nlt2mtfl","7",1,"defiers",0,7
"h8nlt2mtfl","4",0,"compliers",0,4
"h8nlt2mtfl","4",0,"always",75,4
"h8nlt2mtfl","4",0,"never",25,4
"h8nlt2mtfl","4",0,"defiers",0,4
"hk9pqgeoh3","1",1,"compliers",10,1
"hk9pqgeoh3","1",1,"always",40,1
"hk9pqgeoh3","1",1,"never",50,1
"hk9pqgeoh3","1",1,"defiers",0,1
"hk9pqgeoh3","2",0,"compliers",NA,2
"hk9pqgeoh3","2",0,"always",50,2
"hk9pqgeoh3","2",0,"never",50,2
"hk9pqgeoh3","2",0,"defiers",NA,2
"hk9pqgeoh3","12",1,"compliers",20,12
"hk9pqgeoh3","12",1,"always",40,12
"hk9pqgeoh3","12",1,"never",40,12
"hk9pqgeoh3","12",1,"defiers",NA,12
"hk9pqgeoh3","17",1,"compliers",20,17
"hk9pqgeoh3","17",1,"always",30,17
"hk9pqgeoh3","17",1,"never",50,17
"hk9pqgeoh3","17",1,"defiers",NA,17
"hk9pqgeoh3","20",1,"compliers",30,20
"hk9pqgeoh3","20",1,"always",20,20
"hk9pqgeoh3","20",1,"never",50,20
"hk9pqgeoh3","20",1,"defiers",0,20
"hk9pqgeoh3","3",0,"compliers",0,3
"hk9pqgeoh3","3",0,"always",50,3
"hk9pqgeoh3","3",0,"never",50,3
"hk9pqgeoh3","3",0,"defiers",0,3
"hk9pqgeoh3","11",1,"compliers",20,11
"hk9pqgeoh3","11",1,"always",40,11
"hk9pqgeoh3","11",1,"never",40,11
"hk9pqgeoh3","11",1,"defiers",NA,11
"hk9pqgeoh3","9",1,"compliers",10,9
"hk9pqgeoh3","9",1,"always",50,9
"hk9pqgeoh3","9",1,"never",40,9
"hk9pqgeoh3","9",1,"defiers",0,9
"hk9pqgeoh3","22",1,"compliers",40,22
"hk9pqgeoh3","22",1,"always",30,22
"hk9pqgeoh3","22",1,"never",30,22
"hk9pqgeoh3","22",1,"defiers",NA,22
"hk9pqgeoh3","10",1,"compliers",10,10
"hk9pqgeoh3","10",1,"always",50,10
"hk9pqgeoh3","10",1,"never",40,10
"hk9pqgeoh3","10",1,"defiers",NA,10
"hk9pqgeoh3","4",0,"compliers",0,4
"hk9pqgeoh3","4",0,"always",50,4
"hk9pqgeoh3","4",0,"never",50,4
"hk9pqgeoh3","4",0,"defiers",NA,4
"hk9pqgeoh3","5",0,"compliers",10,5
"hk9pqgeoh3","5",0,"always",40,5
"hk9pqgeoh3","5",0,"never",50,5
"hk9pqgeoh3","5",0,"defiers",NA,5
"hk9pqgeoh3","14",1,"compliers",20,14
"hk9pqgeoh3","14",1,"always",50,14
"hk9pqgeoh3","14",1,"never",30,14
"hk9pqgeoh3","14",1,"defiers",NA,14
"hk9pqgeoh3","15",1,"compliers",20,15
"hk9pqgeoh3","15",1,"always",50,15
"hk9pqgeoh3","15",1,"never",30,15
"hk9pqgeoh3","15",1,"defiers",NA,15
"hk9pqgeoh3","21",1,"compliers",40,21
"hk9pqgeoh3","21",1,"always",30,21
"hk9pqgeoh3","21",1,"never",30,21
"hk9pqgeoh3","21",1,"defiers",NA,21
"hk9pqgeoh3","6",0,"compliers",0,6
"hk9pqgeoh3","6",0,"always",50,6
"hk9pqgeoh3","6",0,"never",50,6
"hk9pqgeoh3","6",0,"defiers",NA,6
"hk9pqgeoh3","8",0,"compliers",10,8
"hk9pqgeoh3","8",0,"always",50,8
"hk9pqgeoh3","8",0,"never",40,8
"hk9pqgeoh3","8",0,"defiers",NA,8
"hk9pqgeoh3","13",1,"compliers",20,13
"hk9pqgeoh3","13",1,"always",50,13
"hk9pqgeoh3","13",1,"never",30,13
"hk9pqgeoh3","13",1,"defiers",NA,13
"hk9pqgeoh3","18",1,"compliers",20,18
"hk9pqgeoh3","18",1,"always",30,18
"hk9pqgeoh3","18",1,"never",50,18
"hk9pqgeoh3","18",1,"defiers",NA,18
"hk9pqgeoh3","16",1,"compliers",20,16
"hk9pqgeoh3","16",1,"always",50,16
"hk9pqgeoh3","16",1,"never",30,16
"hk9pqgeoh3","16",1,"defiers",NA,16
"hk9pqgeoh3","19",1,"compliers",30,19
"hk9pqgeoh3","19",1,"always",20,19
"hk9pqgeoh3","19",1,"never",50,19
"hk9pqgeoh3","19",1,"defiers",NA,19
"hk9pqgeoh3","7",1,"compliers",10,7
"hk9pqgeoh3","7",1,"always",50,7
"hk9pqgeoh3","7",1,"never",40,7
"hk9pqgeoh3","7",1,"defiers",NA,7
"hxrhxv9agr","1",1,"compliers",30,1
"hxrhxv9agr","1",1,"always",25,1
"hxrhxv9agr","1",1,"never",25,1
"hxrhxv9agr","1",1,"defiers",20,1
"hxrhxv9agr","2",0,"compliers",25,2
"hxrhxv9agr","2",0,"always",25,2
"hxrhxv9agr","2",0,"never",25,2
"hxrhxv9agr","2",0,"defiers",25,2
"hxrhxv9agr","11",0,"compliers",15,11
"hxrhxv9agr","11",0,"always",15,11
"hxrhxv9agr","11",0,"never",50,11
"hxrhxv9agr","11",0,"defiers",20,11
"hxrhxv9agr","9",0,"compliers",30,9
"hxrhxv9agr","9",0,"always",25,9
"hxrhxv9agr","9",0,"never",25,9
"hxrhxv9agr","9",0,"defiers",20,9
"hxrhxv9agr","16",1,"compliers",35,16
"hxrhxv9agr","16",1,"always",50,16
"hxrhxv9agr","16",1,"never",0,16
"hxrhxv9agr","16",1,"defiers",15,16
"hxrhxv9agr","5",0,"compliers",30,5
"hxrhxv9agr","5",0,"always",20,5
"hxrhxv9agr","5",0,"never",25,5
"hxrhxv9agr","5",0,"defiers",25,5
"hxrhxv9agr","17",0,"compliers",38,17
"hxrhxv9agr","17",0,"always",0,17
"hxrhxv9agr","17",0,"never",37,17
"hxrhxv9agr","17",0,"defiers",25,17
"hxrhxv9agr","20",1,"compliers",50,20
"hxrhxv9agr","20",1,"always",25,20
"hxrhxv9agr","20",1,"never",25,20
"hxrhxv9agr","20",1,"defiers",0,20
"hxrhxv9agr","3",1,"compliers",50,3
"hxrhxv9agr","3",1,"always",25,3
"hxrhxv9agr","3",1,"never",25,3
"hxrhxv9agr","3",1,"defiers",0,3
"hxrhxv9agr","22",0,"compliers",50,22
"hxrhxv9agr","22",0,"always",40,22
"hxrhxv9agr","22",0,"never",10,22
"hxrhxv9agr","22",0,"defiers",0,22
"hxrhxv9agr","19",0,"compliers",45,19
"hxrhxv9agr","19",0,"always",5,19
"hxrhxv9agr","19",0,"never",25,19
"hxrhxv9agr","19",0,"defiers",25,19
"hxrhxv9agr","14",1,"compliers",30,14
"hxrhxv9agr","14",1,"always",40,14
"hxrhxv9agr","14",1,"never",15,14
"hxrhxv9agr","14",1,"defiers",15,14
"hxrhxv9agr","21",0,"compliers",30,21
"hxrhxv9agr","21",0,"always",33,21
"hxrhxv9agr","21",0,"never",37,21
"hxrhxv9agr","21",0,"defiers",0,21
"hxrhxv9agr","15",1,"compliers",50,15
"hxrhxv9agr","15",1,"always",25,15
"hxrhxv9agr","15",1,"never",25,15
"hxrhxv9agr","15",1,"defiers",0,15
"hxrhxv9agr","12",1,"compliers",50,12
"hxrhxv9agr","12",1,"always",25,12
"hxrhxv9agr","12",1,"never",25,12
"hxrhxv9agr","12",1,"defiers",0,12
"hxrhxv9agr","8",0,"compliers",35,8
"hxrhxv9agr","8",0,"always",25,8
"hxrhxv9agr","8",0,"never",20,8
"hxrhxv9agr","8",0,"defiers",20,8
"hxrhxv9agr","10",1,"compliers",30,10
"hxrhxv9agr","10",1,"always",50,10
"hxrhxv9agr","10",1,"never",20,10
"hxrhxv9agr","10",1,"defiers",0,10
"hxrhxv9agr","18",1,"compliers",15,18
"hxrhxv9agr","18",1,"always",30,18
"hxrhxv9agr","18",1,"never",55,18
"hxrhxv9agr","18",1,"defiers",0,18
"hxrhxv9agr","4",0,"compliers",0,4
"hxrhxv9agr","4",0,"always",75,4
"hxrhxv9agr","4",0,"never",25,4
"hxrhxv9agr","4",0,"defiers",0,4
"hxrhxv9agr","13",0,"compliers",15,13
"hxrhxv9agr","13",0,"always",20,13
"hxrhxv9agr","13",0,"never",55,13
"hxrhxv9agr","13",0,"defiers",10,13
"hxrhxv9agr","7",0,"compliers",5,7
"hxrhxv9agr","7",0,"always",50,7
"hxrhxv9agr","7",0,"never",25,7
"hxrhxv9agr","7",0,"defiers",20,7
"hxrhxv9agr","6",0,"compliers",0,6
"hxrhxv9agr","6",0,"always",25,6
"hxrhxv9agr","6",0,"never",50,6
"hxrhxv9agr","6",0,"defiers",25,6
"jsx9trfd9d","1",1,"compliers",25,1
"jsx9trfd9d","1",1,"always",25,1
"jsx9trfd9d","1",1,"never",25,1
"jsx9trfd9d","1",1,"defiers",25,1
"jsx9trfd9d","2",0,"compliers",25,2
"jsx9trfd9d","2",0,"always",25,2
"jsx9trfd9d","2",0,"never",25,2
"jsx9trfd9d","2",0,"defiers",25,2
"jsx9trfd9d","8",0,"compliers",25,8
"jsx9trfd9d","8",0,"always",25,8
"jsx9trfd9d","8",0,"never",25,8
"jsx9trfd9d","8",0,"defiers",25,8
"jsx9trfd9d","3",1,"compliers",25,3
"jsx9trfd9d","3",1,"always",25,3
"jsx9trfd9d","3",1,"never",25,3
"jsx9trfd9d","3",1,"defiers",25,3
"jsx9trfd9d","5",0,"compliers",25,5
"jsx9trfd9d","5",0,"always",25,5
"jsx9trfd9d","5",0,"never",25,5
"jsx9trfd9d","5",0,"defiers",25,5
"jsx9trfd9d","13",1,"compliers",25,13
"jsx9trfd9d","13",1,"always",25,13
"jsx9trfd9d","13",1,"never",25,13
"jsx9trfd9d","13",1,"defiers",25,13
"jsx9trfd9d","6",0,"compliers",25,6
"jsx9trfd9d","6",0,"always",25,6
"jsx9trfd9d","6",0,"never",25,6
"jsx9trfd9d","6",0,"defiers",25,6
"jsx9trfd9d","15",1,"compliers",25,15
"jsx9trfd9d","15",1,"always",25,15
"jsx9trfd9d","15",1,"never",25,15
"jsx9trfd9d","15",1,"defiers",25,15
"jsx9trfd9d","17",0,"compliers",25,17
"jsx9trfd9d","17",0,"always",25,17
"jsx9trfd9d","17",0,"never",25,17
"jsx9trfd9d","17",0,"defiers",25,17
"jsx9trfd9d","16",0,"compliers",25,16
"jsx9trfd9d","16",0,"always",25,16
"jsx9trfd9d","16",0,"never",25,16
"jsx9trfd9d","16",0,"defiers",25,16
"jsx9trfd9d","21",1,"compliers",25,21
"jsx9trfd9d","21",1,"always",25,21
"jsx9trfd9d","21",1,"never",25,21
"jsx9trfd9d","21",1,"defiers",25,21
"jsx9trfd9d","7",0,"compliers",25,7
"jsx9trfd9d","7",0,"always",25,7
"jsx9trfd9d","7",0,"never",25,7
"jsx9trfd9d","7",0,"defiers",25,7
"jsx9trfd9d","11",0,"compliers",25,11
"jsx9trfd9d","11",0,"always",25,11
"jsx9trfd9d","11",0,"never",25,11
"jsx9trfd9d","11",0,"defiers",25,11
"jsx9trfd9d","22",1,"compliers",25,22
"jsx9trfd9d","22",1,"always",25,22
"jsx9trfd9d","22",1,"never",25,22
"jsx9trfd9d","22",1,"defiers",25,22
"jsx9trfd9d","20",1,"compliers",25,20
"jsx9trfd9d","20",1,"always",25,20
"jsx9trfd9d","20",1,"never",25,20
"jsx9trfd9d","20",1,"defiers",25,20
"jsx9trfd9d","9",1,"compliers",25,9
"jsx9trfd9d","9",1,"always",25,9
"jsx9trfd9d","9",1,"never",25,9
"jsx9trfd9d","9",1,"defiers",25,9
"jsx9trfd9d","19",0,"compliers",25,19
"jsx9trfd9d","19",0,"always",25,19
"jsx9trfd9d","19",0,"never",25,19
"jsx9trfd9d","19",0,"defiers",25,19
"jsx9trfd9d","14",0,"compliers",25,14
"jsx9trfd9d","14",0,"always",25,14
"jsx9trfd9d","14",0,"never",25,14
"jsx9trfd9d","14",0,"defiers",25,14
"jsx9trfd9d","18",1,"compliers",25,18
"jsx9trfd9d","18",1,"always",25,18
"jsx9trfd9d","18",1,"never",25,18
"jsx9trfd9d","18",1,"defiers",25,18
"jsx9trfd9d","12",1,"compliers",25,12
"jsx9trfd9d","12",1,"always",25,12
"jsx9trfd9d","12",1,"never",25,12
"jsx9trfd9d","12",1,"defiers",25,12
"jsx9trfd9d","10",0,"compliers",25,10
"jsx9trfd9d","10",0,"always",25,10
"jsx9trfd9d","10",0,"never",25,10
"jsx9trfd9d","10",0,"defiers",25,10
"jsx9trfd9d","4",0,"compliers",25,4
"jsx9trfd9d","4",0,"always",25,4
"jsx9trfd9d","4",0,"never",25,4
"jsx9trfd9d","4",0,"defiers",25,4
"m8vqb9uovj","1",1,"compliers",10,1
"m8vqb9uovj","1",1,"always",40,1
"m8vqb9uovj","1",1,"never",50,1
"m8vqb9uovj","1",1,"defiers",0,1
"m8vqb9uovj","2",1,"compliers",0,2
"m8vqb9uovj","2",1,"always",50,2
"m8vqb9uovj","2",1,"never",50,2
"m8vqb9uovj","2",1,"defiers",0,2
"m8vqb9uovj","3",0,"compliers",0,3
"m8vqb9uovj","3",0,"always",50,3
"m8vqb9uovj","3",0,"never",50,3
"m8vqb9uovj","3",0,"defiers",0,3
"m8vqb9uovj","16",1,"compliers",20,16
"m8vqb9uovj","16",1,"always",50,16
"m8vqb9uovj","16",1,"never",30,16
"m8vqb9uovj","16",1,"defiers",0,16
"m8vqb9uovj","6",0,"compliers",0,6
"m8vqb9uovj","6",0,"always",25,6
"m8vqb9uovj","6",0,"never",75,6
"m8vqb9uovj","6",0,"defiers",0,6
"m8vqb9uovj","5",0,"compliers",25,5
"m8vqb9uovj","5",0,"always",NA,5
"m8vqb9uovj","5",0,"never",75,5
"m8vqb9uovj","5",0,"defiers",NA,5
"m8vqb9uovj","17",0,"compliers",5,17
"m8vqb9uovj","17",0,"always",5,17
"m8vqb9uovj","17",0,"never",90,17
"m8vqb9uovj","17",0,"defiers",NA,17
"m8vqb9uovj","13",0,"compliers",10,13
"m8vqb9uovj","13",0,"always",10,13
"m8vqb9uovj","13",0,"never",70,13
"m8vqb9uovj","13",0,"defiers",10,13
"m8vqb9uovj","10",0,"compliers",10,10
"m8vqb9uovj","10",0,"always",50,10
"m8vqb9uovj","10",0,"never",40,10
"m8vqb9uovj","10",0,"defiers",0,10
"m8vqb9uovj","15",1,"compliers",30,15
"m8vqb9uovj","15",1,"always",10,15
"m8vqb9uovj","15",1,"never",50,15
"m8vqb9uovj","15",1,"defiers",10,15
"m8vqb9uovj","8",0,"compliers",5,8
"m8vqb9uovj","8",0,"always",25,8
"m8vqb9uovj","8",0,"never",30,8
"m8vqb9uovj","8",0,"defiers",40,8
"m8vqb9uovj","11",1,"compliers",10,11
"m8vqb9uovj","11",1,"always",15,11
"m8vqb9uovj","11",1,"never",75,11
"m8vqb9uovj","11",1,"defiers",0,11
"m8vqb9uovj","12",1,"compliers",20,12
"m8vqb9uovj","12",1,"always",30,12
"m8vqb9uovj","12",1,"never",40,12
"m8vqb9uovj","12",1,"defiers",10,12
"m8vqb9uovj","9",1,"compliers",25,9
"m8vqb9uovj","9",1,"always",25,9
"m8vqb9uovj","9",1,"never",50,9
"m8vqb9uovj","9",1,"defiers",0,9
"m8vqb9uovj","19",0,"compliers",10,19
"m8vqb9uovj","19",0,"always",5,19
"m8vqb9uovj","19",0,"never",75,19
"m8vqb9uovj","19",0,"defiers",10,19
"m8vqb9uovj","14",0,"compliers",10,14
"m8vqb9uovj","14",0,"always",10,14
"m8vqb9uovj","14",0,"never",30,14
"m8vqb9uovj","14",0,"defiers",50,14
"m8vqb9uovj","21",1,"compliers",40,21
"m8vqb9uovj","21",1,"always",10,21
"m8vqb9uovj","21",1,"never",30,21
"m8vqb9uovj","21",1,"defiers",20,21
"m8vqb9uovj","20",1,"compliers",40,20
"m8vqb9uovj","20",1,"always",5,20
"m8vqb9uovj","20",1,"never",55,20
"m8vqb9uovj","20",1,"defiers",0,20
"m8vqb9uovj","18",1,"compliers",40,18
"m8vqb9uovj","18",1,"always",5,18
"m8vqb9uovj","18",1,"never",55,18
"m8vqb9uovj","18",1,"defiers",0,18
"m8vqb9uovj","7",0,"compliers",5,7
"m8vqb9uovj","7",0,"always",20,7
"m8vqb9uovj","7",0,"never",75,7
"m8vqb9uovj","7",0,"defiers",0,7
"m8vqb9uovj","4",1,"compliers",5,4
"m8vqb9uovj","4",1,"always",70,4
"m8vqb9uovj","4",1,"never",25,4
"m8vqb9uovj","4",1,"defiers",0,4
"m8vqb9uovj","22",0,"compliers",25,22
"m8vqb9uovj","22",0,"always",25,22
"m8vqb9uovj","22",0,"never",25,22
"m8vqb9uovj","22",0,"defiers",25,22
"nj38buczjj","1",1,"compliers",50,1
"nj38buczjj","1",1,"always",20,1
"nj38buczjj","1",1,"never",30,1
"nj38buczjj","1",1,"defiers",0,1
"nj38buczjj","2",0,"compliers",0,2
"nj38buczjj","2",0,"always",25,2
"nj38buczjj","2",0,"never",25,2
"nj38buczjj","2",0,"defiers",50,2
"nj38buczjj","7",0,"compliers",10,7
"nj38buczjj","7",0,"always",25,7
"nj38buczjj","7",0,"never",60,7
"nj38buczjj","7",0,"defiers",5,7
"nj38buczjj","6",0,"compliers",0,6
"nj38buczjj","6",0,"always",25,6
"nj38buczjj","6",0,"never",75,6
"nj38buczjj","6",0,"defiers",0,6
"nj38buczjj","15",1,"compliers",60,15
"nj38buczjj","15",1,"always",25,15
"nj38buczjj","15",1,"never",15,15
"nj38buczjj","15",1,"defiers",0,15
"nj38buczjj","3",1,"compliers",50,3
"nj38buczjj","3",1,"always",25,3
"nj38buczjj","3",1,"never",25,3
"nj38buczjj","3",1,"defiers",0,3
"nj38buczjj","12",1,"compliers",60,12
"nj38buczjj","12",1,"always",20,12
"nj38buczjj","12",1,"never",20,12
"nj38buczjj","12",1,"defiers",0,12
"nj38buczjj","18",1,"compliers",60,18
"nj38buczjj","18",1,"always",15,18
"nj38buczjj","18",1,"never",25,18
"nj38buczjj","18",1,"defiers",0,18
"nj38buczjj","11",0,"compliers",20,11
"nj38buczjj","11",0,"always",20,11
"nj38buczjj","11",0,"never",60,11
"nj38buczjj","11",0,"defiers",0,11
"nj38buczjj","10",0,"compliers",5,10
"nj38buczjj","10",0,"always",75,10
"nj38buczjj","10",0,"never",20,10
"nj38buczjj","10",0,"defiers",0,10
"nj38buczjj","9",1,"compliers",55,9
"nj38buczjj","9",1,"always",25,9
"nj38buczjj","9",1,"never",20,9
"nj38buczjj","9",1,"defiers",0,9
"nj38buczjj","8",0,"compliers",5,8
"nj38buczjj","8",0,"always",35,8
"nj38buczjj","8",0,"never",20,8
"nj38buczjj","8",0,"defiers",40,8
"nj38buczjj","13",0,"compliers",25,13
"nj38buczjj","13",0,"always",30,13
"nj38buczjj","13",0,"never",45,13
"nj38buczjj","13",0,"defiers",0,13
"nj38buczjj","4",0,"compliers",0,4
"nj38buczjj","4",0,"always",75,4
"nj38buczjj","4",0,"never",25,4
"nj38buczjj","4",0,"defiers",0,4
"nj38buczjj","22",1,"compliers",40,22
"nj38buczjj","22",1,"always",45,22
"nj38buczjj","22",1,"never",15,22
"nj38buczjj","22",1,"defiers",0,22
"nj38buczjj","14",0,"compliers",10,14
"nj38buczjj","14",0,"always",45,14
"nj38buczjj","14",0,"never",15,14
"nj38buczjj","14",0,"defiers",30,14
"nj38buczjj","5",0,"compliers",5,5
"nj38buczjj","5",0,"always",20,5
"nj38buczjj","5",0,"never",75,5
"nj38buczjj","5",0,"defiers",0,5
"nj38buczjj","19",0,"compliers",15,19
"nj38buczjj","19",0,"always",10,19
"nj38buczjj","19",0,"never",75,19
"nj38buczjj","19",0,"defiers",0,19
"nj38buczjj","16",1,"compliers",10,16
"nj38buczjj","16",1,"always",75,16
"nj38buczjj","16",1,"never",15,16
"nj38buczjj","16",1,"defiers",0,16
"nj38buczjj","20",1,"compliers",65,20
"nj38buczjj","20",1,"always",10,20
"nj38buczjj","20",1,"never",25,20
"nj38buczjj","20",1,"defiers",0,20
"nj38buczjj","21",1,"compliers",70,21
"nj38buczjj","21",1,"always",15,21
"nj38buczjj","21",1,"never",15,21
"nj38buczjj","21",1,"defiers",0,21
"nj38buczjj","17",1,"compliers",10,17
"nj38buczjj","17",1,"always",15,17
"nj38buczjj","17",1,"never",75,17
"nj38buczjj","17",1,"defiers",0,17
"oeygl8r625","1",0,"compliers",20,1
"oeygl8r625","1",0,"always",30,1
"oeygl8r625","1",0,"never",40,1
"oeygl8r625","1",0,"defiers",10,1
"oeygl8r625","2",0,"compliers",40,2
"oeygl8r625","2",0,"always",10,2
"oeygl8r625","2",0,"never",10,2
"oeygl8r625","2",0,"defiers",40,2
"oeygl8r625","19",1,"compliers",50,19
"oeygl8r625","19",1,"always",0,19
"oeygl8r625","19",1,"never",30,19
"oeygl8r625","19",1,"defiers",20,19
"oeygl8r625","4",0,"compliers",50,4
"oeygl8r625","4",0,"always",0,4
"oeygl8r625","4",0,"never",0,4
"oeygl8r625","4",0,"defiers",50,4
"oeygl8r625","21",1,"compliers",50,21
"oeygl8r625","21",1,"always",20,21
"oeygl8r625","21",1,"never",20,21
"oeygl8r625","21",1,"defiers",10,21
"oeygl8r625","13",0,"compliers",50,13
"oeygl8r625","13",0,"always",20,13
"oeygl8r625","13",0,"never",0,13
"oeygl8r625","13",0,"defiers",30,13
"oeygl8r625","16",0,"compliers",40,16
"oeygl8r625","16",0,"always",30,16
"oeygl8r625","16",0,"never",10,16
"oeygl8r625","16",0,"defiers",20,16
"oeygl8r625","10",0,"compliers",30,10
"oeygl8r625","10",0,"always",30,10
"oeygl8r625","10",0,"never",20,10
"oeygl8r625","10",0,"defiers",20,10
"oeygl8r625","22",1,"compliers",50,22
"oeygl8r625","22",1,"always",20,22
"oeygl8r625","22",1,"never",20,22
"oeygl8r625","22",1,"defiers",10,22
"oeygl8r625","17",0,"compliers",50,17
"oeygl8r625","17",0,"always",0,17
"oeygl8r625","17",0,"never",20,17
"oeygl8r625","17",0,"defiers",30,17
"oeygl8r625","11",0,"compliers",50,11
"oeygl8r625","11",0,"always",10,11
"oeygl8r625","11",0,"never",10,11
"oeygl8r625","11",0,"defiers",30,11
"oeygl8r625","9",0,"compliers",20,9
"oeygl8r625","9",0,"always",40,9
"oeygl8r625","9",0,"never",30,9
"oeygl8r625","9",0,"defiers",10,9
"oeygl8r625","3",0,"compliers",0,3
"oeygl8r625","3",0,"always",50,3
"oeygl8r625","3",0,"never",50,3
"oeygl8r625","3",0,"defiers",0,3
"oeygl8r625","20",1,"compliers",40,20
"oeygl8r625","20",1,"always",10,20
"oeygl8r625","20",1,"never",40,20
"oeygl8r625","20",1,"defiers",10,20
"oeygl8r625","12",1,"compliers",20,12
"oeygl8r625","12",1,"always",40,12
"oeygl8r625","12",1,"never",40,12
"oeygl8r625","12",1,"defiers",0,12
"oeygl8r625","18",1,"compliers",30,18
"oeygl8r625","18",1,"always",20,18
"oeygl8r625","18",1,"never",40,18
"oeygl8r625","18",1,"defiers",10,18
"oeygl8r625","8",0,"compliers",50,8
"oeygl8r625","8",0,"always",10,8
"oeygl8r625","8",0,"never",0,8
"oeygl8r625","8",0,"defiers",40,8
"oeygl8r625","15",1,"compliers",30,15
"oeygl8r625","15",1,"always",40,15
"oeygl8r625","15",1,"never",20,15
"oeygl8r625","15",1,"defiers",10,15
"oeygl8r625","7",0,"compliers",30,7
"oeygl8r625","7",0,"always",30,7
"oeygl8r625","7",0,"never",20,7
"oeygl8r625","7",0,"defiers",20,7
"oeygl8r625","6",0,"compliers",50,6
"oeygl8r625","6",0,"always",0,6
"oeygl8r625","6",0,"never",0,6
"oeygl8r625","6",0,"defiers",50,6
"oeygl8r625","14",0,"compliers",40,14
"oeygl8r625","14",0,"always",30,14
"oeygl8r625","14",0,"never",10,14
"oeygl8r625","14",0,"defiers",20,14
"oeygl8r625","5",0,"compliers",40,5
"oeygl8r625","5",0,"always",10,5
"oeygl8r625","5",0,"never",20,5
"oeygl8r625","5",0,"defiers",30,5
"q1tygoqf2p","1",0,"compliers",5,1
"q1tygoqf2p","1",0,"always",75,1
"q1tygoqf2p","1",0,"never",15,1
"q1tygoqf2p","1",0,"defiers",5,1
"q1tygoqf2p","2",0,"compliers",0,2
"q1tygoqf2p","2",0,"always",50,2
"q1tygoqf2p","2",0,"never",30,2
"q1tygoqf2p","2",0,"defiers",20,2
"q1tygoqf2p","18",1,"compliers",30,18
"q1tygoqf2p","18",1,"always",20,18
"q1tygoqf2p","18",1,"never",50,18
"q1tygoqf2p","18",1,"defiers",0,18
"q1tygoqf2p","17",1,"compliers",10,17
"q1tygoqf2p","17",1,"always",10,17
"q1tygoqf2p","17",1,"never",75,17
"q1tygoqf2p","17",1,"defiers",5,17
"q1tygoqf2p","21",1,"compliers",70,21
"q1tygoqf2p","21",1,"always",10,21
"q1tygoqf2p","21",1,"never",15,21
"q1tygoqf2p","21",1,"defiers",5,21
"q1tygoqf2p","5",1,"compliers",5,5
"q1tygoqf2p","5",1,"always",40,5
"q1tygoqf2p","5",1,"never",55,5
"q1tygoqf2p","5",1,"defiers",0,5
"q1tygoqf2p","14",0,"compliers",5,14
"q1tygoqf2p","14",0,"always",65,14
"q1tygoqf2p","14",0,"never",20,14
"q1tygoqf2p","14",0,"defiers",10,14
"q1tygoqf2p","4",1,"compliers",20,4
"q1tygoqf2p","4",1,"always",80,4
"q1tygoqf2p","4",1,"never",0,4
"q1tygoqf2p","4",1,"defiers",0,4
"q1tygoqf2p","20",1,"compliers",70,20
"q1tygoqf2p","20",1,"always",5,20
"q1tygoqf2p","20",1,"never",20,20
"q1tygoqf2p","20",1,"defiers",5,20
"q1tygoqf2p","3",1,"compliers",10,3
"q1tygoqf2p","3",1,"always",25,3
"q1tygoqf2p","3",1,"never",60,3
"q1tygoqf2p","3",1,"defiers",5,3
"q1tygoqf2p","10",1,"compliers",10,10
"q1tygoqf2p","10",1,"always",60,10
"q1tygoqf2p","10",1,"never",30,10
"q1tygoqf2p","10",1,"defiers",0,10
"q1tygoqf2p","11",0,"compliers",20,11
"q1tygoqf2p","11",0,"always",15,11
"q1tygoqf2p","11",0,"never",50,11
"q1tygoqf2p","11",0,"defiers",15,11
"q1tygoqf2p","9",1,"compliers",50,9
"q1tygoqf2p","9",1,"always",20,9
"q1tygoqf2p","9",1,"never",30,9
"q1tygoqf2p","9",1,"defiers",0,9
"q1tygoqf2p","12",1,"compliers",30,12
"q1tygoqf2p","12",1,"always",30,12
"q1tygoqf2p","12",1,"never",40,12
"q1tygoqf2p","12",1,"defiers",0,12
"q1tygoqf2p","8",0,"compliers",10,8
"q1tygoqf2p","8",0,"always",30,8
"q1tygoqf2p","8",0,"never",10,8
"q1tygoqf2p","8",0,"defiers",50,8
"q1tygoqf2p","15",1,"compliers",50,15
"q1tygoqf2p","15",1,"always",20,15
"q1tygoqf2p","15",1,"never",20,15
"q1tygoqf2p","15",1,"defiers",10,15
"q1tygoqf2p","16",0,"compliers",5,16
"q1tygoqf2p","16",0,"always",75,16
"q1tygoqf2p","16",0,"never",10,16
"q1tygoqf2p","16",0,"defiers",10,16
"q1tygoqf2p","13",1,"compliers",25,13
"q1tygoqf2p","13",1,"always",25,13
"q1tygoqf2p","13",1,"never",50,13
"q1tygoqf2p","13",1,"defiers",0,13
"q1tygoqf2p","6",0,"compliers",5,6
"q1tygoqf2p","6",0,"always",20,6
"q1tygoqf2p","6",0,"never",70,6
"q1tygoqf2p","6",0,"defiers",5,6
"q1tygoqf2p","22",1,"compliers",30,22
"q1tygoqf2p","22",1,"always",30,22
"q1tygoqf2p","22",1,"never",40,22
"q1tygoqf2p","22",1,"defiers",0,22
"q1tygoqf2p","7",1,"compliers",15,7
"q1tygoqf2p","7",1,"always",20,7
"q1tygoqf2p","7",1,"never",65,7
"q1tygoqf2p","7",1,"defiers",0,7
"q1tygoqf2p","19",1,"compliers",5,19
"q1tygoqf2p","19",1,"always",10,19
"q1tygoqf2p","19",1,"never",80,19
"q1tygoqf2p","19",1,"defiers",5,19
"sm38k2fs2p","1",1,"compliers",50,1
"sm38k2fs2p","1",1,"always",10,1
"sm38k2fs2p","1",1,"never",40,1
"sm38k2fs2p","1",1,"defiers",0,1
"sm38k2fs2p","2",0,"compliers",0,2
"sm38k2fs2p","2",0,"always",50,2
"sm38k2fs2p","2",0,"never",50,2
"sm38k2fs2p","2",0,"defiers",0,2
"sm38k2fs2p","18",0,"compliers",20,18
"sm38k2fs2p","18",0,"always",50,18
"sm38k2fs2p","18",0,"never",30,18
"sm38k2fs2p","18",0,"defiers",0,18
"sm38k2fs2p","14",1,"compliers",20,14
"sm38k2fs2p","14",1,"always",50,14
"sm38k2fs2p","14",1,"never",30,14
"sm38k2fs2p","14",1,"defiers",0,14
"sm38k2fs2p","8",1,"compliers",10,8
"sm38k2fs2p","8",1,"always",50,8
"sm38k2fs2p","8",1,"never",40,8
"sm38k2fs2p","8",1,"defiers",0,8
"sm38k2fs2p","9",1,"compliers",10,9
"sm38k2fs2p","9",1,"always",50,9
"sm38k2fs2p","9",1,"never",40,9
"sm38k2fs2p","9",1,"defiers",0,9
"sm38k2fs2p","11",1,"compliers",20,11
"sm38k2fs2p","11",1,"always",40,11
"sm38k2fs2p","11",1,"never",40,11
"sm38k2fs2p","11",1,"defiers",0,11
"sm38k2fs2p","17",0,"compliers",20,17
"sm38k2fs2p","17",0,"always",30,17
"sm38k2fs2p","17",0,"never",50,17
"sm38k2fs2p","17",0,"defiers",0,17
"sm38k2fs2p","16",1,"compliers",10,16
"sm38k2fs2p","16",1,"always",80,16
"sm38k2fs2p","16",1,"never",10,16
"sm38k2fs2p","16",1,"defiers",0,16
"sm38k2fs2p","12",1,"compliers",20,12
"sm38k2fs2p","12",1,"always",50,12
"sm38k2fs2p","12",1,"never",30,12
"sm38k2fs2p","12",1,"defiers",0,12
"sm38k2fs2p","10",0,"compliers",5,10
"sm38k2fs2p","10",0,"always",90,10
"sm38k2fs2p","10",0,"never",5,10
"sm38k2fs2p","10",0,"defiers",0,10
"sm38k2fs2p","21",1,"compliers",40,21
"sm38k2fs2p","21",1,"always",30,21
"sm38k2fs2p","21",1,"never",30,21
"sm38k2fs2p","21",1,"defiers",0,21
"sm38k2fs2p","3",0,"compliers",0,3
"sm38k2fs2p","3",0,"always",50,3
"sm38k2fs2p","3",0,"never",50,3
"sm38k2fs2p","3",0,"defiers",0,3
"sm38k2fs2p","19",1,"compliers",15,19
"sm38k2fs2p","19",1,"always",15,19
"sm38k2fs2p","19",1,"never",70,19
"sm38k2fs2p","19",1,"defiers",0,19
"sm38k2fs2p","22",1,"compliers",60,22
"sm38k2fs2p","22",1,"always",20,22
"sm38k2fs2p","22",1,"never",20,22
"sm38k2fs2p","22",1,"defiers",0,22
"sm38k2fs2p","5",0,"compliers",5,5
"sm38k2fs2p","5",0,"always",25,5
"sm38k2fs2p","5",0,"never",70,5
"sm38k2fs2p","5",0,"defiers",0,5
"sm38k2fs2p","20",1,"compliers",50,20
"sm38k2fs2p","20",1,"always",10,20
"sm38k2fs2p","20",1,"never",40,20
"sm38k2fs2p","20",1,"defiers",0,20
"sm38k2fs2p","6",0,"compliers",0,6
"sm38k2fs2p","6",0,"always",25,6
"sm38k2fs2p","6",0,"never",75,6
"sm38k2fs2p","6",0,"defiers",0,6
"sm38k2fs2p","13",1,"compliers",20,13
"sm38k2fs2p","13",1,"always",30,13
"sm38k2fs2p","13",1,"never",50,13
"sm38k2fs2p","13",1,"defiers",0,13
"sm38k2fs2p","15",1,"compliers",30,15
"sm38k2fs2p","15",1,"always",30,15
"sm38k2fs2p","15",1,"never",40,15
"sm38k2fs2p","15",1,"defiers",0,15
"sm38k2fs2p","4",0,"compliers",0,4
"sm38k2fs2p","4",0,"always",75,4
"sm38k2fs2p","4",0,"never",25,4
"sm38k2fs2p","4",0,"defiers",0,4
"sm38k2fs2p","7",1,"compliers",20,7
"sm38k2fs2p","7",1,"always",30,7
"sm38k2fs2p","7",1,"never",50,7
"sm38k2fs2p","7",1,"defiers",0,7
"smmorv9t1c","1",1,"compliers",28,1
"smmorv9t1c","1",1,"always",20,1
"smmorv9t1c","1",1,"never",50,1
"smmorv9t1c","1",1,"defiers",2,1
"smmorv9t1c","2",0,"compliers",0,2
"smmorv9t1c","2",0,"always",50,2
"smmorv9t1c","2",0,"never",25,2
"smmorv9t1c","2",0,"defiers",25,2
"smmorv9t1c","5",1,"compliers",10,5
"smmorv9t1c","5",1,"always",45,5
"smmorv9t1c","5",1,"never",45,5
"smmorv9t1c","5",1,"defiers",0,5
"smmorv9t1c","9",1,"compliers",25,9
"smmorv9t1c","9",1,"always",35,9
"smmorv9t1c","9",1,"never",40,9
"smmorv9t1c","9",1,"defiers",0,9
"smmorv9t1c","3",0,"compliers",25,3
"smmorv9t1c","3",0,"always",50,3
"smmorv9t1c","3",0,"never",25,3
"smmorv9t1c","3",0,"defiers",0,3
"smmorv9t1c","10",1,"compliers",15,10
"smmorv9t1c","10",1,"always",65,10
"smmorv9t1c","10",1,"never",20,10
"smmorv9t1c","10",1,"defiers",0,10
"smmorv9t1c","22",0,"compliers",30,22
"smmorv9t1c","22",0,"always",35,22
"smmorv9t1c","22",0,"never",35,22
"smmorv9t1c","22",0,"defiers",0,22
"smmorv9t1c","4",0,"compliers",0,4
"smmorv9t1c","4",0,"always",50,4
"smmorv9t1c","4",0,"never",50,4
"smmorv9t1c","4",0,"defiers",0,4
"smmorv9t1c","20",1,"compliers",10,20
"smmorv9t1c","20",1,"always",55,20
"smmorv9t1c","20",1,"never",35,20
"smmorv9t1c","20",1,"defiers",0,20
"smmorv9t1c","17",0,"compliers",10,17
"smmorv9t1c","17",0,"always",50,17
"smmorv9t1c","17",0,"never",40,17
"smmorv9t1c","17",0,"defiers",0,17
"smmorv9t1c","19",0,"compliers",10,19
"smmorv9t1c","19",0,"always",50,19
"smmorv9t1c","19",0,"never",40,19
"smmorv9t1c","19",0,"defiers",0,19
"smmorv9t1c","15",1,"compliers",15,15
"smmorv9t1c","15",1,"always",55,15
"smmorv9t1c","15",1,"never",30,15
"smmorv9t1c","15",1,"defiers",0,15
"smmorv9t1c","16",1,"compliers",35,16
"smmorv9t1c","16",1,"always",45,16
"smmorv9t1c","16",1,"never",20,16
"smmorv9t1c","16",1,"defiers",0,16
"smmorv9t1c","6",0,"compliers",25,6
"smmorv9t1c","6",0,"always",50,6
"smmorv9t1c","6",0,"never",25,6
"smmorv9t1c","6",0,"defiers",0,6
"smmorv9t1c","14",0,"compliers",30,14
"smmorv9t1c","14",0,"always",35,14
"smmorv9t1c","14",0,"never",30,14
"smmorv9t1c","14",0,"defiers",5,14
"smmorv9t1c","11",0,"compliers",25,11
"smmorv9t1c","11",0,"always",60,11
"smmorv9t1c","11",0,"never",10,11
"smmorv9t1c","11",0,"defiers",5,11
"smmorv9t1c","13",0,"compliers",25,13
"smmorv9t1c","13",0,"always",50,13
"smmorv9t1c","13",0,"never",25,13
"smmorv9t1c","13",0,"defiers",0,13
"smmorv9t1c","8",0,"compliers",30,8
"smmorv9t1c","8",0,"always",55,8
"smmorv9t1c","8",0,"never",10,8
"smmorv9t1c","8",0,"defiers",5,8
"smmorv9t1c","18",1,"compliers",20,18
"smmorv9t1c","18",1,"always",50,18
"smmorv9t1c","18",1,"never",30,18
"smmorv9t1c","18",1,"defiers",0,18
"smmorv9t1c","7",1,"compliers",35,7
"smmorv9t1c","7",1,"always",45,7
"smmorv9t1c","7",1,"never",20,7
"smmorv9t1c","7",1,"defiers",0,7
"smmorv9t1c","12",1,"compliers",35,12
"smmorv9t1c","12",1,"always",50,12
"smmorv9t1c","12",1,"never",15,12
"smmorv9t1c","12",1,"defiers",0,12
"smmorv9t1c","21",1,"compliers",30,21
"smmorv9t1c","21",1,"always",50,21
"smmorv9t1c","21",1,"never",10,21
"smmorv9t1c","21",1,"defiers",10,21
"sp56dgat93","1",0,"compliers",10,1
"sp56dgat93","1",0,"always",40,1
"sp56dgat93","1",0,"never",50,1
"sp56dgat93","1",0,"defiers",0,1
"sp56dgat93","2",0,"compliers",0,2
"sp56dgat93","2",0,"always",50,2
"sp56dgat93","2",0,"never",50,2
"sp56dgat93","2",0,"defiers",0,2
"sp56dgat93","5",1,"compliers",10,5
"sp56dgat93","5",1,"always",40,5
"sp56dgat93","5",1,"never",50,5
"sp56dgat93","5",1,"defiers",0,5
"sp56dgat93","16",1,"compliers",20,16
"sp56dgat93","16",1,"always",50,16
"sp56dgat93","16",1,"never",30,16
"sp56dgat93","16",1,"defiers",0,16
"sp56dgat93","7",1,"compliers",10,7
"sp56dgat93","7",1,"always",50,7
"sp56dgat93","7",1,"never",40,7
"sp56dgat93","7",1,"defiers",0,7
"sp56dgat93","6",0,"compliers",0,6
"sp56dgat93","6",0,"always",50,6
"sp56dgat93","6",0,"never",50,6
"sp56dgat93","6",0,"defiers",0,6
"sp56dgat93","19",1,"compliers",30,19
"sp56dgat93","19",1,"always",20,19
"sp56dgat93","19",1,"never",50,19
"sp56dgat93","19",1,"defiers",0,19
"sp56dgat93","15",1,"compliers",20,15
"sp56dgat93","15",1,"always",50,15
"sp56dgat93","15",1,"never",30,15
"sp56dgat93","15",1,"defiers",0,15
"sp56dgat93","9",1,"compliers",10,9
"sp56dgat93","9",1,"always",50,9
"sp56dgat93","9",1,"never",40,9
"sp56dgat93","9",1,"defiers",0,9
"sp56dgat93","22",1,"compliers",40,22
"sp56dgat93","22",1,"always",30,22
"sp56dgat93","22",1,"never",30,22
"sp56dgat93","22",1,"defiers",0,22
"sp56dgat93","10",1,"compliers",10,10
"sp56dgat93","10",1,"always",50,10
"sp56dgat93","10",1,"never",40,10
"sp56dgat93","10",1,"defiers",0,10
"sp56dgat93","14",1,"compliers",20,14
"sp56dgat93","14",1,"always",50,14
"sp56dgat93","14",1,"never",30,14
"sp56dgat93","14",1,"defiers",0,14
"sp56dgat93","11",1,"compliers",20,11
"sp56dgat93","11",1,"always",40,11
"sp56dgat93","11",1,"never",40,11
"sp56dgat93","11",1,"defiers",0,11
"sp56dgat93","21",1,"compliers",40,21
"sp56dgat93","21",1,"always",30,21
"sp56dgat93","21",1,"never",30,21
"sp56dgat93","21",1,"defiers",0,21
"sp56dgat93","4",0,"compliers",0,4
"sp56dgat93","4",0,"always",50,4
"sp56dgat93","4",0,"never",50,4
"sp56dgat93","4",0,"defiers",0,4
"sp56dgat93","18",1,"compliers",20,18
"sp56dgat93","18",1,"always",30,18
"sp56dgat93","18",1,"never",50,18
"sp56dgat93","18",1,"defiers",0,18
"sp56dgat93","3",1,"compliers",0,3
"sp56dgat93","3",1,"always",50,3
"sp56dgat93","3",1,"never",50,3
"sp56dgat93","3",1,"defiers",0,3
"sp56dgat93","17",1,"compliers",20,17
"sp56dgat93","17",1,"always",30,17
"sp56dgat93","17",1,"never",50,17
"sp56dgat93","17",1,"defiers",0,17
"sp56dgat93","13",1,"compliers",20,13
"sp56dgat93","13",1,"always",50,13
"sp56dgat93","13",1,"never",30,13
"sp56dgat93","13",1,"defiers",0,13
"sp56dgat93","20",1,"compliers",30,20
"sp56dgat93","20",1,"always",20,20
"sp56dgat93","20",1,"never",50,20
"sp56dgat93","20",1,"defiers",0,20
"sp56dgat93","12",1,"compliers",20,12
"sp56dgat93","12",1,"always",40,12
"sp56dgat93","12",1,"never",40,12
"sp56dgat93","12",1,"defiers",0,12
"sp56dgat93","8",1,"compliers",10,8
"sp56dgat93","8",1,"always",50,8
"sp56dgat93","8",1,"never",40,8
"sp56dgat93","8",1,"defiers",0,8
"syyoseby16","1",1,"compliers",30,1
"syyoseby16","1",1,"always",30,1
"syyoseby16","1",1,"never",40,1
"syyoseby16","1",1,"defiers",NA,1
"syyoseby16","2",0,"compliers",0,2
"syyoseby16","2",0,"always",50,2
"syyoseby16","2",0,"never",50,2
"syyoseby16","2",0,"defiers",0,2
"syyoseby16","12",1,"compliers",20,12
"syyoseby16","12",1,"always",40,12
"syyoseby16","12",1,"never",40,12
"syyoseby16","12",1,"defiers",NA,12
"syyoseby16","10",1,"compliers",20,10
"syyoseby16","10",1,"always",40,10
"syyoseby16","10",1,"never",30,10
"syyoseby16","10",1,"defiers",10,10
"syyoseby16","13",1,"compliers",20,13
"syyoseby16","13",1,"always",50,13
"syyoseby16","13",1,"never",30,13
"syyoseby16","13",1,"defiers",0,13
"syyoseby16","14",1,"compliers",15,14
"syyoseby16","14",1,"always",50,14
"syyoseby16","14",1,"never",30,14
"syyoseby16","14",1,"defiers",5,14
"syyoseby16","15",1,"compliers",20,15
"syyoseby16","15",1,"always",50,15
"syyoseby16","15",1,"never",30,15
"syyoseby16","15",1,"defiers",NA,15
"syyoseby16","6",0,"compliers",0,6
"syyoseby16","6",0,"always",40,6
"syyoseby16","6",0,"never",60,6
"syyoseby16","6",0,"defiers",0,6
"syyoseby16","19",1,"compliers",30,19
"syyoseby16","19",1,"always",50,19
"syyoseby16","19",1,"never",20,19
"syyoseby16","19",1,"defiers",NA,19
"syyoseby16","5",1,"compliers",10,5
"syyoseby16","5",1,"always",40,5
"syyoseby16","5",1,"never",50,5
"syyoseby16","5",1,"defiers",NA,5
"syyoseby16","22",1,"compliers",50,22
"syyoseby16","22",1,"always",30,22
"syyoseby16","22",1,"never",10,22
"syyoseby16","22",1,"defiers",10,22
"syyoseby16","9",1,"compliers",30,9
"syyoseby16","9",1,"always",40,9
"syyoseby16","9",1,"never",30,9
"syyoseby16","9",1,"defiers",NA,9
"syyoseby16","8",0,"compliers",0,8
"syyoseby16","8",0,"always",40,8
"syyoseby16","8",0,"never",40,8
"syyoseby16","8",0,"defiers",20,8
"syyoseby16","18",1,"compliers",30,18
"syyoseby16","18",1,"always",30,18
"syyoseby16","18",1,"never",40,18
"syyoseby16","18",1,"defiers",NA,18
"syyoseby16","3",1,"compliers",10,3
"syyoseby16","3",1,"always",40,3
"syyoseby16","3",1,"never",50,3
"syyoseby16","3",1,"defiers",NA,3
"syyoseby16","11",1,"compliers",20,11
"syyoseby16","11",1,"always",40,11
"syyoseby16","11",1,"never",40,11
"syyoseby16","11",1,"defiers",NA,11
"syyoseby16","17",1,"compliers",20,17
"syyoseby16","17",1,"always",30,17
"syyoseby16","17",1,"never",50,17
"syyoseby16","17",1,"defiers",NA,17
"syyoseby16","7",1,"compliers",10,7
"syyoseby16","7",1,"always",50,7
"syyoseby16","7",1,"never",40,7
"syyoseby16","7",1,"defiers",NA,7
"syyoseby16","16",1,"compliers",20,16
"syyoseby16","16",1,"always",40,16
"syyoseby16","16",1,"never",40,16
"syyoseby16","16",1,"defiers",NA,16
"syyoseby16","21",1,"compliers",50,21
"syyoseby16","21",1,"always",20,21
"syyoseby16","21",1,"never",30,21
"syyoseby16","21",1,"defiers",NA,21
"syyoseby16","4",1,"compliers",0,4
"syyoseby16","4",1,"always",50,4
"syyoseby16","4",1,"never",50,4
"syyoseby16","4",1,"defiers",0,4
"syyoseby16","20",1,"compliers",30,20
"syyoseby16","20",1,"always",20,20
"syyoseby16","20",1,"never",50,20
"syyoseby16","20",1,"defiers",NA,20
"urln1194zm","1",1,"compliers",50,1
"urln1194zm","1",1,"always",0,1
"urln1194zm","1",1,"never",50,1
"urln1194zm","1",1,"defiers",0,1
"urln1194zm","2",0,"compliers",0,2
"urln1194zm","2",0,"always",25,2
"urln1194zm","2",0,"never",25,2
"urln1194zm","2",0,"defiers",50,2
"urln1194zm","8",0,"compliers",20,8
"urln1194zm","8",0,"always",20,8
"urln1194zm","8",0,"never",0,8
"urln1194zm","8",0,"defiers",60,8
"urln1194zm","17",1,"compliers",50,17
"urln1194zm","17",1,"always",30,17
"urln1194zm","17",1,"never",20,17
"urln1194zm","17",1,"defiers",0,17
"urln1194zm","10",0,"compliers",40,10
"urln1194zm","10",0,"always",25,10
"urln1194zm","10",0,"never",10,10
"urln1194zm","10",0,"defiers",25,10
"urln1194zm","9",1,"compliers",50,9
"urln1194zm","9",1,"always",10,9
"urln1194zm","9",1,"never",40,9
"urln1194zm","9",1,"defiers",0,9
"urln1194zm","12",0,"compliers",40,12
"urln1194zm","12",0,"always",10,12
"urln1194zm","12",0,"never",50,12
"urln1194zm","12",0,"defiers",0,12
"urln1194zm","20",0,"compliers",50,20
"urln1194zm","20",0,"always",0,20
"urln1194zm","20",0,"never",0,20
"urln1194zm","20",0,"defiers",50,20
"urln1194zm","13",1,"compliers",10,13
"urln1194zm","13",1,"always",40,13
"urln1194zm","13",1,"never",50,13
"urln1194zm","13",1,"defiers",0,13
"urln1194zm","14",0,"compliers",10,14
"urln1194zm","14",0,"always",40,14
"urln1194zm","14",0,"never",25,14
"urln1194zm","14",0,"defiers",25,14
"urln1194zm","15",1,"compliers",40,15
"urln1194zm","15",1,"always",35,15
"urln1194zm","15",1,"never",25,15
"urln1194zm","15",1,"defiers",0,15
"urln1194zm","11",1,"compliers",40,11
"urln1194zm","11",1,"always",40,11
"urln1194zm","11",1,"never",20,11
"urln1194zm","11",1,"defiers",0,11
"urln1194zm","22",1,"compliers",40,22
"urln1194zm","22",1,"always",15,22
"urln1194zm","22",1,"never",15,22
"urln1194zm","22",1,"defiers",30,22
"urln1194zm","4",0,"compliers",0,4
"urln1194zm","4",0,"always",50,4
"urln1194zm","4",0,"never",50,4
"urln1194zm","4",0,"defiers",0,4
"urln1194zm","21",0,"compliers",30,21
"urln1194zm","21",0,"always",50,21
"urln1194zm","21",0,"never",0,21
"urln1194zm","21",0,"defiers",20,21
"urln1194zm","7",0,"compliers",10,7
"urln1194zm","7",0,"always",50,7
"urln1194zm","7",0,"never",40,7
"urln1194zm","7",0,"defiers",0,7
"urln1194zm","6",0,"compliers",0,6
"urln1194zm","6",0,"always",50,6
"urln1194zm","6",0,"never",50,6
"urln1194zm","6",0,"defiers",0,6
"urln1194zm","3",0,"compliers",0,3
"urln1194zm","3",0,"always",50,3
"urln1194zm","3",0,"never",0,3
"urln1194zm","3",0,"defiers",50,3
"urln1194zm","18",0,"compliers",0,18
"urln1194zm","18",0,"always",50,18
"urln1194zm","18",0,"never",20,18
"urln1194zm","18",0,"defiers",30,18
"urln1194zm","5",1,"compliers",55,5
"urln1194zm","5",1,"always",0,5
"urln1194zm","5",1,"never",0,5
"urln1194zm","5",1,"defiers",45,5
"urln1194zm","16",0,"compliers",0,16
"urln1194zm","16",0,"always",50,16
"urln1194zm","16",0,"never",20,16
"urln1194zm","16",0,"defiers",30,16
"urln1194zm","19",1,"compliers",50,19
"urln1194zm","19",1,"always",30,19
"urln1194zm","19",1,"never",20,19
"urln1194zm","19",1,"defiers",0,19
"wbjp7ygs3v","1",1,"compliers",100,1
"wbjp7ygs3v","1",1,"always",0,1
"wbjp7ygs3v","1",1,"never",0,1
"wbjp7ygs3v","1",1,"defiers",0,1
"wbjp7ygs3v","2",0,"compliers",25,2
"wbjp7ygs3v","2",0,"always",25,2
"wbjp7ygs3v","2",0,"never",25,2
"wbjp7ygs3v","2",0,"defiers",25,2
"wbjp7ygs3v","5",0,"compliers",30,5
"wbjp7ygs3v","5",0,"always",20,5
"wbjp7ygs3v","5",0,"never",30,5
"wbjp7ygs3v","5",0,"defiers",20,5
"wbjp7ygs3v","4",0,"compliers",25,4
"wbjp7ygs3v","4",0,"always",25,4
"wbjp7ygs3v","4",0,"never",25,4
"wbjp7ygs3v","4",0,"defiers",25,4
"wbjp7ygs3v","12",0,"compliers",40,12
"wbjp7ygs3v","12",0,"always",20,12
"wbjp7ygs3v","12",0,"never",20,12
"wbjp7ygs3v","12",0,"defiers",20,12
"wbjp7ygs3v","6",0,"compliers",25,6
"wbjp7ygs3v","6",0,"always",25,6
"wbjp7ygs3v","6",0,"never",25,6
"wbjp7ygs3v","6",0,"defiers",25,6
"wbjp7ygs3v","14",0,"compliers",40,14
"wbjp7ygs3v","14",0,"always",30,14
"wbjp7ygs3v","14",0,"never",10,14
"wbjp7ygs3v","14",0,"defiers",20,14
"wbjp7ygs3v","17",1,"compliers",30,17
"wbjp7ygs3v","17",1,"always",20,17
"wbjp7ygs3v","17",1,"never",40,17
"wbjp7ygs3v","17",1,"defiers",10,17
"wbjp7ygs3v","10",1,"compliers",40,10
"wbjp7ygs3v","10",1,"always",20,10
"wbjp7ygs3v","10",1,"never",30,10
"wbjp7ygs3v","10",1,"defiers",10,10
"wbjp7ygs3v","20",1,"compliers",40,20
"wbjp7ygs3v","20",1,"always",20,20
"wbjp7ygs3v","20",1,"never",20,20
"wbjp7ygs3v","20",1,"defiers",20,20
"wbjp7ygs3v","15",0,"compliers",40,15
"wbjp7ygs3v","15",0,"always",20,15
"wbjp7ygs3v","15",0,"never",20,15
"wbjp7ygs3v","15",0,"defiers",20,15
"wbjp7ygs3v","18",1,"compliers",40,18
"wbjp7ygs3v","18",1,"always",20,18
"wbjp7ygs3v","18",1,"never",20,18
"wbjp7ygs3v","18",1,"defiers",20,18
"wbjp7ygs3v","7",0,"compliers",30,7
"wbjp7ygs3v","7",0,"always",20,7
"wbjp7ygs3v","7",0,"never",25,7
"wbjp7ygs3v","7",0,"defiers",25,7
"wbjp7ygs3v","19",0,"compliers",40,19
"wbjp7ygs3v","19",0,"always",20,19
"wbjp7ygs3v","19",0,"never",20,19
"wbjp7ygs3v","19",0,"defiers",20,19
"wbjp7ygs3v","9",0,"compliers",30,9
"wbjp7ygs3v","9",0,"always",20,9
"wbjp7ygs3v","9",0,"never",25,9
"wbjp7ygs3v","9",0,"defiers",25,9
"wbjp7ygs3v","22",1,"compliers",40,22
"wbjp7ygs3v","22",1,"always",20,22
"wbjp7ygs3v","22",1,"never",20,22
"wbjp7ygs3v","22",1,"defiers",20,22
"wbjp7ygs3v","8",0,"compliers",30,8
"wbjp7ygs3v","8",0,"always",20,8
"wbjp7ygs3v","8",0,"never",25,8
"wbjp7ygs3v","8",0,"defiers",25,8
"wbjp7ygs3v","16",0,"compliers",40,16
"wbjp7ygs3v","16",0,"always",20,16
"wbjp7ygs3v","16",0,"never",20,16
"wbjp7ygs3v","16",0,"defiers",20,16
"wbjp7ygs3v","21",1,"compliers",40,21
"wbjp7ygs3v","21",1,"always",20,21
"wbjp7ygs3v","21",1,"never",20,21
"wbjp7ygs3v","21",1,"defiers",20,21
"wbjp7ygs3v","11",0,"compliers",30,11
"wbjp7ygs3v","11",0,"always",20,11
"wbjp7ygs3v","11",0,"never",25,11
"wbjp7ygs3v","11",0,"defiers",25,11
"wbjp7ygs3v","3",0,"compliers",25,3
"wbjp7ygs3v","3",0,"always",25,3
"wbjp7ygs3v","3",0,"never",25,3
"wbjp7ygs3v","3",0,"defiers",25,3
"wbjp7ygs3v","13",0,"compliers",30,13
"wbjp7ygs3v","13",0,"always",20,13
"wbjp7ygs3v","13",0,"never",25,13
"wbjp7ygs3v","13",0,"defiers",25,13
"xdrz122ebr","1",0,"compliers",5,1
"xdrz122ebr","1",0,"always",40,1
"xdrz122ebr","1",0,"never",55,1
"xdrz122ebr","1",0,"defiers",0,1
"xdrz122ebr","2",0,"compliers",0,2
"xdrz122ebr","2",0,"always",40,2
"xdrz122ebr","2",0,"never",40,2
"xdrz122ebr","2",0,"defiers",20,2
"xdrz122ebr","15",1,"compliers",60,15
"xdrz122ebr","15",1,"always",20,15
"xdrz122ebr","15",1,"never",20,15
"xdrz122ebr","15",1,"defiers",0,15
"xdrz122ebr","19",1,"compliers",10,19
"xdrz122ebr","19",1,"always",10,19
"xdrz122ebr","19",1,"never",80,19
"xdrz122ebr","19",1,"defiers",0,19
"xdrz122ebr","10",1,"compliers",20,10
"xdrz122ebr","10",1,"always",60,10
"xdrz122ebr","10",1,"never",20,10
"xdrz122ebr","10",1,"defiers",0,10
"xdrz122ebr","6",0,"compliers",0,6
"xdrz122ebr","6",0,"always",20,6
"xdrz122ebr","6",0,"never",80,6
"xdrz122ebr","6",0,"defiers",0,6
"xdrz122ebr","5",0,"compliers",5,5
"xdrz122ebr","5",0,"always",15,5
"xdrz122ebr","5",0,"never",60,5
"xdrz122ebr","5",0,"defiers",20,5
"xdrz122ebr","22",1,"compliers",40,22
"xdrz122ebr","22",1,"always",30,22
"xdrz122ebr","22",1,"never",30,22
"xdrz122ebr","22",1,"defiers",0,22
"xdrz122ebr","17",1,"compliers",5,17
"xdrz122ebr","17",1,"always",15,17
"xdrz122ebr","17",1,"never",80,17
"xdrz122ebr","17",1,"defiers",0,17
"xdrz122ebr","12",1,"compliers",20,12
"xdrz122ebr","12",1,"always",50,12
"xdrz122ebr","12",1,"never",30,12
"xdrz122ebr","12",1,"defiers",0,12
"xdrz122ebr","18",1,"compliers",15,18
"xdrz122ebr","18",1,"always",25,18
"xdrz122ebr","18",1,"never",60,18
"xdrz122ebr","18",1,"defiers",0,18
"xdrz122ebr","13",0,"compliers",10,13
"xdrz122ebr","13",0,"always",30,13
"xdrz122ebr","13",0,"never",50,13
"xdrz122ebr","13",0,"defiers",10,13
"xdrz122ebr","21",1,"compliers",40,21
"xdrz122ebr","21",1,"always",30,21
"xdrz122ebr","21",1,"never",30,21
"xdrz122ebr","21",1,"defiers",0,21
"xdrz122ebr","20",1,"compliers",20,20
"xdrz122ebr","20",1,"always",50,20
"xdrz122ebr","20",1,"never",30,20
"xdrz122ebr","20",1,"defiers",0,20
"xdrz122ebr","11",0,"compliers",5,11
"xdrz122ebr","11",0,"always",35,11
"xdrz122ebr","11",0,"never",55,11
"xdrz122ebr","11",0,"defiers",5,11
"xdrz122ebr","8",0,"compliers",5,8
"xdrz122ebr","8",0,"always",25,8
"xdrz122ebr","8",0,"never",40,8
"xdrz122ebr","8",0,"defiers",30,8
"xdrz122ebr","14",1,"compliers",15,14
"xdrz122ebr","14",1,"always",40,14
"xdrz122ebr","14",1,"never",40,14
"xdrz122ebr","14",1,"defiers",5,14
"xdrz122ebr","16",1,"compliers",10,16
"xdrz122ebr","16",1,"always",70,16
"xdrz122ebr","16",1,"never",20,16
"xdrz122ebr","16",1,"defiers",0,16
"xdrz122ebr","4",0,"compliers",0,4
"xdrz122ebr","4",0,"always",70,4
"xdrz122ebr","4",0,"never",30,4
"xdrz122ebr","4",0,"defiers",0,4
"xdrz122ebr","7",0,"compliers",5,7
"xdrz122ebr","7",0,"always",55,7
"xdrz122ebr","7",0,"never",40,7
"xdrz122ebr","7",0,"defiers",0,7
"xdrz122ebr","3",0,"compliers",0,3
"xdrz122ebr","3",0,"always",50,3
"xdrz122ebr","3",0,"never",50,3
"xdrz122ebr","3",0,"defiers",0,3
"xdrz122ebr","9",0,"compliers",5,9
"xdrz122ebr","9",0,"always",55,9
"xdrz122ebr","9",0,"never",40,9
"xdrz122ebr","9",0,"defiers",0,9
