P(y|x),P(y|x'),P(y|do(x)),P(y|do(x')),β,γ,θ,δ,lower,upper,obj,width
1,0,0.5,0.4,9.5,-0.5,-0.5,-20.5,0.5,0.5,0.5,0
0,1,0.5,0.5,9.5,-0.5,-0.5,-20.5,-0.5,-0.5,-0.5,0
1,0,0.5,0.5,9.5,-0.5,-0.5,-20.5,-0.5,-0.5,-0.5,0
1,1,0.5,0.5,9.5,-0.5,-0.5,-20.5,-5.5,-5.5,-5.5,0
0,0,0.5,0.4,9.5,-0.5,-0.5,-20.5,-3.5,-3.5,-3.5,0
0,0,0.5,0.5,9.5,-0.5,-0.5,-20.5,-5.5,-5.5,-5.5,0
0.2,0,0.6,0.5,9.5,-0.5,-0.5,-20.5,-3.5,-3.5,-3.5,0
0.2,1,0.6,0.5,9.5,-0.5,-0.5,-20.5,0.5,0.5,0.5,0
1,0,0.6,0.5,9.5,-0.5,-0.5,-20.5,0.5,0.5,0.5,0
1,1,0.6,0.5,9.5,-0.5,-0.5,-20.5,-3.5,-3.5,-3.5,0
0.2,0,0.6,0.4,9.5,-0.5,-0.5,-20.5,-2.5,-1.5,-2,1
1,0,0.6,0.4,9.5,-0.5,-0.5,-20.5,1.5,1.5,1.5,0
0.4,0,0.7,0.5,9.5,-0.5,-0.5,-20.5,-1.5,-1.5,-1.5,0
0.4,1,0.7,0.5,9.5,-0.5,-0.5,-20.5,1.5,1.5,1.5,0
1,0,0.7,0.5,9.5,-0.5,-0.5,-20.5,1.5,1.5,1.5,0
1,1,0.7,0.5,9.5,-0.5,-0.5,-20.5,-1.5,-1.5,-1.5,0
0,0,0.5,0.3,9.5,-0.5,-0.5,-20.5,-1.5,-1.5,-1.5,0
1,0,0.5,0.3,9.5,-0.5,-0.5,-20.5,1.5,1.5,1.5,0
0,0,0.5,0.2,9.5,-0.5,-0.5,-20.5,0.5,0.5,0.5,0
1,0,0.5,0.2,9.5,-0.5,-0.5,-20.5,2.5,2.5,2.5,0
1,0,0.7,0.3,9.5,-0.5,-0.5,-20.5,3.5,3.5,3.5,0
1,0.6,0.7,0.3,9.5,-0.5,-0.5,-20.5,0.5,2.5,1.5,2