workerid,prolific_participant_id
569,5eaecc764f192c59d0e8de52
497,5cc8f511f24f6c001c1692a9
483,6144f7e2bf25aad25ae610a1
550,615dbf4d53391282dcaaa772
553,5832fa8996ecce0001d65197
536,5dd3eb4bc0823f3d043b96fb
579,5f4af15a0add63150e16e55a
479,594425f07ccfd00001d3f462
493,5c2fcf0aa945190001be8c68
594,5a6f71ad82968f0001a69d1c
484,592bb32c943e670001cde123
578,616478b1b8f606731ac1d6d5
472,5c2826f3065b1800015d1f42
546,5f4e74b1ade9a50467c527dd
495,5685850c333cbd000d4e042f
561,5d2a068fd7d4940019e63136
499,5f565f889df06007662eaa84
577,5bcbde9d08a62c0001f86bd0
563,61438982b4488a53bfb70f02
501,57027c1f68c641000e0c8970
488,5a51ba7676d1c60001aaa660
556,569298838d93fe000dfa033c
519,5c2f7a01c5b00a0001f3e52f
534,5a64417931b87a0001c6f48b
511,5bf56b6c8f12ac00018af6e2
573,5ec74032fa02b71929197051
559,5f2a13417b4ac51dc95d38c1
477,6120602a67554358bbd53c9d
491,55c4fc3dfdf99b559867a416
475,5beb92fbe0a3940001543d8c
522,5deb638bff7f7126d6fb5142
509,5b5e7e643bac1d0001f9bf28
470,60a4291d14136e00bc3db025
574,5f55761d9254dc143b167d4e
571,5c2d187569ceff00011417de
524,558afa29fdf99b7dfdbac1c6
540,5dd438b65a40f24302c09c2d
565,5eb313d87a289b0f847a7752
503,5dd405ab80123f3eaae9af80
580,56875435369319000c26947d
544,605f7137ced691969045c606
487,5d83c1e911cb3a0001570ea4
548,62029779ef1cb18a1337c0f7
584,6089f9395df63122851cd89c
505,60a1b8df69c606f894a49a33
581,616730c2fcccd11c127d9940
590,5e3d8d90de328d044e7c6ffb
567,5f456942485340144549178e
593,6168a697ae9f4d8dcfada29b
515,611830fe665c7b68723910b3
492,5fa45d41eb5d570b4841254d
592,59cf062758b71700019882d4
542,606e3ddf19540080228e3a0c
490,61036b968e883dc6b02687e4
494,5c054e8a553fb800011917d7
506,61005b49f8382e2e24f00ef0
564,5c6d5477e8833000015244ad
518,5cb0affbd4a95c0015492ad9
510,6115902def1430be1b35a3e1
502,5ede3d2ef7c9f9068776c4d2
587,607a7c3112ff1d9371319ed6
551,5c3faea48cb6f5000180c64b
549,5bc0ac845a09ea00012e2d30
591,57d1d04593d4400001cdc0db
504,5b170a8bdbae3e00017e6c11
572,558a354dfdf99b2d7699abd4
474,5e3e54f69e51f80b67c1cc06
557,62029959ef1cb18a1337c447
471,5caeb56feb05440017fd4817
547,548491acfdf99b0379939cc0
496,5f4d07b4fae27694de8f5af1
589,5f865e9ac5be471b63865294
521,6038f5384e3f32329c75d9ea
535,6237bbb045247e87198d491d
560,60e25008f1ecf0be303353bb
520,5e8a1827052175000938eb91
478,5e84bd7c34d5d9072128fac1
583,54924b8efdf99b77ccedc1d5
558,5fec06ae197628d566cdc782
586,61138937023e260faf9d04b4
480,5c57c06ed05b82000139682e
575,5fe76396a4feb05bf1629a6c
486,5f053720c017078437e04818
533,60fdd69df07af0302d9ce2de
529,5f75285712d5ca1a99723b3a
555,5c01d3c509e9c70001500b10
588,56d0901c197fb1000b2348ee
554,5f13cd9693d2ed043a5e7c96
570,614f22dfa54d9361b45c3052
543,6108a16de042d53ddc7407b8
566,60fed38a8adb46e44e0869a5
489,615366914bfb3d9509710cba
523,5fb3cbedb3cc10000a19c09d
539,5cba1809102bd400130c19e7
473,614ca7f8fc7cba1b74101bfe
528,5ed17f22e1dc340c98fd6bc7
545,5c7e91c1973c990016ea72b0
498,601606098a88c4772f7db43c
537,5bbeb9e16322c500015ae44c
508,6081dada045150a0244f6534
