workerid,proliferate.condition,button_pressed,trial,error
569,observational_left_feedback,0,1,
569,observational_left_feedback,0,2,
569,observational_left_feedback,0,17,
569,observational_left_feedback,1,22,
569,observational_left_feedback,0,19,
569,observational_left_feedback,1,4,
569,observational_left_feedback,1,7,
569,observational_left_feedback,1,10,
569,observational_left_feedback,0,6,
569,observational_left_feedback,1,18,
569,observational_left_feedback,1,21,
569,observational_left_feedback,1,15,
569,observational_left_feedback,1,12,
569,observational_left_feedback,0,16,
569,observational_left_feedback,0,14,
569,observational_left_feedback,1,8,
569,observational_left_feedback,1,3,
569,observational_left_feedback,1,11,
569,observational_left_feedback,1,20,
569,observational_left_feedback,1,9,
569,observational_left_feedback,1,13,
569,observational_left_feedback,1,5,
497,observational_left_feedback,0,1,
497,observational_left_feedback,0,2,
497,observational_left_feedback,0,8,
497,observational_left_feedback,1,12,
497,observational_left_feedback,1,3,
497,observational_left_feedback,1,6,
497,observational_left_feedback,1,18,
497,observational_left_feedback,1,10,
497,observational_left_feedback,1,11,
497,observational_left_feedback,1,13,
497,observational_left_feedback,1,9,
497,observational_left_feedback,1,15,
497,observational_left_feedback,0,19,
497,observational_left_feedback,1,7,
497,observational_left_feedback,1,5,
497,observational_left_feedback,0,17,
497,observational_left_feedback,1,20,
497,observational_left_feedback,1,22,
497,observational_left_feedback,0,14,
497,observational_left_feedback,1,21,
497,observational_left_feedback,1,16,
497,observational_left_feedback,0,4,
483,observational_left_feedback,0,1,
483,observational_left_feedback,0,2,
483,observational_left_feedback,0,13,
483,observational_left_feedback,0,14,
483,observational_left_feedback,0,21,
483,observational_left_feedback,1,12,
483,observational_left_feedback,1,22,
483,observational_left_feedback,1,17,
483,observational_left_feedback,0,6,
483,observational_left_feedback,0,4,
483,observational_left_feedback,0,5,
483,observational_left_feedback,0,7,
483,observational_left_feedback,1,10,
483,observational_left_feedback,0,9,
483,observational_left_feedback,0,11,
483,observational_left_feedback,0,8,
483,observational_left_feedback,0,15,
483,observational_left_feedback,1,16,
483,observational_left_feedback,0,3,
483,observational_left_feedback,0,20,
483,observational_left_feedback,0,18,
483,observational_left_feedback,0,19,
550,observational_left_feedback,1,1,
550,observational_left_feedback,0,2,
550,observational_left_feedback,0,8,
550,observational_left_feedback,1,19,
550,observational_left_feedback,0,4,
550,observational_left_feedback,0,3,
550,observational_left_feedback,0,16,
550,observational_left_feedback,1,11,
550,observational_left_feedback,0,12,
550,observational_left_feedback,1,5,
550,observational_left_feedback,1,17,
550,observational_left_feedback,0,21,
550,observational_left_feedback,0,6,
550,observational_left_feedback,0,20,
550,observational_left_feedback,0,14,
550,observational_left_feedback,0,9,
550,observational_left_feedback,0,22,
550,observational_left_feedback,1,15,
550,observational_left_feedback,0,10,
550,observational_left_feedback,0,18,
550,observational_left_feedback,1,13,
550,observational_left_feedback,1,7,
553,observational_left_feedback,0,1,
553,observational_left_feedback,0,2,
553,observational_left_feedback,0,5,
553,observational_left_feedback,0,20,
553,observational_left_feedback,1,17,
553,observational_left_feedback,1,19,
553,observational_left_feedback,0,18,
553,observational_left_feedback,1,7,
553,observational_left_feedback,0,14,
553,observational_left_feedback,0,8,
553,observational_left_feedback,1,6,
553,observational_left_feedback,1,21,
553,observational_left_feedback,1,3,
553,observational_left_feedback,1,9,
553,observational_left_feedback,1,16,
553,observational_left_feedback,1,13,
553,observational_left_feedback,1,15,
553,observational_left_feedback,1,12,
553,observational_left_feedback,1,11,
553,observational_left_feedback,1,22,
553,observational_left_feedback,1,10,
553,observational_left_feedback,0,4,
536,observational_left_feedback,1,1,
536,observational_left_feedback,0,2,
536,observational_left_feedback,0,14,
536,observational_left_feedback,1,11,
536,observational_left_feedback,1,5,
536,observational_left_feedback,0,17,
536,observational_left_feedback,0,4,
536,observational_left_feedback,0,7,
536,observational_left_feedback,0,15,
536,observational_left_feedback,0,6,
536,observational_left_feedback,0,8,
536,observational_left_feedback,1,10,
536,observational_left_feedback,1,22,
536,observational_left_feedback,1,13,
536,observational_left_feedback,1,16,
536,observational_left_feedback,1,18,
536,observational_left_feedback,0,3,
536,observational_left_feedback,0,20,
536,observational_left_feedback,1,21,
536,observational_left_feedback,0,9,
536,observational_left_feedback,1,19,
536,observational_left_feedback,1,12,
579,observational_left_feedback,0,1,
579,observational_left_feedback,0,2,
579,observational_left_feedback,1,17,
579,observational_left_feedback,1,7,
579,observational_left_feedback,1,9,
579,observational_left_feedback,1,18,
579,observational_left_feedback,1,13,
579,observational_left_feedback,1,19,
579,observational_left_feedback,0,6,
579,observational_left_feedback,1,10,
579,observational_left_feedback,1,12,
579,observational_left_feedback,0,8,
579,observational_left_feedback,1,20,
579,observational_left_feedback,1,11,
579,observational_left_feedback,0,3,
579,observational_left_feedback,1,16,
579,observational_left_feedback,0,4,
579,observational_left_feedback,1,14,
579,observational_left_feedback,1,22,
579,observational_left_feedback,0,5,
579,observational_left_feedback,1,21,
579,observational_left_feedback,1,15,
479,observational_left_feedback,0,1,
479,observational_left_feedback,0,2,
479,observational_left_feedback,0,10,
479,observational_left_feedback,0,14,
479,observational_left_feedback,1,21,
479,observational_left_feedback,0,11,
479,observational_left_feedback,1,15,
479,observational_left_feedback,0,5,
479,observational_left_feedback,1,22,
479,observational_left_feedback,0,7,
479,observational_left_feedback,1,16,
479,observational_left_feedback,0,19,
479,observational_left_feedback,0,12,
479,observational_left_feedback,1,3,
479,observational_left_feedback,1,9,
479,observational_left_feedback,0,8,
479,observational_left_feedback,1,6,
479,observational_left_feedback,1,18,
479,observational_left_feedback,0,13,
479,observational_left_feedback,0,17,
479,observational_left_feedback,1,20,
479,observational_left_feedback,1,4,
493,observational_left_feedback,1,1,
493,observational_left_feedback,0,2,
493,observational_left_feedback,1,21,
493,observational_left_feedback,0,17,
493,observational_left_feedback,0,14,
493,observational_left_feedback,1,18,
493,observational_left_feedback,1,3,
493,observational_left_feedback,1,10,
493,observational_left_feedback,1,20,
493,observational_left_feedback,0,13,
493,observational_left_feedback,0,7,
493,observational_left_feedback,1,9,
493,observational_left_feedback,1,5,
493,observational_left_feedback,0,8,
493,observational_left_feedback,1,12,
493,observational_left_feedback,1,22,
493,observational_left_feedback,1,6,
493,observational_left_feedback,1,19,
493,observational_left_feedback,1,15,
493,observational_left_feedback,1,11,
493,observational_left_feedback,1,16,
493,observational_left_feedback,1,4,
594,observational_left_feedback,1,1,
594,observational_left_feedback,0,2,
594,observational_left_feedback,0,21,
594,observational_left_feedback,0,22,
594,observational_left_feedback,1,16,
594,observational_left_feedback,1,7,
594,observational_left_feedback,1,20,
594,observational_left_feedback,1,9,
594,observational_left_feedback,1,3,
594,observational_left_feedback,1,13,
594,observational_left_feedback,0,12,
594,observational_left_feedback,1,19,
594,observational_left_feedback,1,5,
594,observational_left_feedback,1,8,
594,observational_left_feedback,1,10,
594,observational_left_feedback,0,11,
594,observational_left_feedback,1,15,
594,observational_left_feedback,0,4,
594,observational_left_feedback,1,14,
594,observational_left_feedback,1,17,
594,observational_left_feedback,1,6,
594,observational_left_feedback,1,18,
484,observational_left_feedback,0,1,
484,observational_left_feedback,0,2,
484,observational_left_feedback,1,17,
484,observational_left_feedback,0,21,
484,observational_left_feedback,1,15,
484,observational_left_feedback,1,11,
484,observational_left_feedback,1,5,
484,observational_left_feedback,1,18,
484,observational_left_feedback,0,20,
484,observational_left_feedback,1,16,
484,observational_left_feedback,1,10,
484,observational_left_feedback,1,4,
484,observational_left_feedback,1,14,
484,observational_left_feedback,1,6,
484,observational_left_feedback,1,22,
484,observational_left_feedback,0,19,
484,observational_left_feedback,0,12,
484,observational_left_feedback,0,7,
484,observational_left_feedback,1,13,
484,observational_left_feedback,1,9,
484,observational_left_feedback,1,3,
484,observational_left_feedback,1,8,
578,observational_left_feedback,1,1,
578,observational_left_feedback,1,2,
578,observational_left_feedback,1,13,
578,observational_left_feedback,1,11,
578,observational_left_feedback,1,12,
578,observational_left_feedback,1,16,
578,observational_left_feedback,1,9,
578,observational_left_feedback,0,3,
578,observational_left_feedback,1,8,
578,observational_left_feedback,1,7,
578,observational_left_feedback,1,22,
578,observational_left_feedback,1,21,
578,observational_left_feedback,0,10,
578,observational_left_feedback,0,4,
578,observational_left_feedback,0,18,
578,observational_left_feedback,1,5,
578,observational_left_feedback,0,14,
578,observational_left_feedback,1,17,
578,observational_left_feedback,0,20,
578,observational_left_feedback,1,6,
578,observational_left_feedback,1,19,
578,observational_left_feedback,1,15,
472,observational_left_feedback,1,1,
472,observational_left_feedback,1,2,
472,observational_left_feedback,0,18,
472,observational_left_feedback,1,6,
472,observational_left_feedback,1,5,
472,observational_left_feedback,1,3,
472,observational_left_feedback,1,11,
472,observational_left_feedback,1,17,
472,observational_left_feedback,1,19,
472,observational_left_feedback,0,16,
472,observational_left_feedback,0,10,
472,observational_left_feedback,1,15,
472,observational_left_feedback,0,4,
472,observational_left_feedback,1,9,
472,observational_left_feedback,0,14,
472,observational_left_feedback,1,12,
472,observational_left_feedback,0,8,
472,observational_left_feedback,1,7,
472,observational_left_feedback,1,13,
472,observational_left_feedback,1,21,
472,observational_left_feedback,0,22,
472,observational_left_feedback,1,20,
546,observational_left_feedback,0,1,
546,observational_left_feedback,0,2,
546,observational_left_feedback,0,6,
546,observational_left_feedback,1,22,
546,observational_left_feedback,1,4,
546,observational_left_feedback,1,20,
546,observational_left_feedback,0,8,
546,observational_left_feedback,1,7,
546,observational_left_feedback,1,15,
546,observational_left_feedback,1,3,
546,observational_left_feedback,0,11,
546,observational_left_feedback,0,14,
546,observational_left_feedback,0,5,
546,observational_left_feedback,1,12,
546,observational_left_feedback,1,21,
546,observational_left_feedback,0,9,
546,observational_left_feedback,0,19,
546,observational_left_feedback,1,13,
546,observational_left_feedback,0,17,
546,observational_left_feedback,1,16,
546,observational_left_feedback,1,18,
546,observational_left_feedback,1,10,
495,observational_left_feedback,1,1,
495,observational_left_feedback,0,2,
495,observational_left_feedback,1,6,
495,observational_left_feedback,1,10,
495,observational_left_feedback,1,11,
495,observational_left_feedback,0,4,
495,observational_left_feedback,1,17,
495,observational_left_feedback,1,13,
495,observational_left_feedback,0,20,
495,observational_left_feedback,0,16,
495,observational_left_feedback,1,18,
495,observational_left_feedback,1,22,
495,observational_left_feedback,0,14,
495,observational_left_feedback,1,5,
495,observational_left_feedback,0,3,
495,observational_left_feedback,1,19,
495,observational_left_feedback,1,7,
495,observational_left_feedback,0,8,
495,observational_left_feedback,0,9,
495,observational_left_feedback,1,12,
495,observational_left_feedback,1,21,
495,observational_left_feedback,1,15,
561,observational_left_feedback,1,1,
561,observational_left_feedback,0,2,
561,observational_left_feedback,0,8,
561,observational_left_feedback,0,15,
561,observational_left_feedback,1,4,
561,observational_left_feedback,1,9,
561,observational_left_feedback,1,5,
561,observational_left_feedback,0,21,
561,observational_left_feedback,0,7,
561,observational_left_feedback,0,14,
561,observational_left_feedback,1,6,
561,observational_left_feedback,1,19,
561,observational_left_feedback,0,10,
561,observational_left_feedback,0,18,
561,observational_left_feedback,1,16,
561,observational_left_feedback,1,22,
561,observational_left_feedback,1,17,
561,observational_left_feedback,0,3,
561,observational_left_feedback,1,12,
561,observational_left_feedback,1,11,
561,observational_left_feedback,1,20,
561,observational_left_feedback,1,13,
499,observational_left_feedback,1,1,
499,observational_left_feedback,0,2,
499,observational_left_feedback,0,14,
499,observational_left_feedback,0,3,
499,observational_left_feedback,0,4,
499,observational_left_feedback,1,6,
499,observational_left_feedback,1,16,
499,observational_left_feedback,0,10,
499,observational_left_feedback,1,11,
499,observational_left_feedback,1,5,
499,observational_left_feedback,1,19,
499,observational_left_feedback,1,15,
499,observational_left_feedback,0,9,
499,observational_left_feedback,1,17,
499,observational_left_feedback,0,22,
499,observational_left_feedback,1,21,
499,observational_left_feedback,0,12,
499,observational_left_feedback,0,18,
499,observational_left_feedback,1,8,
499,observational_left_feedback,1,13,
499,observational_left_feedback,0,20,
499,observational_left_feedback,1,7,
577,observational_left_feedback,0,1,
577,observational_left_feedback,0,2,
577,observational_left_feedback,1,9,
577,observational_left_feedback,0,6,
577,observational_left_feedback,1,22,
577,observational_left_feedback,1,14,
577,observational_left_feedback,1,13,
577,observational_left_feedback,0,20,
577,observational_left_feedback,1,7,
577,observational_left_feedback,0,16,
577,observational_left_feedback,1,19,
577,observational_left_feedback,1,12,
577,observational_left_feedback,0,10,
577,observational_left_feedback,0,15,
577,observational_left_feedback,1,5,
577,observational_left_feedback,0,17,
577,observational_left_feedback,0,18,
577,observational_left_feedback,0,8,
577,observational_left_feedback,0,3,
577,observational_left_feedback,1,21,
577,observational_left_feedback,1,11,
577,observational_left_feedback,0,4,
563,observational_left_feedback,0,1,
563,observational_left_feedback,0,2,
563,observational_left_feedback,0,20,
563,observational_left_feedback,0,10,
563,observational_left_feedback,1,15,
563,observational_left_feedback,1,17,
563,observational_left_feedback,1,12,
563,observational_left_feedback,1,4,
563,observational_left_feedback,0,8,
563,observational_left_feedback,0,16,
563,observational_left_feedback,0,6,
563,observational_left_feedback,0,5,
563,observational_left_feedback,1,3,
563,observational_left_feedback,0,18,
563,observational_left_feedback,0,9,
563,observational_left_feedback,1,13,
563,observational_left_feedback,1,19,
563,observational_left_feedback,1,22,
563,observational_left_feedback,1,21,
563,observational_left_feedback,1,14,
563,observational_left_feedback,1,11,
563,observational_left_feedback,0,7,
501,observational_left_feedback,0,1,
501,observational_left_feedback,0,2,
501,observational_left_feedback,1,12,
501,observational_left_feedback,1,13,
501,observational_left_feedback,0,6,
501,observational_left_feedback,1,21,
501,observational_left_feedback,1,22,
501,observational_left_feedback,1,11,
501,observational_left_feedback,1,19,
501,observational_left_feedback,1,15,
501,observational_left_feedback,1,17,
501,observational_left_feedback,0,14,
501,observational_left_feedback,1,16,
501,observational_left_feedback,0,9,
501,observational_left_feedback,1,4,
501,observational_left_feedback,0,3,
501,observational_left_feedback,0,7,
501,observational_left_feedback,1,20,
501,observational_left_feedback,0,10,
501,observational_left_feedback,1,18,
501,observational_left_feedback,0,8,
501,observational_left_feedback,1,5,
488,observational_left_feedback,1,1,
488,observational_left_feedback,0,2,
488,observational_left_feedback,1,11,
488,observational_left_feedback,1,21,
488,observational_left_feedback,0,20,
488,observational_left_feedback,0,5,
488,observational_left_feedback,1,12,
488,observational_left_feedback,1,3,
488,observational_left_feedback,0,17,
488,observational_left_feedback,0,8,
488,observational_left_feedback,1,6,
488,observational_left_feedback,1,13,
488,observational_left_feedback,1,22,
488,observational_left_feedback,0,7,
488,observational_left_feedback,0,18,
488,observational_left_feedback,1,16,
488,observational_left_feedback,1,14,
488,observational_left_feedback,0,4,
488,observational_left_feedback,1,15,
488,observational_left_feedback,0,10,
488,observational_left_feedback,1,9,
488,observational_left_feedback,0,19,
556,observational_left_feedback,0,1,
556,observational_left_feedback,0,2,
556,observational_left_feedback,1,18,
556,observational_left_feedback,0,15,
556,observational_left_feedback,1,3,
556,observational_left_feedback,1,16,
556,observational_left_feedback,0,7,
556,observational_left_feedback,0,8,
556,observational_left_feedback,1,14,
556,observational_left_feedback,1,19,
556,observational_left_feedback,0,12,
556,observational_left_feedback,1,21,
556,observational_left_feedback,1,13,
556,observational_left_feedback,0,10,
556,observational_left_feedback,0,9,
556,observational_left_feedback,1,5,
556,observational_left_feedback,1,20,
556,observational_left_feedback,1,4,
556,observational_left_feedback,1,17,
556,observational_left_feedback,1,11,
556,observational_left_feedback,0,6,
556,observational_left_feedback,0,22,
519,observational_left_feedback,0,1,
519,observational_left_feedback,0,2,
519,observational_left_feedback,0,6,
519,observational_left_feedback,1,19,
519,observational_left_feedback,1,18,
519,observational_left_feedback,1,7,
519,observational_left_feedback,1,21,
519,observational_left_feedback,1,5,
519,observational_left_feedback,1,3,
519,observational_left_feedback,1,17,
519,observational_left_feedback,1,16,
519,observational_left_feedback,1,13,
519,observational_left_feedback,0,8,
519,observational_left_feedback,0,4,
519,observational_left_feedback,1,14,
519,observational_left_feedback,1,10,
519,observational_left_feedback,1,9,
519,observational_left_feedback,0,20,
519,observational_left_feedback,1,12,
519,observational_left_feedback,1,15,
519,observational_left_feedback,0,22,
519,observational_left_feedback,1,11,
534,observational_left_feedback,1,1,
534,observational_left_feedback,1,2,
534,observational_left_feedback,1,16,
534,observational_left_feedback,1,17,
534,observational_left_feedback,0,13,
534,observational_left_feedback,0,21,
534,observational_left_feedback,1,7,
534,observational_left_feedback,1,3,
534,observational_left_feedback,1,12,
534,observational_left_feedback,1,9,
534,observational_left_feedback,0,14,
534,observational_left_feedback,1,15,
534,observational_left_feedback,1,18,
534,observational_left_feedback,0,8,
534,observational_left_feedback,0,4,
534,observational_left_feedback,0,20,
534,observational_left_feedback,1,19,
534,observational_left_feedback,1,6,
534,observational_left_feedback,0,10,
534,observational_left_feedback,1,11,
534,observational_left_feedback,1,22,
534,observational_left_feedback,1,5,
511,observational_left_feedback,0,1,
511,observational_left_feedback,1,2,
511,observational_left_feedback,0,18,
511,observational_left_feedback,0,16,
511,observational_left_feedback,0,13,
511,observational_left_feedback,0,11,
511,observational_left_feedback,0,17,
511,observational_left_feedback,0,5,
511,observational_left_feedback,0,4,
511,observational_left_feedback,0,6,
511,observational_left_feedback,0,15,
511,observational_left_feedback,1,22,
511,observational_left_feedback,1,14,
511,observational_left_feedback,0,3,
511,observational_left_feedback,1,12,
511,observational_left_feedback,0,7,
511,observational_left_feedback,0,19,
511,observational_left_feedback,1,21,
511,observational_left_feedback,1,9,
511,observational_left_feedback,1,20,
511,observational_left_feedback,0,8,
511,observational_left_feedback,1,10,
573,observational_left_feedback,1,1,
573,observational_left_feedback,0,2,
573,observational_left_feedback,1,11,
573,observational_left_feedback,0,8,
573,observational_left_feedback,1,6,
573,observational_left_feedback,1,16,
573,observational_left_feedback,1,17,
573,observational_left_feedback,1,12,
573,observational_left_feedback,1,20,
573,observational_left_feedback,1,7,
573,observational_left_feedback,1,9,
573,observational_left_feedback,1,3,
573,observational_left_feedback,1,14,
573,observational_left_feedback,1,15,
573,observational_left_feedback,1,18,
573,observational_left_feedback,1,22,
573,observational_left_feedback,1,10,
573,observational_left_feedback,1,19,
573,observational_left_feedback,1,4,
573,observational_left_feedback,1,13,
573,observational_left_feedback,1,21,
573,observational_left_feedback,0,5,
559,observational_left_feedback,0,1,
559,observational_left_feedback,0,2,
559,observational_left_feedback,1,9,
559,observational_left_feedback,1,11,
559,observational_left_feedback,1,7,
559,observational_left_feedback,0,8,
559,observational_left_feedback,1,15,
559,observational_left_feedback,0,6,
559,observational_left_feedback,1,20,
559,observational_left_feedback,1,14,
559,observational_left_feedback,1,21,
559,observational_left_feedback,0,5,
559,observational_left_feedback,1,3,
559,observational_left_feedback,1,22,
559,observational_left_feedback,0,17,
559,observational_left_feedback,1,16,
559,observational_left_feedback,1,13,
559,observational_left_feedback,0,19,
559,observational_left_feedback,1,12,
559,observational_left_feedback,1,18,
559,observational_left_feedback,1,4,
559,observational_left_feedback,0,10,
477,observational_left_feedback,1,1,
477,observational_left_feedback,0,2,
477,observational_left_feedback,0,6,
477,observational_left_feedback,1,21,
477,observational_left_feedback,0,4,
477,observational_left_feedback,1,18,
477,observational_left_feedback,1,16,
477,observational_left_feedback,1,19,
477,observational_left_feedback,0,15,
477,observational_left_feedback,1,10,
477,observational_left_feedback,1,13,
477,observational_left_feedback,1,17,
477,observational_left_feedback,1,22,
477,observational_left_feedback,1,9,
477,observational_left_feedback,0,3,
477,observational_left_feedback,0,14,
477,observational_left_feedback,1,7,
477,observational_left_feedback,0,5,
477,observational_left_feedback,0,11,
477,observational_left_feedback,1,20,
477,observational_left_feedback,0,8,
477,observational_left_feedback,1,12,
491,observational_left_feedback,0,1,
491,observational_left_feedback,0,2,
491,observational_left_feedback,0,9,
491,observational_left_feedback,1,14,
491,observational_left_feedback,0,10,
491,observational_left_feedback,0,18,
491,observational_left_feedback,0,8,
491,observational_left_feedback,1,12,
491,observational_left_feedback,0,4,
491,observational_left_feedback,1,7,
491,observational_left_feedback,1,11,
491,observational_left_feedback,1,5,
491,observational_left_feedback,1,15,
491,observational_left_feedback,0,16,
491,observational_left_feedback,0,20,
491,observational_left_feedback,0,3,
491,observational_left_feedback,1,21,
491,observational_left_feedback,0,6,
491,observational_left_feedback,0,19,
491,observational_left_feedback,0,17,
491,observational_left_feedback,1,22,
491,observational_left_feedback,1,13,
475,observational_left_feedback,0,1,
475,observational_left_feedback,0,2,
475,observational_left_feedback,1,11,
475,observational_left_feedback,0,19,
475,observational_left_feedback,0,10,
475,observational_left_feedback,0,17,
475,observational_left_feedback,1,16,
475,observational_left_feedback,0,4,
475,observational_left_feedback,1,6,
475,observational_left_feedback,1,5,
475,observational_left_feedback,0,7,
475,observational_left_feedback,1,15,
475,observational_left_feedback,1,21,
475,observational_left_feedback,0,22,
475,observational_left_feedback,1,3,
475,observational_left_feedback,1,20,
475,observational_left_feedback,1,12,
475,observational_left_feedback,1,18,
475,observational_left_feedback,1,9,
475,observational_left_feedback,0,13,
475,observational_left_feedback,0,8,
475,observational_left_feedback,0,14,
522,observational_left_feedback,0,1,
522,observational_left_feedback,0,2,
522,observational_left_feedback,0,4,
522,observational_left_feedback,1,16,
522,observational_left_feedback,1,13,
522,observational_left_feedback,0,19,
522,observational_left_feedback,1,8,
522,observational_left_feedback,0,9,
522,observational_left_feedback,1,10,
522,observational_left_feedback,1,22,
522,observational_left_feedback,0,6,
522,observational_left_feedback,1,11,
522,observational_left_feedback,0,3,
522,observational_left_feedback,0,5,
522,observational_left_feedback,1,17,
522,observational_left_feedback,1,12,
522,observational_left_feedback,0,14,
522,observational_left_feedback,1,18,
522,observational_left_feedback,1,21,
522,observational_left_feedback,1,20,
522,observational_left_feedback,1,7,
522,observational_left_feedback,1,15,
509,observational_left_feedback,0,1,
509,observational_left_feedback,0,2,
509,observational_left_feedback,0,15,
509,observational_left_feedback,1,13,
509,observational_left_feedback,0,12,
509,observational_left_feedback,0,7,
509,observational_left_feedback,1,8,
509,observational_left_feedback,0,3,
509,observational_left_feedback,0,10,
509,observational_left_feedback,0,5,
509,observational_left_feedback,0,14,
509,observational_left_feedback,0,21,
509,observational_left_feedback,0,22,
509,observational_left_feedback,1,11,
509,observational_left_feedback,0,19,
509,observational_left_feedback,1,9,
509,observational_left_feedback,0,6,
509,observational_left_feedback,1,4,
509,observational_left_feedback,0,20,
509,observational_left_feedback,1,16,
509,observational_left_feedback,0,17,
509,observational_left_feedback,0,18,
470,observational_left_feedback,1,1,
470,observational_left_feedback,0,2,
470,observational_left_feedback,1,7,
470,observational_left_feedback,1,19,
470,observational_left_feedback,0,3,
470,observational_left_feedback,0,16,
470,observational_left_feedback,0,8,
470,observational_left_feedback,0,4,
470,observational_left_feedback,1,21,
470,observational_left_feedback,1,18,
470,observational_left_feedback,0,22,
470,observational_left_feedback,1,20,
470,observational_left_feedback,0,10,
470,observational_left_feedback,1,17,
470,observational_left_feedback,1,14,
470,observational_left_feedback,1,13,
470,observational_left_feedback,0,6,
470,observational_left_feedback,0,12,
470,observational_left_feedback,1,15,
470,observational_left_feedback,1,5,
470,observational_left_feedback,1,9,
470,observational_left_feedback,1,11,
574,observational_left_feedback,1,1,
574,observational_left_feedback,1,2,
574,observational_left_feedback,1,18,
574,observational_left_feedback,0,7,
574,observational_left_feedback,1,8,
574,observational_left_feedback,0,16,
574,observational_left_feedback,1,4,
574,observational_left_feedback,1,11,
574,observational_left_feedback,1,3,
574,observational_left_feedback,1,19,
574,observational_left_feedback,0,14,
574,observational_left_feedback,1,10,
574,observational_left_feedback,0,21,
574,observational_left_feedback,0,20,
574,observational_left_feedback,0,6,
574,observational_left_feedback,0,12,
574,observational_left_feedback,0,9,
574,observational_left_feedback,1,13,
574,observational_left_feedback,0,5,
574,observational_left_feedback,1,22,
574,observational_left_feedback,1,17,
574,observational_left_feedback,1,15,
571,observational_left_feedback,1,1,
571,observational_left_feedback,1,2,
571,observational_left_feedback,1,6,
571,observational_left_feedback,1,12,
571,observational_left_feedback,0,19,
571,observational_left_feedback,1,22,
571,observational_left_feedback,1,7,
571,observational_left_feedback,1,21,
571,observational_left_feedback,1,14,
571,observational_left_feedback,1,4,
571,observational_left_feedback,1,3,
571,observational_left_feedback,1,11,
571,observational_left_feedback,1,18,
571,observational_left_feedback,1,15,
571,observational_left_feedback,1,10,
571,observational_left_feedback,1,16,
571,observational_left_feedback,1,9,
571,observational_left_feedback,0,17,
571,observational_left_feedback,1,20,
571,observational_left_feedback,1,8,
571,observational_left_feedback,1,13,
571,observational_left_feedback,0,5,
524,observational_left_feedback,1,1,
524,observational_left_feedback,0,2,
524,observational_left_feedback,1,11,
524,observational_left_feedback,0,22,
524,observational_left_feedback,1,9,
524,observational_left_feedback,1,19,
524,observational_left_feedback,0,14,
524,observational_left_feedback,1,15,
524,observational_left_feedback,1,13,
524,observational_left_feedback,0,6,
524,observational_left_feedback,1,21,
524,observational_left_feedback,0,20,
524,observational_left_feedback,1,12,
524,observational_left_feedback,0,10,
524,observational_left_feedback,1,5,
524,observational_left_feedback,0,8,
524,observational_left_feedback,0,3,
524,observational_left_feedback,0,4,
524,observational_left_feedback,1,17,
524,observational_left_feedback,1,18,
524,observational_left_feedback,0,7,
524,observational_left_feedback,0,16,
540,observational_left_feedback,1,1,
540,observational_left_feedback,0,2,
540,observational_left_feedback,1,21,
540,observational_left_feedback,0,3,
540,observational_left_feedback,1,19,
540,observational_left_feedback,1,5,
540,observational_left_feedback,0,10,
540,observational_left_feedback,1,7,
540,observational_left_feedback,0,18,
540,observational_left_feedback,0,17,
540,observational_left_feedback,0,12,
540,observational_left_feedback,0,9,
540,observational_left_feedback,0,16,
540,observational_left_feedback,0,14,
540,observational_left_feedback,1,6,
540,observational_left_feedback,1,20,
540,observational_left_feedback,1,13,
540,observational_left_feedback,0,4,
540,observational_left_feedback,1,11,
540,observational_left_feedback,0,8,
540,observational_left_feedback,0,15,
540,observational_left_feedback,0,22,
565,observational_left_feedback,0,1,
565,observational_left_feedback,0,2,
565,observational_left_feedback,1,20,
565,observational_left_feedback,0,14,
565,observational_left_feedback,1,18,
565,observational_left_feedback,1,15,
565,observational_left_feedback,0,4,
565,observational_left_feedback,1,7,
565,observational_left_feedback,1,21,
565,observational_left_feedback,1,5,
565,observational_left_feedback,1,19,
565,observational_left_feedback,1,13,
565,observational_left_feedback,0,22,
565,observational_left_feedback,1,16,
565,observational_left_feedback,0,8,
565,observational_left_feedback,0,10,
565,observational_left_feedback,1,17,
565,observational_left_feedback,0,12,
565,observational_left_feedback,0,6,
565,observational_left_feedback,1,9,
565,observational_left_feedback,1,11,
565,observational_left_feedback,0,3,
503,observational_left_feedback,1,1,
503,observational_left_feedback,0,2,
503,observational_left_feedback,0,15,
503,observational_left_feedback,1,20,
503,observational_left_feedback,1,13,
503,observational_left_feedback,0,18,
503,observational_left_feedback,1,11,
503,observational_left_feedback,1,6,
503,observational_left_feedback,1,19,
503,observational_left_feedback,0,4,
503,observational_left_feedback,0,9,
503,observational_left_feedback,1,5,
503,observational_left_feedback,0,12,
503,observational_left_feedback,1,8,
503,observational_left_feedback,0,21,
503,observational_left_feedback,1,17,
503,observational_left_feedback,1,7,
503,observational_left_feedback,0,10,
503,observational_left_feedback,0,22,
503,observational_left_feedback,0,14,
503,observational_left_feedback,0,16,
503,observational_left_feedback,0,3,
580,observational_left_feedback,1,1,
580,observational_left_feedback,1,2,
580,observational_left_feedback,1,13,
580,observational_left_feedback,1,11,
580,observational_left_feedback,1,20,
580,observational_left_feedback,0,21,
580,observational_left_feedback,1,6,
580,observational_left_feedback,1,10,
580,observational_left_feedback,1,14,
580,observational_left_feedback,1,15,
580,observational_left_feedback,0,18,
580,observational_left_feedback,0,3,
580,observational_left_feedback,1,7,
580,observational_left_feedback,1,5,
580,observational_left_feedback,1,8,
580,observational_left_feedback,1,12,
580,observational_left_feedback,1,17,
580,observational_left_feedback,1,19,
580,observational_left_feedback,1,4,
580,observational_left_feedback,1,9,
580,observational_left_feedback,0,16,
580,observational_left_feedback,1,22,
544,observational_left_feedback,1,1,
544,observational_left_feedback,0,2,
544,observational_left_feedback,1,3,
544,observational_left_feedback,0,13,
544,observational_left_feedback,1,14,
544,observational_left_feedback,1,21,
544,observational_left_feedback,1,18,
544,observational_left_feedback,1,10,
544,observational_left_feedback,0,22,
544,observational_left_feedback,1,20,
544,observational_left_feedback,1,6,
544,observational_left_feedback,1,17,
544,observational_left_feedback,1,12,
544,observational_left_feedback,1,5,
544,observational_left_feedback,1,15,
544,observational_left_feedback,0,7,
544,observational_left_feedback,0,9,
544,observational_left_feedback,0,16,
544,observational_left_feedback,0,19,
544,observational_left_feedback,0,11,
544,observational_left_feedback,0,8,
544,observational_left_feedback,0,4,
487,observational_left_feedback,1,1,
487,observational_left_feedback,0,2,
487,observational_left_feedback,1,19,
487,observational_left_feedback,1,11,
487,observational_left_feedback,1,13,
487,observational_left_feedback,1,15,
487,observational_left_feedback,0,16,
487,observational_left_feedback,1,22,
487,observational_left_feedback,1,21,
487,observational_left_feedback,1,14,
487,observational_left_feedback,0,6,
487,observational_left_feedback,1,12,
487,observational_left_feedback,0,4,
487,observational_left_feedback,0,10,
487,observational_left_feedback,0,8,
487,observational_left_feedback,1,17,
487,observational_left_feedback,1,5,
487,observational_left_feedback,1,3,
487,observational_left_feedback,1,7,
487,observational_left_feedback,1,9,
487,observational_left_feedback,0,18,
487,observational_left_feedback,0,20,
548,observational_left_feedback,1,1,
548,observational_left_feedback,0,2,
548,observational_left_feedback,1,18,
548,observational_left_feedback,1,12,
548,observational_left_feedback,0,11,
548,observational_left_feedback,1,7,
548,observational_left_feedback,1,22,
548,observational_left_feedback,1,5,
548,observational_left_feedback,1,15,
548,observational_left_feedback,1,3,
548,observational_left_feedback,1,9,
548,observational_left_feedback,1,20,
548,observational_left_feedback,0,13,
548,observational_left_feedback,1,19,
548,observational_left_feedback,1,16,
548,observational_left_feedback,1,21,
548,observational_left_feedback,1,6,
548,observational_left_feedback,1,14,
548,observational_left_feedback,1,8,
548,observational_left_feedback,1,10,
548,observational_left_feedback,1,17,
548,observational_left_feedback,1,4,
584,observational_left_feedback,1,1,
584,observational_left_feedback,0,2,
584,observational_left_feedback,1,15,
584,observational_left_feedback,1,13,
584,observational_left_feedback,0,6,
584,observational_left_feedback,0,14,
584,observational_left_feedback,1,9,
584,observational_left_feedback,1,12,
584,observational_left_feedback,1,18,
584,observational_left_feedback,1,10,
584,observational_left_feedback,1,20,
584,observational_left_feedback,1,5,
584,observational_left_feedback,1,17,
584,observational_left_feedback,1,19,
584,observational_left_feedback,0,4,
584,observational_left_feedback,0,8,
584,observational_left_feedback,1,11,
584,observational_left_feedback,0,16,
584,observational_left_feedback,0,3,
584,observational_left_feedback,0,22,
584,observational_left_feedback,1,7,
584,observational_left_feedback,1,21,
505,observational_left_feedback,1,1,
505,observational_left_feedback,0,2,
505,observational_left_feedback,0,10,
505,observational_left_feedback,1,7,
505,observational_left_feedback,0,8,
505,observational_left_feedback,0,4,
505,observational_left_feedback,0,3,
505,observational_left_feedback,0,18,
505,observational_left_feedback,1,21,
505,observational_left_feedback,1,16,
505,observational_left_feedback,0,6,
505,observational_left_feedback,1,14,
505,observational_left_feedback,1,9,
505,observational_left_feedback,1,19,
505,observational_left_feedback,0,5,
505,observational_left_feedback,0,13,
505,observational_left_feedback,0,12,
505,observational_left_feedback,1,20,
505,observational_left_feedback,0,15,
505,observational_left_feedback,1,11,
505,observational_left_feedback,0,17,
505,observational_left_feedback,1,22,
581,observational_left_feedback,1,1,
581,observational_left_feedback,0,2,
581,observational_left_feedback,0,4,
581,observational_left_feedback,1,3,
581,observational_left_feedback,1,13,
581,observational_left_feedback,1,22,
581,observational_left_feedback,0,8,
581,observational_left_feedback,1,21,
581,observational_left_feedback,1,6,
581,observational_left_feedback,0,14,
581,observational_left_feedback,1,15,
581,observational_left_feedback,1,12,
581,observational_left_feedback,1,9,
581,observational_left_feedback,1,11,
581,observational_left_feedback,0,10,
581,observational_left_feedback,1,5,
581,observational_left_feedback,0,18,
581,observational_left_feedback,0,20,
581,observational_left_feedback,1,7,
581,observational_left_feedback,1,17,
581,observational_left_feedback,0,19,
581,observational_left_feedback,0,16,
590,observational_left_feedback,0,1,
590,observational_left_feedback,0,2,
590,observational_left_feedback,0,5,
590,observational_left_feedback,1,21,
590,observational_left_feedback,1,13,
590,observational_left_feedback,0,10,
590,observational_left_feedback,0,4,
590,observational_left_feedback,1,20,
590,observational_left_feedback,0,14,
590,observational_left_feedback,0,8,
590,observational_left_feedback,1,6,
590,observational_left_feedback,1,19,
590,observational_left_feedback,1,15,
590,observational_left_feedback,1,18,
590,observational_left_feedback,0,16,
590,observational_left_feedback,0,3,
590,observational_left_feedback,1,9,
590,observational_left_feedback,1,12,
590,observational_left_feedback,1,7,
590,observational_left_feedback,1,17,
590,observational_left_feedback,0,22,
590,observational_left_feedback,1,11,
567,observational_left_feedback,0,1,
567,observational_left_feedback,0,2,
567,observational_left_feedback,0,8,
567,observational_left_feedback,0,17,
567,observational_left_feedback,0,13,
567,observational_left_feedback,0,15,
567,observational_left_feedback,0,18,
567,observational_left_feedback,1,11,
567,observational_left_feedback,0,7,
567,observational_left_feedback,0,3,
567,observational_left_feedback,0,20,
567,observational_left_feedback,0,9,
567,observational_left_feedback,0,19,
567,observational_left_feedback,1,6,
567,observational_left_feedback,1,10,
567,observational_left_feedback,1,21,
567,observational_left_feedback,0,16,
567,observational_left_feedback,0,4,
567,observational_left_feedback,0,14,
567,observational_left_feedback,1,5,
567,observational_left_feedback,1,22,
567,observational_left_feedback,1,12,
593,observational_left_feedback,1,1,
593,observational_left_feedback,0,2,
593,observational_left_feedback,0,3,
593,observational_left_feedback,1,5,
593,observational_left_feedback,1,7,
593,observational_left_feedback,1,17,
593,observational_left_feedback,0,11,
593,observational_left_feedback,0,16,
593,observational_left_feedback,0,4,
593,observational_left_feedback,0,18,
593,observational_left_feedback,1,14,
593,observational_left_feedback,0,8,
593,observational_left_feedback,1,15,
593,observational_left_feedback,1,21,
593,observational_left_feedback,1,10,
593,observational_left_feedback,1,6,
593,observational_left_feedback,1,19,
593,observational_left_feedback,1,9,
593,observational_left_feedback,1,22,
593,observational_left_feedback,1,20,
593,observational_left_feedback,1,13,
593,observational_left_feedback,1,12,
515,observational_left_feedback,1,1,
515,observational_left_feedback,0,2,
515,observational_left_feedback,0,18,
515,observational_left_feedback,1,5,
515,observational_left_feedback,1,21,
515,observational_left_feedback,1,11,
515,observational_left_feedback,0,4,
515,observational_left_feedback,0,16,
515,observational_left_feedback,0,6,
515,observational_left_feedback,0,22,
515,observational_left_feedback,1,14,
515,observational_left_feedback,0,20,
515,observational_left_feedback,0,10,
515,observational_left_feedback,1,7,
515,observational_left_feedback,0,8,
515,observational_left_feedback,0,12,
515,observational_left_feedback,1,19,
515,observational_left_feedback,1,13,
515,observational_left_feedback,0,15,
515,observational_left_feedback,1,17,
515,observational_left_feedback,0,3,
515,observational_left_feedback,0,9,
492,experimental_left_feedback,1,1,
492,experimental_left_feedback,0,2,
492,experimental_left_feedback,1,19,
492,experimental_left_feedback,1,22,
492,experimental_left_feedback,0,6,
492,experimental_left_feedback,1,21,
492,experimental_left_feedback,1,7,
492,experimental_left_feedback,1,11,
492,experimental_left_feedback,1,9,
492,experimental_left_feedback,1,15,
492,experimental_left_feedback,1,10,
492,experimental_left_feedback,0,17,
492,experimental_left_feedback,0,8,
492,experimental_left_feedback,1,12,
492,experimental_left_feedback,0,13,
492,experimental_left_feedback,1,16,
492,experimental_left_feedback,0,14,
492,experimental_left_feedback,0,5,
492,experimental_left_feedback,1,20,
492,experimental_left_feedback,1,3,
492,experimental_left_feedback,1,18,
492,experimental_left_feedback,1,4,
592,experimental_left_feedback,1,1,
592,experimental_left_feedback,1,2,
592,experimental_left_feedback,1,12,
592,experimental_left_feedback,1,11,
592,experimental_left_feedback,1,7,
592,experimental_left_feedback,1,6,
592,experimental_left_feedback,0,3,
592,experimental_left_feedback,0,4,
592,experimental_left_feedback,0,13,
592,experimental_left_feedback,0,10,
592,experimental_left_feedback,0,21,
592,experimental_left_feedback,0,18,
592,experimental_left_feedback,0,14,
592,experimental_left_feedback,1,17,
592,experimental_left_feedback,1,9,
592,experimental_left_feedback,1,22,
592,experimental_left_feedback,1,15,
592,experimental_left_feedback,1,20,
592,experimental_left_feedback,1,16,
592,experimental_left_feedback,1,8,
592,experimental_left_feedback,1,19,
592,experimental_left_feedback,1,5,
542,experimental_left_feedback,1,1,
542,experimental_left_feedback,0,2,
542,experimental_left_feedback,0,11,
542,experimental_left_feedback,0,6,
542,experimental_left_feedback,1,16,
542,experimental_left_feedback,0,19,
542,experimental_left_feedback,0,17,
542,experimental_left_feedback,0,3,
542,experimental_left_feedback,0,18,
542,experimental_left_feedback,1,14,
542,experimental_left_feedback,1,15,
542,experimental_left_feedback,1,13,
542,experimental_left_feedback,0,8,
542,experimental_left_feedback,1,22,
542,experimental_left_feedback,0,7,
542,experimental_left_feedback,1,4,
542,experimental_left_feedback,0,20,
542,experimental_left_feedback,1,10,
542,experimental_left_feedback,0,9,
542,experimental_left_feedback,1,21,
542,experimental_left_feedback,1,12,
542,experimental_left_feedback,0,5,
490,experimental_left_feedback,1,1,
490,experimental_left_feedback,1,2,
490,experimental_left_feedback,1,12,
490,experimental_left_feedback,1,8,
490,experimental_left_feedback,0,14,
490,experimental_left_feedback,1,18,
490,experimental_left_feedback,0,21,
490,experimental_left_feedback,1,7,
490,experimental_left_feedback,0,16,
490,experimental_left_feedback,0,15,
490,experimental_left_feedback,1,13,
490,experimental_left_feedback,0,20,
490,experimental_left_feedback,1,22,
490,experimental_left_feedback,1,11,
490,experimental_left_feedback,1,9,
490,experimental_left_feedback,1,3,
490,experimental_left_feedback,1,5,
490,experimental_left_feedback,1,6,
490,experimental_left_feedback,0,17,
490,experimental_left_feedback,1,19,
490,experimental_left_feedback,1,10,
490,experimental_left_feedback,1,4,
494,experimental_left_feedback,1,1,
494,experimental_left_feedback,0,2,
494,experimental_left_feedback,1,5,
494,experimental_left_feedback,0,16,
494,experimental_left_feedback,1,11,
494,experimental_left_feedback,0,3,
494,experimental_left_feedback,0,19,
494,experimental_left_feedback,0,14,
494,experimental_left_feedback,1,13,
494,experimental_left_feedback,1,22,
494,experimental_left_feedback,0,10,
494,experimental_left_feedback,1,20,
494,experimental_left_feedback,1,17,
494,experimental_left_feedback,1,15,
494,experimental_left_feedback,1,9,
494,experimental_left_feedback,0,8,
494,experimental_left_feedback,1,18,
494,experimental_left_feedback,0,4,
494,experimental_left_feedback,1,12,
494,experimental_left_feedback,1,21,
494,experimental_left_feedback,1,6,
494,experimental_left_feedback,1,7,
506,experimental_left_feedback,0,1,
506,experimental_left_feedback,0,2,
506,experimental_left_feedback,1,19,
506,experimental_left_feedback,1,18,
506,experimental_left_feedback,1,9,
506,experimental_left_feedback,1,7,
506,experimental_left_feedback,0,17,
506,experimental_left_feedback,0,8,
506,experimental_left_feedback,0,11,
506,experimental_left_feedback,0,10,
506,experimental_left_feedback,1,13,
506,experimental_left_feedback,1,3,
506,experimental_left_feedback,0,4,
506,experimental_left_feedback,0,5,
506,experimental_left_feedback,0,14,
506,experimental_left_feedback,1,12,
506,experimental_left_feedback,1,22,
506,experimental_left_feedback,1,20,
506,experimental_left_feedback,0,16,
506,experimental_left_feedback,1,6,
506,experimental_left_feedback,1,15,
506,experimental_left_feedback,1,21,
564,experimental_left_feedback,1,1,
564,experimental_left_feedback,0,2,
564,experimental_left_feedback,1,19,
564,experimental_left_feedback,0,18,
564,experimental_left_feedback,0,8,
564,experimental_left_feedback,1,14,
564,experimental_left_feedback,0,6,
564,experimental_left_feedback,1,13,
564,experimental_left_feedback,1,17,
564,experimental_left_feedback,1,9,
564,experimental_left_feedback,0,7,
564,experimental_left_feedback,1,15,
564,experimental_left_feedback,0,20,
564,experimental_left_feedback,0,3,
564,experimental_left_feedback,0,4,
564,experimental_left_feedback,0,10,
564,experimental_left_feedback,1,5,
564,experimental_left_feedback,1,21,
564,experimental_left_feedback,0,22,
564,experimental_left_feedback,0,16,
564,experimental_left_feedback,0,12,
564,experimental_left_feedback,0,11,
518,experimental_left_feedback,1,1,
518,experimental_left_feedback,0,2,
518,experimental_left_feedback,1,18,
518,experimental_left_feedback,0,8,
518,experimental_left_feedback,1,17,
518,experimental_left_feedback,1,13,
518,experimental_left_feedback,0,14,
518,experimental_left_feedback,1,6,
518,experimental_left_feedback,1,3,
518,experimental_left_feedback,1,20,
518,experimental_left_feedback,1,15,
518,experimental_left_feedback,1,12,
518,experimental_left_feedback,0,22,
518,experimental_left_feedback,1,21,
518,experimental_left_feedback,1,11,
518,experimental_left_feedback,0,16,
518,experimental_left_feedback,0,4,
518,experimental_left_feedback,1,19,
518,experimental_left_feedback,1,9,
518,experimental_left_feedback,1,7,
518,experimental_left_feedback,0,10,
518,experimental_left_feedback,1,5,
510,experimental_left_feedback,1,1,
510,experimental_left_feedback,0,2,
510,experimental_left_feedback,0,8,
510,experimental_left_feedback,0,21,
510,experimental_left_feedback,1,11,
510,experimental_left_feedback,0,10,
510,experimental_left_feedback,1,17,
510,experimental_left_feedback,1,5,
510,experimental_left_feedback,1,7,
510,experimental_left_feedback,0,18,
510,experimental_left_feedback,0,9,
510,experimental_left_feedback,0,19,
510,experimental_left_feedback,1,22,
510,experimental_left_feedback,1,6,
510,experimental_left_feedback,0,14,
510,experimental_left_feedback,0,12,
510,experimental_left_feedback,1,4,
510,experimental_left_feedback,1,13,
510,experimental_left_feedback,0,16,
510,experimental_left_feedback,0,20,
510,experimental_left_feedback,0,3,
510,experimental_left_feedback,1,15,
502,experimental_left_feedback,0,1,
502,experimental_left_feedback,0,2,
502,experimental_left_feedback,1,14,
502,experimental_left_feedback,1,6,
502,experimental_left_feedback,1,5,
502,experimental_left_feedback,0,4,
502,experimental_left_feedback,1,13,
502,experimental_left_feedback,0,10,
502,experimental_left_feedback,1,7,
502,experimental_left_feedback,0,18,
502,experimental_left_feedback,1,17,
502,experimental_left_feedback,0,3,
502,experimental_left_feedback,0,15,
502,experimental_left_feedback,1,21,
502,experimental_left_feedback,0,16,
502,experimental_left_feedback,1,19,
502,experimental_left_feedback,1,11,
502,experimental_left_feedback,0,22,
502,experimental_left_feedback,0,9,
502,experimental_left_feedback,1,20,
502,experimental_left_feedback,1,12,
502,experimental_left_feedback,0,8,
587,experimental_left_feedback,0,1,
587,experimental_left_feedback,0,2,
587,experimental_left_feedback,0,21,
587,experimental_left_feedback,1,7,
587,experimental_left_feedback,0,13,
587,experimental_left_feedback,1,18,
587,experimental_left_feedback,0,19,
587,experimental_left_feedback,1,5,
587,experimental_left_feedback,0,20,
587,experimental_left_feedback,0,3,
587,experimental_left_feedback,0,11,
587,experimental_left_feedback,0,16,
587,experimental_left_feedback,0,6,
587,experimental_left_feedback,0,8,
587,experimental_left_feedback,0,12,
587,experimental_left_feedback,0,15,
587,experimental_left_feedback,0,4,
587,experimental_left_feedback,0,22,
587,experimental_left_feedback,1,9,
587,experimental_left_feedback,1,14,
587,experimental_left_feedback,0,10,
587,experimental_left_feedback,0,17,
551,experimental_left_feedback,0,1,
551,experimental_left_feedback,0,2,
551,experimental_left_feedback,0,21,
551,experimental_left_feedback,0,5,
551,experimental_left_feedback,0,19,
551,experimental_left_feedback,0,18,
551,experimental_left_feedback,0,14,
551,experimental_left_feedback,0,6,
551,experimental_left_feedback,0,3,
551,experimental_left_feedback,0,4,
551,experimental_left_feedback,0,9,
551,experimental_left_feedback,0,8,
551,experimental_left_feedback,0,11,
551,experimental_left_feedback,0,12,
551,experimental_left_feedback,0,13,
551,experimental_left_feedback,0,16,
551,experimental_left_feedback,0,15,
551,experimental_left_feedback,0,20,
551,experimental_left_feedback,0,22,
551,experimental_left_feedback,0,17,
551,experimental_left_feedback,0,7,
551,experimental_left_feedback,0,10,
549,experimental_left_feedback,0,1,
549,experimental_left_feedback,0,2,
549,experimental_left_feedback,1,7,
549,experimental_left_feedback,0,18,
549,experimental_left_feedback,1,20,
549,experimental_left_feedback,1,3,
549,experimental_left_feedback,1,13,
549,experimental_left_feedback,1,19,
549,experimental_left_feedback,0,17,
549,experimental_left_feedback,1,16,
549,experimental_left_feedback,1,8,
549,experimental_left_feedback,0,5,
549,experimental_left_feedback,1,21,
549,experimental_left_feedback,1,6,
549,experimental_left_feedback,1,12,
549,experimental_left_feedback,1,10,
549,experimental_left_feedback,1,22,
549,experimental_left_feedback,1,11,
549,experimental_left_feedback,1,15,
549,experimental_left_feedback,1,9,
549,experimental_left_feedback,0,4,
549,experimental_left_feedback,1,14,
591,experimental_left_feedback,0,1,
591,experimental_left_feedback,0,2,
591,experimental_left_feedback,1,21,
591,experimental_left_feedback,1,15,
591,experimental_left_feedback,1,13,
591,experimental_left_feedback,1,4,
591,experimental_left_feedback,0,3,
591,experimental_left_feedback,0,19,
591,experimental_left_feedback,1,9,
591,experimental_left_feedback,0,14,
591,experimental_left_feedback,1,10,
591,experimental_left_feedback,1,18,
591,experimental_left_feedback,0,5,
591,experimental_left_feedback,1,6,
591,experimental_left_feedback,0,22,
591,experimental_left_feedback,1,20,
591,experimental_left_feedback,0,11,
591,experimental_left_feedback,0,7,
591,experimental_left_feedback,0,8,
591,experimental_left_feedback,1,12,
591,experimental_left_feedback,1,16,
591,experimental_left_feedback,0,17,
504,experimental_left_feedback,1,1,
504,experimental_left_feedback,0,2,
504,experimental_left_feedback,1,22,
504,experimental_left_feedback,1,8,
504,experimental_left_feedback,0,10,
504,experimental_left_feedback,1,4,
504,experimental_left_feedback,1,19,
504,experimental_left_feedback,1,20,
504,experimental_left_feedback,1,14,
504,experimental_left_feedback,1,17,
504,experimental_left_feedback,1,21,
504,experimental_left_feedback,1,13,
504,experimental_left_feedback,0,5,
504,experimental_left_feedback,1,3,
504,experimental_left_feedback,0,18,
504,experimental_left_feedback,0,12,
504,experimental_left_feedback,1,9,
504,experimental_left_feedback,0,7,
504,experimental_left_feedback,1,15,
504,experimental_left_feedback,1,16,
504,experimental_left_feedback,1,6,
504,experimental_left_feedback,0,11,
572,experimental_left_feedback,1,1,
572,experimental_left_feedback,0,2,
572,experimental_left_feedback,1,22,
572,experimental_left_feedback,0,8,
572,experimental_left_feedback,1,6,
572,experimental_left_feedback,1,20,
572,experimental_left_feedback,0,11,
572,experimental_left_feedback,1,15,
572,experimental_left_feedback,1,9,
572,experimental_left_feedback,1,14,
572,experimental_left_feedback,0,17,
572,experimental_left_feedback,1,12,
572,experimental_left_feedback,1,16,
572,experimental_left_feedback,1,21,
572,experimental_left_feedback,1,10,
572,experimental_left_feedback,1,3,
572,experimental_left_feedback,0,19,
572,experimental_left_feedback,1,18,
572,experimental_left_feedback,0,4,
572,experimental_left_feedback,0,5,
572,experimental_left_feedback,1,13,
572,experimental_left_feedback,1,7,
474,experimental_left_feedback,0,1,
474,experimental_left_feedback,0,2,
474,experimental_left_feedback,1,15,
474,experimental_left_feedback,1,5,
474,experimental_left_feedback,1,9,
474,experimental_left_feedback,1,17,
474,experimental_left_feedback,1,6,
474,experimental_left_feedback,1,8,
474,experimental_left_feedback,1,20,
474,experimental_left_feedback,1,19,
474,experimental_left_feedback,0,3,
474,experimental_left_feedback,1,18,
474,experimental_left_feedback,1,22,
474,experimental_left_feedback,1,10,
474,experimental_left_feedback,1,7,
474,experimental_left_feedback,1,13,
474,experimental_left_feedback,0,4,
474,experimental_left_feedback,1,14,
474,experimental_left_feedback,1,11,
474,experimental_left_feedback,0,16,
474,experimental_left_feedback,1,21,
474,experimental_left_feedback,1,12,
557,experimental_left_feedback,1,1,
557,experimental_left_feedback,0,2,
557,experimental_left_feedback,1,17,
557,experimental_left_feedback,1,18,
557,experimental_left_feedback,0,6,
557,experimental_left_feedback,0,3,
557,experimental_left_feedback,1,19,
557,experimental_left_feedback,1,7,
557,experimental_left_feedback,1,5,
557,experimental_left_feedback,1,8,
557,experimental_left_feedback,1,15,
557,experimental_left_feedback,1,12,
557,experimental_left_feedback,1,14,
557,experimental_left_feedback,1,16,
557,experimental_left_feedback,1,22,
557,experimental_left_feedback,1,11,
557,experimental_left_feedback,1,9,
557,experimental_left_feedback,1,13,
557,experimental_left_feedback,1,10,
557,experimental_left_feedback,0,4,
557,experimental_left_feedback,1,21,
557,experimental_left_feedback,1,20,
471,experimental_left_feedback,0,1,
471,experimental_left_feedback,0,2,
471,experimental_left_feedback,0,10,
471,experimental_left_feedback,0,8,
471,experimental_left_feedback,1,11,
471,experimental_left_feedback,0,15,
471,experimental_left_feedback,1,17,
471,experimental_left_feedback,1,9,
471,experimental_left_feedback,1,7,
471,experimental_left_feedback,0,5,
471,experimental_left_feedback,1,4,
471,experimental_left_feedback,1,16,
471,experimental_left_feedback,1,20,
471,experimental_left_feedback,1,18,
471,experimental_left_feedback,0,13,
471,experimental_left_feedback,1,12,
471,experimental_left_feedback,1,19,
471,experimental_left_feedback,0,3,
471,experimental_left_feedback,0,21,
471,experimental_left_feedback,1,22,
471,experimental_left_feedback,0,14,
471,experimental_left_feedback,1,6,
547,experimental_left_feedback,0,1,
547,experimental_left_feedback,0,2,
547,experimental_left_feedback,0,10,
547,experimental_left_feedback,1,13,
547,experimental_left_feedback,1,20,
547,experimental_left_feedback,1,19,
547,experimental_left_feedback,0,14,
547,experimental_left_feedback,0,18,
547,experimental_left_feedback,1,12,
547,experimental_left_feedback,0,16,
547,experimental_left_feedback,1,21,
547,experimental_left_feedback,0,5,
547,experimental_left_feedback,0,8,
547,experimental_left_feedback,1,3,
547,experimental_left_feedback,0,15,
547,experimental_left_feedback,1,6,
547,experimental_left_feedback,0,4,
547,experimental_left_feedback,1,11,
547,experimental_left_feedback,0,17,
547,experimental_left_feedback,0,22,
547,experimental_left_feedback,0,7,
547,experimental_left_feedback,1,9,
496,experimental_left_feedback,1,1,
496,experimental_left_feedback,0,2,
496,experimental_left_feedback,1,5,
496,experimental_left_feedback,1,17,
496,experimental_left_feedback,0,4,
496,experimental_left_feedback,0,11,
496,experimental_left_feedback,0,13,
496,experimental_left_feedback,0,7,
496,experimental_left_feedback,1,22,
496,experimental_left_feedback,1,3,
496,experimental_left_feedback,0,18,
496,experimental_left_feedback,0,6,
496,experimental_left_feedback,1,12,
496,experimental_left_feedback,0,8,
496,experimental_left_feedback,0,14,
496,experimental_left_feedback,1,15,
496,experimental_left_feedback,1,20,
496,experimental_left_feedback,0,19,
496,experimental_left_feedback,0,16,
496,experimental_left_feedback,0,10,
496,experimental_left_feedback,1,21,
496,experimental_left_feedback,1,9,
589,experimental_left_feedback,1,1,
589,experimental_left_feedback,1,2,
589,experimental_left_feedback,1,14,
589,experimental_left_feedback,1,9,
589,experimental_left_feedback,1,15,
589,experimental_left_feedback,1,22,
589,experimental_left_feedback,0,17,
589,experimental_left_feedback,1,6,
589,experimental_left_feedback,0,20,
589,experimental_left_feedback,1,11,
589,experimental_left_feedback,0,19,
589,experimental_left_feedback,1,13,
589,experimental_left_feedback,0,5,
589,experimental_left_feedback,0,12,
589,experimental_left_feedback,1,8,
589,experimental_left_feedback,1,10,
589,experimental_left_feedback,1,21,
589,experimental_left_feedback,0,7,
589,experimental_left_feedback,0,4,
589,experimental_left_feedback,0,16,
589,experimental_left_feedback,0,3,
589,experimental_left_feedback,0,18,
521,experimental_left_feedback,1,1,
521,experimental_left_feedback,0,2,
521,experimental_left_feedback,0,8,
521,experimental_left_feedback,1,22,
521,experimental_left_feedback,1,10,
521,experimental_left_feedback,1,6,
521,experimental_left_feedback,1,5,
521,experimental_left_feedback,1,17,
521,experimental_left_feedback,1,16,
521,experimental_left_feedback,1,7,
521,experimental_left_feedback,1,18,
521,experimental_left_feedback,1,19,
521,experimental_left_feedback,1,12,
521,experimental_left_feedback,1,11,
521,experimental_left_feedback,1,15,
521,experimental_left_feedback,1,21,
521,experimental_left_feedback,1,20,
521,experimental_left_feedback,1,9,
521,experimental_left_feedback,0,14,
521,experimental_left_feedback,1,13,
521,experimental_left_feedback,1,4,
521,experimental_left_feedback,1,3,
535,experimental_left_feedback,0,1,
535,experimental_left_feedback,0,2,
535,experimental_left_feedback,0,5,
535,experimental_left_feedback,1,20,
535,experimental_left_feedback,0,3,
535,experimental_left_feedback,0,11,
535,experimental_left_feedback,0,7,
535,experimental_left_feedback,0,21,
535,experimental_left_feedback,0,14,
535,experimental_left_feedback,1,16,
535,experimental_left_feedback,1,17,
535,experimental_left_feedback,0,10,
535,experimental_left_feedback,0,12,
535,experimental_left_feedback,1,13,
535,experimental_left_feedback,0,4,
535,experimental_left_feedback,0,19,
535,experimental_left_feedback,0,22,
535,experimental_left_feedback,0,9,
535,experimental_left_feedback,1,6,
535,experimental_left_feedback,0,15,
535,experimental_left_feedback,1,18,
535,experimental_left_feedback,1,8,
560,experimental_left_feedback,0,1,
560,experimental_left_feedback,1,2,
560,experimental_left_feedback,1,8,
560,experimental_left_feedback,0,15,
560,experimental_left_feedback,1,21,
560,experimental_left_feedback,1,12,
560,experimental_left_feedback,1,11,
560,experimental_left_feedback,0,20,
560,experimental_left_feedback,0,4,
560,experimental_left_feedback,1,14,
560,experimental_left_feedback,0,6,
560,experimental_left_feedback,0,3,
560,experimental_left_feedback,0,22,
560,experimental_left_feedback,1,5,
560,experimental_left_feedback,1,17,
560,experimental_left_feedback,1,19,
560,experimental_left_feedback,0,10,
560,experimental_left_feedback,1,13,
560,experimental_left_feedback,1,7,
560,experimental_left_feedback,0,9,
560,experimental_left_feedback,0,18,
560,experimental_left_feedback,0,16,
520,experimental_left_feedback,1,1,
520,experimental_left_feedback,0,2,
520,experimental_left_feedback,1,9,
520,experimental_left_feedback,0,4,
520,experimental_left_feedback,1,10,
520,experimental_left_feedback,0,11,
520,experimental_left_feedback,0,19,
520,experimental_left_feedback,1,22,
520,experimental_left_feedback,0,5,
520,experimental_left_feedback,1,18,
520,experimental_left_feedback,1,17,
520,experimental_left_feedback,0,14,
520,experimental_left_feedback,0,12,
520,experimental_left_feedback,1,16,
520,experimental_left_feedback,0,8,
520,experimental_left_feedback,1,21,
520,experimental_left_feedback,1,6,
520,experimental_left_feedback,0,15,
520,experimental_left_feedback,1,13,
520,experimental_left_feedback,0,3,
520,experimental_left_feedback,0,7,
520,experimental_left_feedback,0,20,
478,experimental_left_feedback,1,1,
478,experimental_left_feedback,0,2,
478,experimental_left_feedback,1,10,
478,experimental_left_feedback,0,4,
478,experimental_left_feedback,0,21,
478,experimental_left_feedback,0,19,
478,experimental_left_feedback,0,7,
478,experimental_left_feedback,0,22,
478,experimental_left_feedback,0,6,
478,experimental_left_feedback,0,13,
478,experimental_left_feedback,0,18,
478,experimental_left_feedback,0,15,
478,experimental_left_feedback,0,17,
478,experimental_left_feedback,0,16,
478,experimental_left_feedback,0,20,
478,experimental_left_feedback,0,14,
478,experimental_left_feedback,0,11,
478,experimental_left_feedback,0,5,
478,experimental_left_feedback,0,12,
478,experimental_left_feedback,1,8,
478,experimental_left_feedback,1,9,
478,experimental_left_feedback,0,3,
583,experimental_left_feedback,1,1,
583,experimental_left_feedback,0,2,
583,experimental_left_feedback,0,21,
583,experimental_left_feedback,1,15,
583,experimental_left_feedback,0,8,
583,experimental_left_feedback,1,11,
583,experimental_left_feedback,1,9,
583,experimental_left_feedback,1,22,
583,experimental_left_feedback,0,13,
583,experimental_left_feedback,1,12,
583,experimental_left_feedback,0,7,
583,experimental_left_feedback,1,3,
583,experimental_left_feedback,0,19,
583,experimental_left_feedback,0,14,
583,experimental_left_feedback,1,10,
583,experimental_left_feedback,0,16,
583,experimental_left_feedback,1,18,
583,experimental_left_feedback,1,6,
583,experimental_left_feedback,0,5,
583,experimental_left_feedback,0,17,
583,experimental_left_feedback,1,4,
583,experimental_left_feedback,1,20,
558,experimental_left_feedback,0,1,
558,experimental_left_feedback,0,2,
558,experimental_left_feedback,1,22,
558,experimental_left_feedback,0,11,
558,experimental_left_feedback,1,9,
558,experimental_left_feedback,1,21,
558,experimental_left_feedback,0,5,
558,experimental_left_feedback,1,10,
558,experimental_left_feedback,1,15,
558,experimental_left_feedback,0,7,
558,experimental_left_feedback,0,17,
558,experimental_left_feedback,1,18,
558,experimental_left_feedback,0,13,
558,experimental_left_feedback,0,19,
558,experimental_left_feedback,0,8,
558,experimental_left_feedback,1,16,
558,experimental_left_feedback,0,20,
558,experimental_left_feedback,0,14,
558,experimental_left_feedback,1,12,
558,experimental_left_feedback,1,6,
558,experimental_left_feedback,1,4,
558,experimental_left_feedback,0,3,
586,experimental_left_feedback,0,1,
586,experimental_left_feedback,1,2,
586,experimental_left_feedback,1,16,
586,experimental_left_feedback,0,14,
586,experimental_left_feedback,0,19,
586,experimental_left_feedback,1,4,
586,experimental_left_feedback,0,10,
586,experimental_left_feedback,0,21,
586,experimental_left_feedback,1,15,
586,experimental_left_feedback,0,5,
586,experimental_left_feedback,0,20,
586,experimental_left_feedback,0,18,
586,experimental_left_feedback,1,13,
586,experimental_left_feedback,0,11,
586,experimental_left_feedback,1,12,
586,experimental_left_feedback,1,3,
586,experimental_left_feedback,1,22,
586,experimental_left_feedback,0,17,
586,experimental_left_feedback,1,8,
586,experimental_left_feedback,1,9,
586,experimental_left_feedback,0,7,
586,experimental_left_feedback,1,6,
480,experimental_left_feedback,0,1,
480,experimental_left_feedback,0,2,
480,experimental_left_feedback,1,18,
480,experimental_left_feedback,1,16,
480,experimental_left_feedback,1,22,
480,experimental_left_feedback,1,6,
480,experimental_left_feedback,0,19,
480,experimental_left_feedback,0,7,
480,experimental_left_feedback,1,12,
480,experimental_left_feedback,1,3,
480,experimental_left_feedback,0,8,
480,experimental_left_feedback,1,20,
480,experimental_left_feedback,1,9,
480,experimental_left_feedback,1,21,
480,experimental_left_feedback,0,5,
480,experimental_left_feedback,1,13,
480,experimental_left_feedback,0,17,
480,experimental_left_feedback,0,10,
480,experimental_left_feedback,0,14,
480,experimental_left_feedback,0,4,
480,experimental_left_feedback,1,15,
480,experimental_left_feedback,0,11,
575,experimental_left_feedback,1,1,
575,experimental_left_feedback,0,2,
575,experimental_left_feedback,0,6,
575,experimental_left_feedback,1,10,
575,experimental_left_feedback,0,7,
575,experimental_left_feedback,0,13,
575,experimental_left_feedback,0,3,
575,experimental_left_feedback,0,5,
575,experimental_left_feedback,1,14,
575,experimental_left_feedback,1,15,
575,experimental_left_feedback,1,22,
575,experimental_left_feedback,1,20,
575,experimental_left_feedback,1,19,
575,experimental_left_feedback,0,4,
575,experimental_left_feedback,1,12,
575,experimental_left_feedback,1,21,
575,experimental_left_feedback,1,11,
575,experimental_left_feedback,1,8,
575,experimental_left_feedback,1,9,
575,experimental_left_feedback,1,16,
575,experimental_left_feedback,1,17,
575,experimental_left_feedback,1,18,
486,experimental_left_feedback,0,1,
486,experimental_left_feedback,1,2,
486,experimental_left_feedback,1,12,
486,experimental_left_feedback,0,11,
486,experimental_left_feedback,1,14,
486,experimental_left_feedback,0,4,
486,experimental_left_feedback,1,13,
486,experimental_left_feedback,1,9,
486,experimental_left_feedback,1,3,
486,experimental_left_feedback,1,7,
486,experimental_left_feedback,0,17,
486,experimental_left_feedback,1,18,
486,experimental_left_feedback,0,8,
486,experimental_left_feedback,0,5,
486,experimental_left_feedback,0,10,
486,experimental_left_feedback,1,19,
486,experimental_left_feedback,1,15,
486,experimental_left_feedback,1,20,
486,experimental_left_feedback,0,16,
486,experimental_left_feedback,1,21,
486,experimental_left_feedback,1,22,
486,experimental_left_feedback,1,6,
533,experimental_left_feedback,0,1,
533,experimental_left_feedback,0,2,
533,experimental_left_feedback,0,10,
533,experimental_left_feedback,1,3,
533,experimental_left_feedback,0,5,
533,experimental_left_feedback,1,15,
533,experimental_left_feedback,1,11,
533,experimental_left_feedback,0,14,
533,experimental_left_feedback,0,7,
533,experimental_left_feedback,1,18,
533,experimental_left_feedback,1,20,
533,experimental_left_feedback,1,6,
533,experimental_left_feedback,1,22,
533,experimental_left_feedback,0,17,
533,experimental_left_feedback,1,21,
533,experimental_left_feedback,1,13,
533,experimental_left_feedback,0,8,
533,experimental_left_feedback,0,16,
533,experimental_left_feedback,1,9,
533,experimental_left_feedback,0,4,
533,experimental_left_feedback,0,19,
533,experimental_left_feedback,1,12,
529,experimental_left_feedback,1,1,
529,experimental_left_feedback,0,2,
529,experimental_left_feedback,0,5,
529,experimental_left_feedback,1,4,
529,experimental_left_feedback,0,17,
529,experimental_left_feedback,0,11,
529,experimental_left_feedback,0,10,
529,experimental_left_feedback,0,13,
529,experimental_left_feedback,0,3,
529,experimental_left_feedback,0,12,
529,experimental_left_feedback,1,21,
529,experimental_left_feedback,0,8,
529,experimental_left_feedback,1,6,
529,experimental_left_feedback,1,16,
529,experimental_left_feedback,0,19,
529,experimental_left_feedback,1,20,
529,experimental_left_feedback,1,9,
529,experimental_left_feedback,0,14,
529,experimental_left_feedback,1,15,
529,experimental_left_feedback,1,22,
529,experimental_left_feedback,0,7,
529,experimental_left_feedback,1,18,
555,experimental_left_feedback,1,1,
555,experimental_left_feedback,0,2,
555,experimental_left_feedback,0,16,
555,experimental_left_feedback,1,7,
555,experimental_left_feedback,0,9,
555,experimental_left_feedback,1,3,
555,experimental_left_feedback,1,5,
555,experimental_left_feedback,0,4,
555,experimental_left_feedback,0,15,
555,experimental_left_feedback,0,14,
555,experimental_left_feedback,0,11,
555,experimental_left_feedback,0,20,
555,experimental_left_feedback,0,18,
555,experimental_left_feedback,1,8,
555,experimental_left_feedback,1,13,
555,experimental_left_feedback,0,10,
555,experimental_left_feedback,0,17,
555,experimental_left_feedback,0,19,
555,experimental_left_feedback,0,6,
555,experimental_left_feedback,1,12,
555,experimental_left_feedback,0,21,
555,experimental_left_feedback,1,22,
588,experimental_left_feedback,1,1,
588,experimental_left_feedback,0,2,
588,experimental_left_feedback,0,6,
588,experimental_left_feedback,1,13,
588,experimental_left_feedback,0,8,
588,experimental_left_feedback,0,9,
588,experimental_left_feedback,0,16,
588,experimental_left_feedback,1,12,
588,experimental_left_feedback,0,22,
588,experimental_left_feedback,0,7,
588,experimental_left_feedback,1,18,
588,experimental_left_feedback,0,11,
588,experimental_left_feedback,0,5,
588,experimental_left_feedback,1,20,
588,experimental_left_feedback,1,10,
588,experimental_left_feedback,0,19,
588,experimental_left_feedback,1,21,
588,experimental_left_feedback,0,4,
588,experimental_left_feedback,1,15,
588,experimental_left_feedback,1,3,
588,experimental_left_feedback,0,14,
588,experimental_left_feedback,1,17,
554,experimental_left_feedback,0,1,
554,experimental_left_feedback,0,2,
554,experimental_left_feedback,1,12,
554,experimental_left_feedback,1,19,
554,experimental_left_feedback,1,11,
554,experimental_left_feedback,1,13,
554,experimental_left_feedback,1,3,
554,experimental_left_feedback,1,7,
554,experimental_left_feedback,0,14,
554,experimental_left_feedback,0,5,
554,experimental_left_feedback,1,9,
554,experimental_left_feedback,1,18,
554,experimental_left_feedback,1,21,
554,experimental_left_feedback,0,4,
554,experimental_left_feedback,0,10,
554,experimental_left_feedback,0,6,
554,experimental_left_feedback,0,22,
554,experimental_left_feedback,1,20,
554,experimental_left_feedback,0,17,
554,experimental_left_feedback,1,15,
554,experimental_left_feedback,0,8,
554,experimental_left_feedback,0,16,
570,experimental_left_feedback,0,1,
570,experimental_left_feedback,0,2,
570,experimental_left_feedback,1,7,
570,experimental_left_feedback,1,16,
570,experimental_left_feedback,0,15,
570,experimental_left_feedback,1,13,
570,experimental_left_feedback,1,12,
570,experimental_left_feedback,1,21,
570,experimental_left_feedback,1,6,
570,experimental_left_feedback,1,22,
570,experimental_left_feedback,1,20,
570,experimental_left_feedback,1,18,
570,experimental_left_feedback,1,10,
570,experimental_left_feedback,0,9,
570,experimental_left_feedback,0,4,
570,experimental_left_feedback,0,8,
570,experimental_left_feedback,1,11,
570,experimental_left_feedback,1,17,
570,experimental_left_feedback,1,19,
570,experimental_left_feedback,1,14,
570,experimental_left_feedback,0,3,
570,experimental_left_feedback,0,5,
543,experimental_left_feedback,0,1,
543,experimental_left_feedback,0,2,
543,experimental_left_feedback,1,13,
543,experimental_left_feedback,1,9,
543,experimental_left_feedback,1,16,
543,experimental_left_feedback,0,7,
543,experimental_left_feedback,1,3,
543,experimental_left_feedback,0,12,
543,experimental_left_feedback,0,20,
543,experimental_left_feedback,0,14,
543,experimental_left_feedback,1,10,
543,experimental_left_feedback,0,11,
543,experimental_left_feedback,1,21,
543,experimental_left_feedback,0,22,
543,experimental_left_feedback,1,18,
543,experimental_left_feedback,0,5,
543,experimental_left_feedback,0,4,
543,experimental_left_feedback,1,6,
543,experimental_left_feedback,1,19,
543,experimental_left_feedback,0,8,
543,experimental_left_feedback,0,15,
543,experimental_left_feedback,0,17,
566,experimental_left_feedback,0,1,
566,experimental_left_feedback,0,2,
566,experimental_left_feedback,0,12,
566,experimental_left_feedback,1,13,
566,experimental_left_feedback,1,15,
566,experimental_left_feedback,1,3,
566,experimental_left_feedback,0,5,
566,experimental_left_feedback,1,22,
566,experimental_left_feedback,1,6,
566,experimental_left_feedback,1,18,
566,experimental_left_feedback,0,10,
566,experimental_left_feedback,1,7,
566,experimental_left_feedback,0,17,
566,experimental_left_feedback,1,21,
566,experimental_left_feedback,1,11,
566,experimental_left_feedback,0,4,
566,experimental_left_feedback,0,8,
566,experimental_left_feedback,1,20,
566,experimental_left_feedback,1,19,
566,experimental_left_feedback,1,16,
566,experimental_left_feedback,1,9,
566,experimental_left_feedback,0,14,
489,experimental_left_feedback,0,1,
489,experimental_left_feedback,0,2,
489,experimental_left_feedback,1,17,
489,experimental_left_feedback,1,21,
489,experimental_left_feedback,0,16,
489,experimental_left_feedback,1,15,
489,experimental_left_feedback,0,19,
489,experimental_left_feedback,1,11,
489,experimental_left_feedback,0,10,
489,experimental_left_feedback,0,9,
489,experimental_left_feedback,0,8,
489,experimental_left_feedback,1,3,
489,experimental_left_feedback,1,20,
489,experimental_left_feedback,0,14,
489,experimental_left_feedback,0,4,
489,experimental_left_feedback,1,22,
489,experimental_left_feedback,0,5,
489,experimental_left_feedback,1,6,
489,experimental_left_feedback,1,7,
489,experimental_left_feedback,1,13,
489,experimental_left_feedback,1,18,
489,experimental_left_feedback,1,12,
523,experimental_left_feedback,0,1,
523,experimental_left_feedback,0,2,
523,experimental_left_feedback,1,22,
523,experimental_left_feedback,1,12,
523,experimental_left_feedback,1,19,
523,experimental_left_feedback,1,21,
523,experimental_left_feedback,1,5,
523,experimental_left_feedback,1,20,
523,experimental_left_feedback,0,15,
523,experimental_left_feedback,1,7,
523,experimental_left_feedback,0,10,
523,experimental_left_feedback,1,17,
523,experimental_left_feedback,1,14,
523,experimental_left_feedback,1,18,
523,experimental_left_feedback,0,11,
523,experimental_left_feedback,0,6,
523,experimental_left_feedback,0,9,
523,experimental_left_feedback,0,3,
523,experimental_left_feedback,0,4,
523,experimental_left_feedback,1,16,
523,experimental_left_feedback,1,13,
523,experimental_left_feedback,0,8,
539,experimental_left_feedback,1,1,
539,experimental_left_feedback,1,2,
539,experimental_left_feedback,1,13,
539,experimental_left_feedback,1,14,
539,experimental_left_feedback,1,6,
539,experimental_left_feedback,1,20,
539,experimental_left_feedback,0,19,
539,experimental_left_feedback,1,3,
539,experimental_left_feedback,0,22,
539,experimental_left_feedback,0,16,
539,experimental_left_feedback,1,4,
539,experimental_left_feedback,1,21,
539,experimental_left_feedback,1,18,
539,experimental_left_feedback,0,5,
539,experimental_left_feedback,0,8,
539,experimental_left_feedback,1,7,
539,experimental_left_feedback,1,12,
539,experimental_left_feedback,0,10,
539,experimental_left_feedback,0,9,
539,experimental_left_feedback,1,17,
539,experimental_left_feedback,1,15,
539,experimental_left_feedback,0,11,
473,experimental_left_feedback,1,1,
473,experimental_left_feedback,0,2,
473,experimental_left_feedback,0,21,
473,experimental_left_feedback,1,5,
473,experimental_left_feedback,1,3,
473,experimental_left_feedback,1,16,
473,experimental_left_feedback,1,13,
473,experimental_left_feedback,0,11,
473,experimental_left_feedback,1,18,
473,experimental_left_feedback,0,17,
473,experimental_left_feedback,1,14,
473,experimental_left_feedback,1,9,
473,experimental_left_feedback,1,15,
473,experimental_left_feedback,1,22,
473,experimental_left_feedback,0,8,
473,experimental_left_feedback,0,19,
473,experimental_left_feedback,1,10,
473,experimental_left_feedback,1,4,
473,experimental_left_feedback,1,20,
473,experimental_left_feedback,0,7,
473,experimental_left_feedback,1,12,
473,experimental_left_feedback,0,6,
528,experimental_left_feedback,1,1,
528,experimental_left_feedback,0,2,
528,experimental_left_feedback,1,11,
528,experimental_left_feedback,1,12,
528,experimental_left_feedback,1,14,
528,experimental_left_feedback,1,16,
528,experimental_left_feedback,1,13,
528,experimental_left_feedback,0,4,
528,experimental_left_feedback,0,15,
528,experimental_left_feedback,0,7,
528,experimental_left_feedback,0,17,
528,experimental_left_feedback,1,9,
528,experimental_left_feedback,1,6,
528,experimental_left_feedback,0,5,
528,experimental_left_feedback,0,8,
528,experimental_left_feedback,1,18,
528,experimental_left_feedback,1,20,
528,experimental_left_feedback,1,3,
528,experimental_left_feedback,0,21,
528,experimental_left_feedback,1,19,
528,experimental_left_feedback,0,10,
528,experimental_left_feedback,0,22,
545,experimental_left_feedback,1,1,
545,experimental_left_feedback,0,2,
545,experimental_left_feedback,1,18,
545,experimental_left_feedback,0,5,
545,experimental_left_feedback,1,10,
545,experimental_left_feedback,0,19,
545,experimental_left_feedback,1,20,
545,experimental_left_feedback,0,13,
545,experimental_left_feedback,0,14,
545,experimental_left_feedback,1,22,
545,experimental_left_feedback,1,7,
545,experimental_left_feedback,1,9,
545,experimental_left_feedback,1,15,
545,experimental_left_feedback,0,17,
545,experimental_left_feedback,1,11,
545,experimental_left_feedback,1,16,
545,experimental_left_feedback,0,8,
545,experimental_left_feedback,0,4,
545,experimental_left_feedback,1,21,
545,experimental_left_feedback,1,6,
545,experimental_left_feedback,1,3,
545,experimental_left_feedback,1,12,
498,experimental_left_feedback,0,1,
498,experimental_left_feedback,0,2,
498,experimental_left_feedback,1,7,
498,experimental_left_feedback,1,22,
498,experimental_left_feedback,1,3,
498,experimental_left_feedback,0,10,
498,experimental_left_feedback,0,5,
498,experimental_left_feedback,0,16,
498,experimental_left_feedback,0,4,
498,experimental_left_feedback,1,12,
498,experimental_left_feedback,1,15,
498,experimental_left_feedback,1,6,
498,experimental_left_feedback,1,19,
498,experimental_left_feedback,1,13,
498,experimental_left_feedback,1,21,
498,experimental_left_feedback,1,11,
498,experimental_left_feedback,0,17,
498,experimental_left_feedback,1,18,
498,experimental_left_feedback,1,20,
498,experimental_left_feedback,1,9,
498,experimental_left_feedback,0,8,
498,experimental_left_feedback,1,14,
537,experimental_left_feedback,1,1,
537,experimental_left_feedback,0,2,
537,experimental_left_feedback,1,12,
537,experimental_left_feedback,0,10,
537,experimental_left_feedback,1,19,
537,experimental_left_feedback,1,13,
537,experimental_left_feedback,0,15,
537,experimental_left_feedback,0,18,
537,experimental_left_feedback,1,21,
537,experimental_left_feedback,0,7,
537,experimental_left_feedback,1,11,
537,experimental_left_feedback,0,8,
537,experimental_left_feedback,1,20,
537,experimental_left_feedback,1,5,
537,experimental_left_feedback,0,4,
537,experimental_left_feedback,1,3,
537,experimental_left_feedback,1,9,
537,experimental_left_feedback,1,14,
537,experimental_left_feedback,1,17,
537,experimental_left_feedback,1,22,
537,experimental_left_feedback,1,16,
537,experimental_left_feedback,0,6,
508,experimental_left_feedback,0,1,
508,experimental_left_feedback,0,2,
508,experimental_left_feedback,0,4,
508,experimental_left_feedback,1,6,
508,experimental_left_feedback,1,19,
508,experimental_left_feedback,1,22,
508,experimental_left_feedback,1,12,
508,experimental_left_feedback,1,5,
508,experimental_left_feedback,1,13,
508,experimental_left_feedback,1,20,
508,experimental_left_feedback,1,7,
508,experimental_left_feedback,1,15,
508,experimental_left_feedback,1,9,
508,experimental_left_feedback,0,14,
508,experimental_left_feedback,0,8,
508,experimental_left_feedback,1,21,
508,experimental_left_feedback,1,11,
508,experimental_left_feedback,1,3,
508,experimental_left_feedback,1,18,
508,experimental_left_feedback,0,16,
508,experimental_left_feedback,0,10,
508,experimental_left_feedback,1,17,
